id,time,date_precision,latitude,longitude,loc_precision,place,cause,deaths,tier,notes
hanze-2000,1946-10-11T12:00:00Z,day,41.15,20.17,country,Albania (AL011;AL012;AL013;AL015;AL021;AL022;AL031;AL033;AL034;AL035),river flood — Heavy rainfall,15,hanze,HANZE v3.0.1b id 2000; end 1946-11-15; persons affected n/a
hanze-2001,1953-12-12T12:00:00Z,day,41.15,20.17,country,Albania (AL014;AL015),flash flood — Extreme rainfall,5,hanze,HANZE v3.0.1b id 2001; end 1953-12-12; persons affected n/a
hanze-2002,1960-11-07T12:00:00Z,day,41.15,20.17,country,Albania (AL022;AL032;AL035),flash flood — Extreme rainfall,4,hanze,HANZE v3.0.1b id 2002; end 1960-11-07; persons affected n/a
hanze-2003,1962-11-15T12:00:00Z,day,41.15,20.17,country,Albania (AL011;AL012;AL013;AL014;AL015;AL021;AL022;AL031;AL032;AL033;),river flood — Heavy rainfall,9,hanze,HANZE v3.0.1b id 2003; end 1962-11-16; persons affected n/a
hanze-2532,1968-12-17T12:00:00Z,day,41.15,20.17,country,Albania (AL015),flash flood — Extreme rainfall,0,hanze,HANZE v3.0.1b id 2532; end 1968-12-17; persons affected n/a
hanze-2004,1970-12-01T12:00:00Z,day,41.15,20.17,country,Albania (AL012;AL015;AL021;AL022;AL031;AL032;AL034;AL035),river flood — Heavy rainfall,0,hanze,HANZE v3.0.1b id 2004; end 1971-01-01; persons affected n/a
hanze-2005,1972-09-16T12:00:00Z,day,41.15,20.17,country,Albania (AL013),flash flood — Extreme rainfall,2,hanze,HANZE v3.0.1b id 2005; end 1972-09-16; persons affected n/a
hanze-2006,1973-11-07T12:00:00Z,day,41.15,20.17,country,Albania (AL012;AL014;AL015),flash flood — Extreme rainfall,0,hanze,HANZE v3.0.1b id 2006; end 1973-11-08; persons affected n/a
hanze-2007,1976-06-08T12:00:00Z,day,41.15,20.17,country,Albania (AL021),flash flood — Extreme rainfall,3,hanze,HANZE v3.0.1b id 2007; end 1976-06-08; persons affected n/a
hanze-2008,1976-06-30T12:00:00Z,day,41.15,20.17,country,Albania (AL031),flash flood — Extreme rainfall,2,hanze,HANZE v3.0.1b id 2008; end 1976-06-30; persons affected n/a
hanze-2009,1976-10-31T12:00:00Z,day,41.15,20.17,country,Albania (AL012;AL013;AL014;AL022;AL035),flash flood — Extreme rainfall,1,hanze,HANZE v3.0.1b id 2009; end 1976-10-31; persons affected 2040
hanze-2010,1976-12-04T12:00:00Z,day,41.15,20.17,country,Albania (AL013;AL015;AL033;AL035),flash flood — Extreme rainfall,2,hanze,HANZE v3.0.1b id 2010; end 1976-12-05; persons affected n/a
hanze-2584,1978-03-21T12:00:00Z,day,41.15,20.17,country,Albania (AL012;AL014;AL022),river flood — Heavy rainfall,0,hanze,HANZE v3.0.1b id 2584; end 1978-03-22; persons affected n/a
hanze-2585,1978-05-02T12:00:00Z,day,41.15,20.17,country,Albania (AL012;AL014;AL015;AL021;AL022),river flood — Heavy rainfall,0,hanze,HANZE v3.0.1b id 2585; end 1978-05-02; persons affected n/a
hanze-2011,1979-07-02T12:00:00Z,day,41.15,20.17,country,Albania (AL034),flash flood — Extreme rainfall,4,hanze,HANZE v3.0.1b id 2011; end 1979-07-02; persons affected n/a
hanze-2012,1979-11-17T12:00:00Z,day,41.15,20.17,country,Albania (AL012;AL014;AL015;AL022;AL032;AL033;AL035),river flood — Heavy rainfall,1,hanze,HANZE v3.0.1b id 2012; end 1979-11-20; persons affected 1300
hanze-2586,1979-01-25T12:00:00Z,day,41.15,20.17,country,Albania (AL012;AL014;AL015;AL021;AL022),river flood — Heavy rainfall,0,hanze,HANZE v3.0.1b id 2586; end 1979-02-04; persons affected n/a
hanze-2647,1980-05-20T12:00:00Z,day,41.15,20.17,country,Albania (AL032),river flood — Heavy rainfall,0,hanze,HANZE v3.0.1b id 2647; end 1980-05-20; persons affected n/a
hanze-2013,1981-10-24T12:00:00Z,day,41.15,20.17,country,Albania (AL012;AL021;AL022;AL031;AL032;AL033;AL035),river flood — Heavy rainfall,9,hanze,HANZE v3.0.1b id 2013; end 1981-10-24; persons affected 11000
hanze-2014,1985-11-19T12:00:00Z,day,41.15,20.17,country,Albania (AL012;AL022),river flood — Heavy rainfall,0,hanze,HANZE v3.0.1b id 2014; end 1985-11-22; persons affected 900
hanze-2648,1985-01-06T12:00:00Z,day,41.15,20.17,country,Albania (AL014;AL032),river flood — Heavy rainfall,0,hanze,HANZE v3.0.1b id 2648; end 1985-01-14; persons affected 760
hanze-2015,1992-11-17T12:00:00Z,day,41.15,20.17,country,Albania (AL011;AL012;AL013;AL014;AL015),river flood — Heavy rainfall (3 days),11,hanze,HANZE v3.0.1b id 2015; end 1992-11-19; persons affected 28000
hanze-2016,1994-07-07T12:00:00Z,day,41.15,20.17,country,Albania (AL013),flash flood — Extreme rainfall,5,hanze,HANZE v3.0.1b id 2016; end 1994-07-07; persons affected n/a
hanze-2699,1994-10-05T12:00:00Z,day,41.15,20.17,country,Albania (AL014),flash flood — Extreme rainfall,0,hanze,HANZE v3.0.1b id 2699; end 1994-10-05; persons affected 260
hanze-2017,1995-08-02T12:00:00Z,day,41.15,20.17,country,Albania (AL031),flash flood — Extreme rainfall,1,hanze,HANZE v3.0.1b id 2017; end 1995-08-02; persons affected n/a
hanze-2018,1995-08-26T12:00:00Z,day,41.15,20.17,country,Albania (AL012;AL014),flash flood — Extreme rainfall,5,hanze,HANZE v3.0.1b id 2018; end 1995-08-26; persons affected n/a
hanze-2019,1995-09-20T12:00:00Z,day,41.15,20.17,country,Albania (AL012;AL013;AL014;AL015;AL021;AL022;AL031),river flood — Heavy rainfall,3,hanze,HANZE v3.0.1b id 2019; end 1995-09-24; persons affected 1500
hanze-2020,1995-12-20T12:00:00Z,day,41.15,20.17,country,Albania (AL012;AL014;AL015),river flood — Heavy rainfall,0,hanze,HANZE v3.0.1b id 2020; end 1995-12-28; persons affected 2000
hanze-2021,1996-09-02T12:00:00Z,day,41.15,20.17,country,Albania (AL021),river flood — Heavy rainfall,1,hanze,HANZE v3.0.1b id 2021; end 1996-09-02; persons affected 160
hanze-2022,1996-11-19T12:00:00Z,day,41.15,20.17,country,Albania (AL014;AL015;AL021),river flood — Heavy rainfall,2,hanze,HANZE v3.0.1b id 2022; end 1996-11-26; persons affected n/a
hanze-2700,1996-01-16T12:00:00Z,day,41.15,20.17,country,Albania (AL014),flash flood — Extreme rainfall,0,hanze,HANZE v3.0.1b id 2700; end 1996-01-16; persons affected 2600
hanze-2701,1996-04-04T12:00:00Z,day,41.15,20.17,country,Albania (AL012;AL014;AL032),river flood — Heavy rainfall,0,hanze,HANZE v3.0.1b id 2701; end 1996-04-09; persons affected 3300
hanze-2702,1996-09-20T12:00:00Z,day,41.15,20.17,country,Albania (AL014),flash flood — Extreme rainfall,0,hanze,HANZE v3.0.1b id 2702; end 1996-09-20; persons affected 300
hanze-2023,1997-12-20T12:00:00Z,day,41.15,20.17,country,Albania (AL014),flash flood — Extreme rainfall,0,hanze,HANZE v3.0.1b id 2023; end 1997-12-23; persons affected 6000
hanze-2703,1998-02-02T12:00:00Z,day,41.15,20.17,country,Albania (AL014;AL032),river flood — Heavy rainfall,0,hanze,HANZE v3.0.1b id 2703; end 1998-02-06; persons affected n/a
hanze-2024,2000-11-08T12:00:00Z,day,41.15,20.17,country,Albania (AL012;AL021;AL032;AL035),river flood — Heavy rainfall,0,hanze,HANZE v3.0.1b id 2024; end 2000-11-10; persons affected 1320
hanze-2025,2001-05-05T12:00:00Z,day,41.15,20.17,country,Albania (AL014;AL021;AL022),river flood — Heavy rainfall,1,hanze,HANZE v3.0.1b id 2025; end 2001-05-07; persons affected 660
hanze-2026,2002-09-17T12:00:00Z,day,41.15,20.17,country,Albania (AL011;AL014;AL015;AL022;AL031;AL033;AL034;AL035),river flood — Heavy rainfall,1,hanze,HANZE v3.0.1b id 2026; end 2002-10-08; persons affected 38800
hanze-2754,2003-10-06T12:00:00Z,day,41.15,20.17,country,Albania (AL014;AL015),flash flood — Extreme rainfall,0,hanze,HANZE v3.0.1b id 2754; end 2003-10-06; persons affected 1180
hanze-2027,2004-12-04T12:00:00Z,day,41.15,20.17,country,Albania (AL015),river flood — Heavy rainfall up to 147 mm in 24 h,0,hanze,HANZE v3.0.1b id 2027; end 2004-12-08; persons affected 2000
hanze-2755,2004-01-28T12:00:00Z,day,41.15,20.17,country,Albania (AL011;AL014;AL022;AL032;AL035),river flood — Heavy rainfall,0,hanze,HANZE v3.0.1b id 2755; end 2004-01-31; persons affected 225
hanze-2756,2004-02-26T12:00:00Z,day,41.15,20.17,country,Albania (AL011;AL014;AL015),river flood — Heavy rainfall,0,hanze,HANZE v3.0.1b id 2756; end 2004-03-06; persons affected 430
hanze-2028,2005-11-30T12:00:00Z,day,41.15,20.17,country,Albania (AL012;AL014;AL021;AL031;AL032;AL033;AL035),river flood — Heavy rainfall,0,hanze,HANZE v3.0.1b id 2028; end 2005-12-03; persons affected 4700
hanze-2757,2005-12-28T12:00:00Z,day,41.15,20.17,country,Albania (AL022;AL031;AL033;AL035),river flood — Heavy rainfall,0,hanze,HANZE v3.0.1b id 2757; end 2005-12-30; persons affected 750
hanze-2029,2009-11-06T12:00:00Z,day,41.15,20.17,country,Albania (AL014;AL021),river flood — Heavy rainfall,2,hanze,HANZE v3.0.1b id 2029; end 2009-11-11; persons affected n/a
hanze-2030,2009-12-20T12:00:00Z,day,41.15,20.17,country,Albania (AL014;AL015;AL035),compound river/coastal flood — Heavy rainfall and storm surge,0,hanze,HANZE v3.0.1b id 2030; end 2010-01-08; persons affected 12000
hanze-2031,2010-11-22T12:00:00Z,day,41.15,20.17,country,Albania (AL012;AL014;AL015;AL022;AL032),river flood — Heavy rainfall (1 week),0,hanze,HANZE v3.0.1b id 2031; end 2010-12-05; persons affected 24700
hanze-2758,2010-02-24T12:00:00Z,day,41.15,20.17,country,Albania (AL011;AL015;AL034),flash flood — Extreme rainfall,0,hanze,HANZE v3.0.1b id 2758; end 2010-02-25; persons affected 660
hanze-2759,2010-11-09T12:00:00Z,day,41.15,20.17,country,Albania (AL012;AL015;AL032),river flood — Heavy rainfall,0,hanze,HANZE v3.0.1b id 2759; end 2010-11-11; persons affected 1220
hanze-3000,2010-04-19T12:00:00Z,day,41.15,20.17,country,Albania (AL013;AL014;AL015),flash flood — Extreme rainfall,0,hanze,HANZE v3.0.1b id 3000; end 2010-04-20; persons affected 144
hanze-2032,2012-12-18T12:00:00Z,day,41.15,20.17,country,Albania (AL012),flash flood — Extreme rainfall,0,hanze,HANZE v3.0.1b id 2032; end 2012-12-18; persons affected 270
hanze-2033,2013-03-14T12:00:00Z,day,41.15,20.17,country,Albania (AL012;AL014;AL015;AL032;AL035),river flood — Heavy rainfall,0,hanze,HANZE v3.0.1b id 2033; end 2013-04-04; persons affected 2900
hanze-2034,2014-11-18T12:00:00Z,day,41.15,20.17,country,Albania (AL014;AL015;AL022;AL032),flash flood — Extreme rainfall up to 70 mm in 24 h,3,hanze,HANZE v3.0.1b id 2034; end 2014-11-19; persons affected 11000
hanze-2035,2015-01-31T12:00:00Z,day,41.15,20.17,country,Albania (AL021;AL031;AL032;AL033;AL034;AL035),river flood — Heavy rainfall and snowfall,1,hanze,HANZE v3.0.1b id 2035; end 2015-02-23; persons affected 8000
hanze-2036,2015-10-11T12:00:00Z,day,41.15,20.17,country,Albania (AL022;AL032;AL034;AL035),flash flood — Extreme rainfall,1,hanze,HANZE v3.0.1b id 2036; end 2015-10-12; persons affected 490
hanze-2037,2015-11-21T12:00:00Z,day,41.15,20.17,country,Albania (AL011;AL012;AL013;AL015;AL022;AL033),river flood — Heavy rainfall up to 90 mm in 24 h,1,hanze,HANZE v3.0.1b id 2037; end 2015-11-27; persons affected 300
hanze-2038,2016-01-06T12:00:00Z,day,41.15,20.17,country,Albania (AL011;AL012;AL014;AL022;AL032),flash flood — Extreme rainfall up to 198 mm in 24 h,0,hanze,HANZE v3.0.1b id 2038; end 2016-01-07; persons affected 2000
hanze-2039,2016-10-10T12:00:00Z,day,41.15,20.17,country,Albania (AL014),flash flood — Extreme rainfall up to 53 mm in 24 h,1,hanze,HANZE v3.0.1b id 2039; end 2016-10-11; persons affected n/a
hanze-2040,2016-11-07T12:00:00Z,day,41.15,20.17,country,Albania (AL011;AL012;AL014;AL021;AL022;AL031;AL033),river flood — Heavy rainfall up to 108 mm in 24 h,2,hanze,HANZE v3.0.1b id 2040; end 2016-11-10; persons affected 4800
hanze-2041,2017-11-30T12:00:00Z,day,41.15,20.17,country,Albania (AL012;AL014;AL015;AL022;AL032;AL033;AL035),river flood — Heavy rainfall up to 250 mm in 7 days,1,hanze,HANZE v3.0.1b id 2041; end 2017-12-04; persons affected 13360
hanze-2042,2018-03-07T12:00:00Z,day,41.15,20.17,country,Albania (AL015),river flood — Heavy rainfall and snowmelt,0,hanze,HANZE v3.0.1b id 2042; end 2018-03-14; persons affected 1340
hanze-2043,2019-09-23T12:00:00Z,day,41.15,20.17,country,Albania (AL014),flash flood — Extreme rainfall,0,hanze,HANZE v3.0.1b id 2043; end 2019-09-23; persons affected 248
hanze-3002,2021-01-08T12:00:00Z,day,41.15,20.17,country,Albania (AL012;AL014;AL015;AL022;AL032),river flood — Heavy rainfall,0,hanze,HANZE v3.0.1b id 3002; end 2021-02-15; persons affected 296
hanze-3003,2022-09-17T12:00:00Z,day,41.15,20.17,country,Albania (AL012;AL014;AL015),river flood — Heavy rainfall,0,hanze,HANZE v3.0.1b id 3003; end 2022-09-20; persons affected 2820
hanze-3004,2023-01-17T12:00:00Z,day,41.15,20.17,country,Albania (AL014;AL015),river flood — Heavy rainfall,0,hanze,HANZE v3.0.1b id 3004; end 2023-01-22; persons affected n/a
hanze-3171,2025-11-18T12:00:00Z,day,41.15,20.17,country,Albania (AL012;AL014;AL031;AL034;AL035),river flood — Heavy rainfall,1,hanze,HANZE v3.0.1b id 3171; end 2025-11-22; persons affected 800
hanze-1,1982-11-06T12:00:00Z,day,42.55,1.6,country,Andorra (AD000),flash flood — Extreme rainfall up to over 200 mm in 24 h,13,hanze,HANZE v3.0.1b id 1; end 1982-11-08; persons affected n/a
hanze-2044,1882-09-16T12:00:00Z,day,47.6,14.14,country,Austria (AT212;AT333;ITH10;ITH20),river flood — Heavy rainfall and snowmelt,,hanze,HANZE v3.0.1b id 2044; end 1882-10-29; persons affected n/a
hanze-2,1897-07-31T12:00:00Z,day,47.6,14.14,country,Austria (AT126;AT130;AT315),river flood — Heavy rainfall,,hanze,HANZE v3.0.1b id 2; end 1897-08-04; persons affected 200000
hanze-2045,1898-06-01T12:00:00Z,day,47.6,14.14,country,Austria (AT130),river flood — Heavy rainfall,1,hanze,HANZE v3.0.1b id 2045; end 1898-06-01; persons affected n/a
hanze-3,1899-09-12T12:00:00Z,day,47.6,14.14,country,Austria (AT121;AT123;AT126;AT130;AT315;AT323),river flood — Heavy rainfall up to 329 mm in 48 h,,hanze,HANZE v3.0.1b id 3; end 1899-09-17; persons affected 200000
hanze-4,1907-07-17T12:00:00Z,day,47.6,14.14,country,Austria (AT130),river flood — Heavy rainfall,0,hanze,HANZE v3.0.1b id 4; end 1907-07-17; persons affected 264
hanze-2046,1910-06-14T12:00:00Z,day,47.6,14.14,country,Austria (AT341),river flood — Heavy rainfall up to 220 mm in 48 h and snowmelt,0,hanze,HANZE v3.0.1b id 2046; end 1910-06-15; persons affected 460
hanze-2047,1954-07-09T12:00:00Z,day,47.6,14.14,country,Austria (AT121;AT123;AT126;AT130;AT312;AT313),river flood — Heavy rainfall up to 432 mm in 5 days,1,hanze,HANZE v3.0.1b id 2047; end 1954-07-21; persons affected 18800
hanze-5,1958-08-12T12:00:00Z,day,47.6,14.14,country,Austria (AT223),flash flood — Extreme rainfall up to 500 mm in 8 h,11,hanze,HANZE v3.0.1b id 5; end 1958-08-13; persons affected n/a
hanze-6,1965-09-01T12:00:00Z,day,47.6,14.14,country,Austria (AT211;AT212;AT333),river flood — Heavy rainfall up to 181 mm in 48 h and snowmelt,2,hanze,HANZE v3.0.1b id 6; end 1965-09-04; persons affected n/a
hanze-7,1966-08-18T12:00:00Z,day,47.6,14.14,country,Austria (AT211;AT212;AT333),river flood — Heavy rainfall up to 200 mm in 24 h,6,hanze,HANZE v3.0.1b id 7; end 1966-08-23; persons affected n/a
hanze-2048,1966-11-03T12:00:00Z,day,47.6,14.14,country,Austria (AT211;AT212;AT213;AT333),river flood — Heavy rainfall up to 258 mm in 24 h and snowmelt,14,hanze,HANZE v3.0.1b id 2048; end 1966-11-05; persons affected n/a
hanze-6009,1975-06-30T12:00:00Z,day,47.6,14.14,country,Austria (AT121;AT123;AT126;AT312;AT313;AT221),river flood — Heavy rainfall,4,hanze,HANZE v3.0.1b id 6009; end 1975-07-05; persons affected n/a
hanze-2916,1977-07-30T12:00:00Z,day,47.6,14.14,country,Austria (AT322;AT323;AT335),river flood — Heavy rainfall,1,hanze,HANZE v3.0.1b id 2916; end 1977-08-01; persons affected n/a
hanze-2927,1982-05-18T12:00:00Z,day,47.6,14.14,country,Austria (AT342),river flood — Snowmelt,1,hanze,HANZE v3.0.1b id 2927; end 1982-05-18; persons affected n/a
hanze-2928,1983-09-11T12:00:00Z,day,47.6,14.14,country,Austria (AT211;AT212),flash flood — Extreme rainfall,4,hanze,HANZE v3.0.1b id 2928; end 1983-09-11; persons affected n/a
hanze-2934,1983-07-04T12:00:00Z,day,47.6,14.14,country,Austria (AT332),flash flood — Extreme rainfall,0,hanze,HANZE v3.0.1b id 2934; end 1983-07-04; persons affected 200
hanze-8,1985-08-05T12:00:00Z,day,47.6,14.14,country,Austria (AT121;AT311;AT322;AT332;AT335),river flood — Heavy rainfall up to 80 mm in 24 h and snowmelt,12,hanze,HANZE v3.0.1b id 8; end 1985-08-08; persons affected n/a
hanze-9,1987-08-24T12:00:00Z,day,47.6,14.14,country,Austria (AT334),river flood — Heavy rainfall up to 100 mm in 72 h and snowmelt,13,hanze,HANZE v3.0.1b id 9; end 1987-08-28; persons affected n/a
hanze-10,1991-08-02T12:00:00Z,day,47.6,14.14,country,Austria (AT121;AT126;AT311;AT312;AT323),river flood — Heavy rainfall,6,hanze,HANZE v3.0.1b id 10; end 1991-08-06; persons affected n/a
hanze-11,1994-07-18T12:00:00Z,day,47.6,14.14,country,Austria (AT126),flash flood — Extreme rainfall up to 45 mm in 3 h,1,hanze,HANZE v3.0.1b id 11; end 1994-07-22; persons affected n/a
hanze-12,1995-06-27T12:00:00Z,day,47.6,14.14,country,Austria (AT323),flash flood — Extreme rainfall,2,hanze,HANZE v3.0.1b id 12; end 1995-06-27; persons affected n/a
hanze-13,1996-06-09T12:00:00Z,day,47.6,14.14,country,Austria (AT311),flash flood — Extreme rainfall,0,hanze,HANZE v3.0.1b id 13; end 1996-06-11; persons affected n/a
hanze-14,1997-07-04T12:00:00Z,day,47.6,14.14,country,Austria (AT122;AT123;AT127;AT311;AT314;AT315),river flood — Heavy rainfall,2,hanze,HANZE v3.0.1b id 14; end 1997-07-08; persons affected n/a
hanze-15,1997-07-18T12:00:00Z,day,47.6,14.14,country,Austria (AT311),river flood — Heavy rainfall,1,hanze,HANZE v3.0.1b id 15; end 1997-07-22; persons affected n/a
hanze-16,1999-05-22T12:00:00Z,day,47.6,14.14,country,Austria (AT331;AT342),river flood — Snowmelt and rainfall,3,hanze,HANZE v3.0.1b id 16; end 1999-05-29; persons affected n/a
hanze-17,2002-03-21T12:00:00Z,day,47.6,14.14,country,Austria (AT121;AT311;AT312;AT313),river flood — Heavy rainfall up to 104 mm in 24 h,1,hanze,HANZE v3.0.1b id 17; end 2002-04-05; persons affected n/a
hanze-18,2002-08-12T12:00:00Z,day,47.6,14.14,country,Austria (AT121;AT124;AT312;AT313;AT314;AT323),river flood — Heavy rainfall (2 waves); daily precipitation up to 160 mm,9,hanze,HANZE v3.0.1b id 18; end 2002-08-20; persons affected 60000
hanze-19,2005-07-10T12:00:00Z,day,47.6,14.14,country,Austria (AT322;AT323),river flood — Heavy rainfall,0,hanze,HANZE v3.0.1b id 19; end 2005-07-13; persons affected 900
hanze-20,2005-08-21T12:00:00Z,day,47.6,14.14,country,Austria (AT225;AT322;AT323;AT331;AT332;AT334;AT335;AT341;AT342),river flood — Heavy rainfall up to 286 mm in 2 days,4,hanze,HANZE v3.0.1b id 20; end 2005-08-26; persons affected n/a
hanze-21,2006-03-28T12:00:00Z,day,47.6,14.14,country,Austria (AT124;AT125;AT126),river flood — Heavy rainfall and snowmelt,0,hanze,HANZE v3.0.1b id 21; end 2006-03-28; persons affected 1840
hanze-6005,2007-09-05T12:00:00Z,day,47.6,14.14,country,Austria (AT121),river flood — Heavy rainfall,0,hanze,HANZE v3.0.1b id 6005; end 2007-09-07; persons affected 480
hanze-6008,2008-07-20T12:00:00Z,day,47.6,14.14,country,Austria (AT223),flash flood — Extreme rainfall,0,hanze,HANZE v3.0.1b id 6008; end 2008-07-21; persons affected 750
hanze-22,2009-06-22T12:00:00Z,day,47.6,14.14,country,Austria (AT113;AT121;AT127;AT224),river flood — Heavy rainfall up to 207 mm in 2 days,1,hanze,HANZE v3.0.1b id 22; end 2009-06-29; persons affected n/a
hanze-2909,2012-11-05T12:00:00Z,day,47.6,14.14,country,Austria (AT213),river flood — Heavy rainfall,0,hanze,HANZE v3.0.1b id 2909; end 2012-11-05; persons affected 194
hanze-24,2013-06-02T12:00:00Z,day,47.6,14.14,country,Austria (AT222;AT312;AT313;AT314;AT322;AT323;AT332;AT335;AT342),river flood — Heavy rainfall up to 270 mm in 6 days,4,hanze,HANZE v3.0.1b id 24; end 2013-06-03; persons affected n/a
hanze-2894,2016-05-31T12:00:00Z,day,47.6,14.14,country,Austria (AT311),flash flood — Extreme rainfall up to 140 mm in 24 h,0,hanze,HANZE v3.0.1b id 2894; end 2016-06-01; persons affected n/a
hanze-6032,2017-08-05T12:00:00Z,day,47.6,14.14,country,Austria (AT321;AT322),flash flood — Extreme rainfall,0,hanze,HANZE v3.0.1b id 6032; end 2017-08-06; persons affected n/a
hanze-2895,2018-05-13T12:00:00Z,day,47.6,14.14,country,Austria (AT224;AT225),river flood — Heavy rainfall up to 100 mm,0,hanze,HANZE v3.0.1b id 2895; end 2018-05-14; persons affected n/a
hanze-2910,2018-10-28T12:00:00Z,day,47.6,14.14,country,Austria (AT212;AT321),river flood — Heavy rainfall,0,hanze,HANZE v3.0.1b id 2910; end 2018-10-30; persons affected 320
hanze-3005,2021-07-17T12:00:00Z,day,47.6,14.14,country,Austria (AT121;AT124;AT322;AT323),river flood — Heavy rainfall up to 150 mm in 36 h,0,hanze,HANZE v3.0.1b id 3005; end 2021-07-19; persons affected n/a
hanze-3006,2022-06-28T12:00:00Z,day,47.6,14.14,country,Austria (AT211),flash flood — Extreme rainfall up to 117 mm in 4 h,1,hanze,HANZE v3.0.1b id 3006; end 2022-06-29; persons affected n/a
hanze-3007,2022-08-19T12:00:00Z,day,47.6,14.14,country,Austria (AT342),flash flood — Extreme rainfall up to 212 mm in 24 h; Genoa low,0,hanze,HANZE v3.0.1b id 3007; end 2022-08-20; persons affected 240
hanze-3008,2023-08-03T12:00:00Z,day,47.6,14.14,country,Austria (AT211;AT213;AT225),river flood — Heavy rainfall,1,hanze,HANZE v3.0.1b id 3008; end 2023-08-06; persons affected 2100
hanze-3009,2024-09-12T12:00:00Z,day,47.6,14.14,country,Austria (AT121;AT122;AT123;AT126;AT223),river flood — Heavy rainfall,5,hanze,HANZE v3.0.1b id 3009; end 2024-09-17; persons affected 8000
hanze-25,1906-03-12T12:00:00Z,day,50.64,4.65,country,Belgium (BE211;BE212;BE232),coastal flood — Storm surge due to northerly winds; force 8-9,3,hanze,HANZE v3.0.1b id 25; end 1906-03-12; persons affected 4000
hanze-26,1906-05-14T12:00:00Z,day,50.64,4.65,country,Belgium (BE242),flash flood — Extreme rainfall up to 200 mm in 5 h,6,hanze,HANZE v3.0.1b id 26; end 1906-05-14; persons affected n/a
hanze-27,1926-01-01T12:00:00Z,day,50.64,4.65,country,Belgium (BE223;BE332),river flood — Heavy rainfall throughout December 1925 (up to 328 mm); snowmelt,0,hanze,HANZE v3.0.1b id 27; end 1926-01-10; persons affected 140000
hanze-28,1928-11-25T12:00:00Z,day,50.64,4.65,country,Belgium (BE212;BE232),compound river/coastal flood — Heavy rainfall and storm surge,0,hanze,HANZE v3.0.1b id 28; end 1928-11-26; persons affected 10000
hanze-29,1952-07-08T12:00:00Z,day,50.64,4.65,country,Belgium (BE335),flash flood — Extreme rainfall up to 76 mm in 24 h,6,hanze,HANZE v3.0.1b id 29; end 1952-07-08; persons affected n/a
hanze-30,1953-01-31T12:00:00Z,day,50.64,4.65,country,Belgium (BE211;BE212;BE232;BE236;BE251;BE255),coastal flood — Storm surge up to 7.85 m,18,hanze,HANZE v3.0.1b id 30; end 1953-02-01; persons affected n/a
hanze-31,1956-05-29T12:00:00Z,day,50.64,4.65,country,Belgium (BE335),flash flood — Extreme rainfall,4,hanze,HANZE v3.0.1b id 31; end 1956-05-29; persons affected n/a
hanze-32,1971-08-26T12:00:00Z,day,50.64,4.65,country,Belgium (BE332),flash flood — Extreme rainfall up to 74 mm in 24 h,0,hanze,HANZE v3.0.1b id 32; end 1971-08-26; persons affected 600
hanze-33,1976-01-03T12:00:00Z,day,50.64,4.65,country,Belgium (BE211;BE212),compound river/coastal flood — Storm surge up to 7.31 m and heavy rainfall,0,hanze,HANZE v3.0.1b id 33; end 1976-01-03; persons affected 3600
hanze-2903,1985-01-26T12:00:00Z,day,50.64,4.65,country,Belgium (BE254),river flood — Snowmelt and ice jam,0,hanze,HANZE v3.0.1b id 2903; end 1985-01-26; persons affected 1208
hanze-34,1987-08-24T12:00:00Z,day,50.64,4.65,country,Belgium (BE32B),flash flood — Extreme rainfall up to 114 mm in 24 h,3,hanze,HANZE v3.0.1b id 34; end 1987-08-24; persons affected n/a
hanze-35,1993-12-20T12:00:00Z,day,50.64,4.65,country,Belgium (BE223;BE231;BE234;BE32D;BE331;BE332;BE343;BE345;BE351;BE352),river flood — Heavy rainfall; up to 437 mm,1,hanze,HANZE v3.0.1b id 35; end 1994-01-01; persons affected 2500
hanze-2765,1993-01-11T12:00:00Z,day,50.64,4.65,country,Belgium (BE345),river flood — Snowmelt,0,hanze,HANZE v3.0.1b id 2765; end 1993-01-13; persons affected 600
hanze-36,1994-07-31T12:00:00Z,day,50.64,4.65,country,Belgium (BE310;BE352),flash flood — Extreme rainfall up to 86 mm in 24 h,0,hanze,HANZE v3.0.1b id 36; end 1994-07-31; persons affected 150
hanze-37,1995-01-22T12:00:00Z,day,50.64,4.65,country,Belgium (BE225;BE331;BE332;BE351;BE352),river flood — Heavy rainfall and snowmelt; up to over 300 mm,5,hanze,HANZE v3.0.1b id 37; end 1995-01-31; persons affected 800
hanze-6020,1996-08-28T12:00:00Z,day,50.64,4.65,country,Belgium (BE235;BE241;BE242),river flood — Heavy rainfall up to 183 mm in 48 h,0,hanze,HANZE v3.0.1b id 6020; end 1996-08-29; persons affected n/a
hanze-38,1998-09-13T12:00:00Z,day,50.64,4.65,country,Belgium (BE211;BE212;BE213;BE223;BE224;BE242;BE332),flash flood — Extreme rainfall up to 143 mm in 12 h,1,hanze,HANZE v3.0.1b id 38; end 1998-09-14; persons affected 140
hanze-2896,2002-01-27T12:00:00Z,day,50.64,4.65,country,Belgium (BE211;BE323;BE332),river flood — Heavy rainfall,0,hanze,HANZE v3.0.1b id 2896; end 2002-01-27; persons affected 600
hanze-2897,2002-02-11T12:00:00Z,day,50.64,4.65,country,Belgium (BE332;BE351),river flood — Heavy rainfall,0,hanze,HANZE v3.0.1b id 2897; end 2002-02-13; persons affected 1200
hanze-2898,2002-08-26T12:00:00Z,day,50.64,4.65,country,Belgium (BE310;BE331;BE352),river flood — Heavy rainfall up to 101 mm in 24 h,0,hanze,HANZE v3.0.1b id 2898; end 2002-08-27; persons affected 600
hanze-6035,2002-12-24T12:00:00Z,day,50.64,4.65,country,Belgium (BE211;BE231;BE234;BE241;BE251;BE252;BE254;BE32A),river flood — Heavy rainfall,2,hanze,HANZE v3.0.1b id 6035; end 2003-01-08; persons affected n/a
hanze-39,2005-09-10T12:00:00Z,day,50.64,4.65,country,Belgium (BE32B;BE343),flash flood — Extreme rainfall up to 144 mm in 24 h,0,hanze,HANZE v3.0.1b id 39; end 2005-09-11; persons affected 210
hanze-6036,2008-05-28T12:00:00Z,day,50.64,4.65,country,Belgium (BE223;BE224;BE225;BE332),river flood — Heavy rainfall up to 91 mm in 24 h,0,hanze,HANZE v3.0.1b id 6036; end 2008-06-03; persons affected n/a
hanze-40,2010-11-11T12:00:00Z,day,50.64,4.65,country,Belgium (BE100;BE235;BE241;BE310;BE32C;BE32D),river flood — Heavy rainfall up to 62 mm in 24 h,4,hanze,HANZE v3.0.1b id 40; end 2010-11-15; persons affected 690
hanze-41,2016-06-02T12:00:00Z,day,50.64,4.65,country,Belgium (BE213;BE32D;BE335;BE343;BE353),river flood — Heavy rainfall up to 172 mm in 12 days,3,hanze,HANZE v3.0.1b id 41; end 2016-06-08; persons affected n/a
hanze-3015,2021-07-13T12:00:00Z,day,50.64,4.65,country,Belgium (BE223;BE225;BE32B;BE331;BE332;BE335;BE343;BE351),river flood — Heavy rainfall slightly below 300 mm in 48 h,39,hanze,HANZE v3.0.1b id 3015; end 2021-07-16; persons affected 100000
hanze-3016,2023-11-07T12:00:00Z,day,50.64,4.65,country,Belgium (BE252;BE253;BE258),river flood — Heavy rainfall,0,hanze,HANZE v3.0.1b id 3016; end 2023-11-15; persons affected 3000
hanze-2049,1965-05-09T12:00:00Z,day,44.0,17.8,country,Bosnia and Herzegovina (BA014;BA023),river flood — Heavy rainfall,0,hanze,HANZE v3.0.1b id 2049; end 1965-05-13; persons affected 24000
hanze-2588,1975-07-13T12:00:00Z,day,44.0,17.8,country,Bosnia and Herzegovina (BA013),flash flood — Extreme rainfall,2,hanze,HANZE v3.0.1b id 2588; end 1975-07-17; persons affected n/a
hanze-2943,1976-07-23T12:00:00Z,day,44.0,17.8,country,Bosnia and Herzegovina (BA014;BA023),river flood — Heavy rainfall,8,hanze,HANZE v3.0.1b id 2943; end 1976-07-25; persons affected n/a
hanze-2925,1979-11-15T12:00:00Z,day,44.0,17.8,country,Bosnia and Herzegovina (BA022;BA024),river flood — Heavy rainfall,0,hanze,HANZE v3.0.1b id 2925; end 1979-11-21; persons affected 800
hanze-2548,1987-05-07T12:00:00Z,day,44.0,17.8,country,Bosnia and Herzegovina (BA013;BA022),river flood — Heavy rainfall,0,hanze,HANZE v3.0.1b id 2548; end 1987-05-08; persons affected n/a
hanze-2050,1996-09-20T12:00:00Z,day,44.0,17.8,country,Bosnia and Herzegovina (BA011;BA012;BA023),river flood — Heavy rainfall,1,hanze,HANZE v3.0.1b id 2050; end 1996-09-24; persons affected n/a
hanze-2707,1999-12-16T12:00:00Z,day,44.0,17.8,country,Bosnia and Herzegovina (BA017),river flood — Heavy rainfall,0,hanze,HANZE v3.0.1b id 2707; end 1999-12-18; persons affected 640
hanze-2051,2001-06-20T12:00:00Z,day,44.0,17.8,country,Bosnia and Herzegovina (BA013;BA021;BA023;BA030),river flood — Heavy rainfall (3 days),0,hanze,HANZE v3.0.1b id 2051; end 2001-06-21; persons affected 9000
hanze-2052,2004-03-23T12:00:00Z,day,44.0,17.8,country,Bosnia and Herzegovina (BA016),river flood — Heavy rainfall,0,hanze,HANZE v3.0.1b id 2052; end 2004-04-03; persons affected 3000
hanze-2053,2004-04-12T12:00:00Z,day,44.0,17.8,country,Bosnia and Herzegovina (BA011;BA014;BA016;BA017;BA021;BA023;BA024;BA025),river flood — Heavy rainfall (8 days),0,hanze,HANZE v3.0.1b id 2053; end 2004-05-02; persons affected 20000
hanze-2054,2005-12-06T12:00:00Z,day,44.0,17.8,country,Bosnia and Herzegovina (BA011;BA025),river flood — Heavy rainfall,0,hanze,HANZE v3.0.1b id 2054; end 2005-12-09; persons affected 3100
hanze-2760,2005-06-26T12:00:00Z,day,44.0,17.8,country,Bosnia and Herzegovina (BA013;BA014;BA023),river flood — Heavy rainfall (2 waves),0,hanze,HANZE v3.0.1b id 2760; end 2005-07-03; persons affected 7000
hanze-2055,2009-02-01T12:00:00Z,day,44.0,17.8,country,Bosnia and Herzegovina (BA017;BA026),river flood — Heavy rainfall,0,hanze,HANZE v3.0.1b id 2055; end 2009-02-16; persons affected 2630
hanze-2056,2009-07-07T12:00:00Z,day,44.0,17.8,country,Bosnia and Herzegovina (BA014;BA023),river flood — Heavy rainfall,0,hanze,HANZE v3.0.1b id 2056; end 2009-07-15; persons affected 800
hanze-2057,2010-06-22T12:00:00Z,day,44.0,17.8,country,Bosnia and Herzegovina (BA011;BA012;BA013;BA014;BA015;BA017;BA019;BA022;BA024;BA026),river flood — Heavy rainfall,0,hanze,HANZE v3.0.1b id 2057; end 2010-06-30; persons affected 24000
hanze-2058,2010-12-01T12:00:00Z,day,44.0,17.8,country,Bosnia and Herzegovina (BA011;BA012;BA013;BA015;BA016;BA017;BA019;BA01A;BA022;BA024;),river flood — Heavy rainfall up to 200 mm in 3 days,3,hanze,HANZE v3.0.1b id 2058; end 2010-12-03; persons affected 20000
hanze-2059,2014-05-12T12:00:00Z,day,44.0,17.8,country,Bosnia and Herzegovina (BA011;BA012;BA013;BA014;BA015;BA019;BA021;BA022;BA023;BA025;),river flood — Heavy rainfall up to 252 mm in 6 days and snowmelt,25,hanze,HANZE v3.0.1b id 2059; end 2014-05-22; persons affected 172000
hanze-2060,2014-08-06T12:00:00Z,day,44.0,17.8,country,Bosnia and Herzegovina (BA013;BA014;BA021;BA022;BA024),flash flood — Extreme rainfall,1,hanze,HANZE v3.0.1b id 2060; end 2014-08-06; persons affected 800
hanze-2061,2019-05-12T12:00:00Z,day,44.0,17.8,country,Bosnia and Herzegovina (BA011;BA013;BA014),river flood — Heavy rainfall up to 84 mm in 24 h,1,hanze,HANZE v3.0.1b id 2061; end 2019-05-14; persons affected 600
hanze-2062,2019-06-01T12:00:00Z,day,44.0,17.8,country,Bosnia and Herzegovina (BA013),flash flood — Extreme rainfall,0,hanze,HANZE v3.0.1b id 2062; end 2019-06-02; persons affected 200
hanze-2063,2020-06-22T12:00:00Z,day,44.0,17.8,country,Bosnia and Herzegovina (BA013;BA022),flash flood — Extreme rainfall,0,hanze,HANZE v3.0.1b id 2063; end 2020-06-23; persons affected 3000
hanze-3010,2021-11-04T12:00:00Z,day,44.0,17.8,country,Bosnia and Herzegovina (BA017;BA019;BA024),flash flood — Extreme rainfall up to 114 mm in 24 h,0,hanze,HANZE v3.0.1b id 3010; end 2021-11-05; persons affected 2627
hanze-3011,2022-12-10T12:00:00Z,day,44.0,17.8,country,Bosnia and Herzegovina (BA011;BA025),river flood — Heavy rainfall up to 97 mm in 24 h,0,hanze,HANZE v3.0.1b id 3011; end 2022-12-12; persons affected 3000
hanze-3012,2023-05-14T12:00:00Z,day,44.0,17.8,country,Bosnia and Herzegovina (BA011;BA025),river flood — Heavy rainfall up to 44 mm in 24 h,0,hanze,HANZE v3.0.1b id 3012; end 2023-05-16; persons affected 3548
hanze-3013,2024-10-03T12:00:00Z,day,44.0,17.8,country,Bosnia and Herzegovina (BA016;BA017),flash flood — Extreme rainfall,27,hanze,HANZE v3.0.1b id 3013; end 2024-10-04; persons affected 4532
hanze-3014,2025-03-27T12:00:00Z,day,44.0,17.8,country,Bosnia and Herzegovina (BA011;BA014;BA023;BA025),river flood — Heavy rainfall,0,hanze,HANZE v3.0.1b id 3014; end 2025-03-29; persons affected 4000
hanze-2485,1897-07-01T12:00:00Z,day,42.77,25.22,country,Bulgaria (BG331),flash flood — Extreme rainfall,0,hanze,HANZE v3.0.1b id 2485; end 1897-07-01; persons affected 5400
hanze-2480,1939-06-28T12:00:00Z,day,42.77,25.22,country,Bulgaria (BG321),flash flood — Extreme rainfall,21,hanze,HANZE v3.0.1b id 2480; end 1939-06-28; persons affected n/a
hanze-2455,1942-03-04T12:00:00Z,day,42.77,25.22,country,Bulgaria (BG311),river flood — Ice jam,13,hanze,HANZE v3.0.1b id 2455; end 1942-03-05; persons affected 19000
hanze-2482,1947-07-02T12:00:00Z,day,42.77,25.22,country,Bulgaria (BG334),flash flood — Extreme rainfall,20,hanze,HANZE v3.0.1b id 2482; end 1947-07-02; persons affected n/a
hanze-2481,1949-08-19T12:00:00Z,day,42.77,25.22,country,Bulgaria (BG332),flash flood — Extreme rainfall,16,hanze,HANZE v3.0.1b id 2481; end 1949-08-19; persons affected n/a
hanze-2479,1951-08-23T12:00:00Z,day,42.77,25.22,country,Bulgaria (BG344),flash flood — Extreme rainfall,13,hanze,HANZE v3.0.1b id 2479; end 1951-08-24; persons affected n/a
hanze-2456,1954-07-02T12:00:00Z,day,42.77,25.22,country,Bulgaria (BG413),flash flood — Extreme rainfall,13,hanze,HANZE v3.0.1b id 2456; end 1954-07-02; persons affected 232
hanze-2534,1960-06-16T12:00:00Z,day,42.77,25.22,country,Bulgaria (BG325),flash flood — Extreme rainfall,2,hanze,HANZE v3.0.1b id 2534; end 1960-06-17; persons affected n/a
hanze-2533,1969-06-18T12:00:00Z,day,42.77,25.22,country,Bulgaria (BG315),river flood — Heavy rainfall,2,hanze,HANZE v3.0.1b id 2533; end 1969-06-23; persons affected n/a
hanze-2589,1970-07-01T12:00:00Z,day,42.77,25.22,country,Bulgaria (BG333),flash flood — Extreme rainfall,1,hanze,HANZE v3.0.1b id 2589; end 1970-07-01; persons affected n/a
hanze-2484,1979-08-21T12:00:00Z,day,42.77,25.22,country,Bulgaria (BG333),flash flood — Extreme rainfall,0,hanze,HANZE v3.0.1b id 2484; end 1979-08-21; persons affected 650
hanze-2483,1990-12-10T12:00:00Z,day,42.77,25.22,country,Bulgaria (BG425),river flood — Heavy rainfall up to 73 mm in 2 days,10,hanze,HANZE v3.0.1b id 2483; end 1990-12-12; persons affected n/a
hanze-2704,1991-07-06T12:00:00Z,day,42.77,25.22,country,Bulgaria (BG321;BG322),flash flood — Extreme rainfall up to 120 mm in 24 h,0,hanze,HANZE v3.0.1b id 2704; end 1991-07-07; persons affected n/a
hanze-42,1996-11-30T12:00:00Z,day,42.77,25.22,country,Bulgaria (BG321;BG421;BG424;BG425),river flood — Heavy rainfall,3,hanze,HANZE v3.0.1b id 42; end 1996-12-04; persons affected n/a
hanze-43,1997-12-14T12:00:00Z,day,42.77,25.22,country,Bulgaria (BG331;BG341;BG343;BG421),river flood — Snowmelt,1,hanze,HANZE v3.0.1b id 43; end 1998-02-16; persons affected 200
hanze-2486,1997-04-14T12:00:00Z,day,42.77,25.22,country,Bulgaria (BG332),flash flood — Extreme rainfall,0,hanze,HANZE v3.0.1b id 2486; end 1997-04-15; persons affected n/a
hanze-2705,1998-04-11T12:00:00Z,day,42.77,25.22,country,Bulgaria (BG415),flash flood — Extreme rainfall up to 145 mm,0,hanze,HANZE v3.0.1b id 2705; end 1998-04-12; persons affected n/a
hanze-2487,1999-09-02T12:00:00Z,day,42.77,25.22,country,Bulgaria (BG331;BG333;BG341),river flood — Heavy rainfall up to 200 mm,7,hanze,HANZE v3.0.1b id 2487; end 1999-09-05; persons affected 1450
hanze-2488,1999-09-06T12:00:00Z,day,42.77,25.22,country,Bulgaria (BG341),coastal flood — Storm surge,4,hanze,HANZE v3.0.1b id 2488; end 1999-09-06; persons affected 300
hanze-2706,1999-09-15T12:00:00Z,day,42.77,25.22,country,Bulgaria (BG334),flash flood — Extreme rainfall up to 145 mm,0,hanze,HANZE v3.0.1b id 2706; end 1999-09-15; persons affected 500
hanze-44,2002-05-30T12:00:00Z,day,42.77,25.22,country,Bulgaria (BG321),flash flood — Extreme rainfall,0,hanze,HANZE v3.0.1b id 44; end 2002-06-01; persons affected 400
hanze-45,2002-08-10T12:00:00Z,day,42.77,25.22,country,Bulgaria (BG314;BG315;BG321;BG322;BG324;BG333;BG343;BG423),river flood — Heavy rainfall,1,hanze,HANZE v3.0.1b id 45; end 2002-08-11; persons affected n/a
hanze-46,2005-05-26T12:00:00Z,day,42.77,25.22,country,Bulgaria (BG314;BG315;BG321;BG322;BG323;BG325;BG412;BG414;BG415),river flood — Heavy rainfall,6,hanze,HANZE v3.0.1b id 46; end 2005-06-13; persons affected n/a
hanze-47,2005-07-02T12:00:00Z,day,42.77,25.22,country,Bulgaria (BG313;BG315;BG321;BG323;BG325;BG333;BG334;BG341;BG344;BG422),river flood — Heavy rainfall; dam burst,17,hanze,HANZE v3.0.1b id 47; end 2005-07-06; persons affected n/a
hanze-48,2005-08-04T12:00:00Z,day,42.77,25.22,country,Bulgaria (BG313;BG314;BG411;BG412;BG421;BG423;BG424),river flood — Heavy rainfall,7,hanze,HANZE v3.0.1b id 48; end 2005-08-11; persons affected 12000
hanze-49,2005-09-14T12:00:00Z,day,42.77,25.22,country,Bulgaria (BG321;BG322;BG332;BG412),river flood — Heavy rainfall,2,hanze,HANZE v3.0.1b id 49; end 2005-10-04; persons affected 1040
hanze-2761,2006-04-10T12:00:00Z,day,42.77,25.22,country,Bulgaria (BG311;BG312;BG313;BG314;BG323;BG325),river flood — Heavy rainfall and snowmelt,0,hanze,HANZE v3.0.1b id 2761; end 2006-04-13; persons affected 4200
hanze-50,2007-05-22T12:00:00Z,day,42.77,25.22,country,Bulgaria (BG315;BG321;BG322;BG412;BG413;BG421;BG423),river flood — Heavy rainfall,2,hanze,HANZE v3.0.1b id 50; end 2007-06-06; persons affected 1000
hanze-51,2007-08-05T12:00:00Z,day,42.77,25.22,country,Bulgaria (BG312;BG323;BG324;BG423;BG425),river flood — Heavy rainfall,8,hanze,HANZE v3.0.1b id 51; end 2007-08-08; persons affected n/a
hanze-52,2007-11-16T12:00:00Z,day,42.77,25.22,country,Bulgaria (BG341;BG344;BG421),river flood — Heavy rainfall,2,hanze,HANZE v3.0.1b id 52; end 2007-11-21; persons affected n/a
hanze-53,2012-02-05T12:00:00Z,day,42.77,25.22,country,Bulgaria (BG422;BG425),river flood — Heavy rainfall and snowmelt,5,hanze,HANZE v3.0.1b id 53; end 2012-02-09; persons affected 1000
hanze-54,2014-06-19T12:00:00Z,day,42.77,25.22,country,Bulgaria (BG321;BG322;BG331;BG332;BG334),river flood — Heavy rainfall up to 155 mm in 24 h,15,hanze,HANZE v3.0.1b id 54; end 2014-06-25; persons affected 2000
hanze-55,2014-07-29T12:00:00Z,day,42.77,25.22,country,Bulgaria (BG312;BG313),river flood — Heavy rainfall,2,hanze,HANZE v3.0.1b id 55; end 2014-08-02; persons affected 7247
hanze-56,2014-09-05T12:00:00Z,day,42.77,25.22,country,Bulgaria (BG341),flash flood — Extreme rainfall,3,hanze,HANZE v3.0.1b id 56; end 2014-09-08; persons affected n/a
hanze-57,2015-02-01T12:00:00Z,day,42.77,25.22,country,Bulgaria (BG322;BG341;BG413;BG422;BG424),river flood — Heavy rainfall up to 87 mm in 24 h,5,hanze,HANZE v3.0.1b id 57; end 2015-02-04; persons affected n/a
hanze-2064,2017-10-24T12:00:00Z,day,42.77,25.22,country,Bulgaria (BG341),flash flood — Extreme rainfall,3,hanze,HANZE v3.0.1b id 2064; end 2017-10-25; persons affected n/a
hanze-2065,2018-06-27T12:00:00Z,day,42.77,25.22,country,Bulgaria (BG341;BG421;BG423;BG424),river flood — Heavy rainfall up to 58 mm in 24 h,0,hanze,HANZE v3.0.1b id 2065; end 2018-07-02; persons affected 600
hanze-3017,2021-06-26T12:00:00Z,day,42.77,25.22,country,Bulgaria (BG342),flash flood — Extreme rainfall up to 60 mm in 1 h,0,hanze,HANZE v3.0.1b id 3017; end 2021-06-26; persons affected 800
hanze-3018,2022-09-02T12:00:00Z,day,42.77,25.22,country,Bulgaria (BG421),flash flood — Extreme rainfall up to 84 mm in 1 h,2,hanze,HANZE v3.0.1b id 3018; end 2022-09-03; persons affected 1920
hanze-3019,2023-09-04T12:00:00Z,day,42.77,25.22,country,Bulgaria (BG341),river flood — Heavy rainfall up to 311 mm in 14 h,4,hanze,HANZE v3.0.1b id 3019; end 2023-09-06; persons affected n/a
hanze-3020,2025-04-26T12:00:00Z,day,42.77,25.22,country,Bulgaria (BG312;BG313),river flood — Heavy rainfall and hail,0,hanze,HANZE v3.0.1b id 3020; end 2025-04-28; persons affected 200
hanze-3172,2025-10-03T12:00:00Z,day,42.77,25.22,country,Bulgaria (BG341),flash flood — Extreme rainfall over 410 mm in 7 h,4,hanze,HANZE v3.0.1b id 3172; end 2025-10-04; persons affected 110
hanze-2474,1959-12-06T12:00:00Z,day,45.08,16.4,country,Croatia (HR037),river flood — Heavy rainfall,0,hanze,HANZE v3.0.1b id 2474; end 1959-12-14; persons affected 8000
hanze-58,1964-10-25T12:00:00Z,day,45.08,16.4,country,Croatia (HR050;HR065),river flood — Heavy rainfall,17,hanze,HANZE v3.0.1b id 58; end 1964-10-26; persons affected 40000
hanze-2535,1965-05-16T12:00:00Z,day,45.08,16.4,country,Croatia (HR022;HR025;HR026),river flood — Heavy rainfall (3 waves),0,hanze,HANZE v3.0.1b id 2535; end 1965-07-14; persons affected 35000
hanze-59,1966-12-01T12:00:00Z,day,45.08,16.4,country,Croatia (HR027;HR028),river flood — Heavy rainfall,0,hanze,HANZE v3.0.1b id 59; end 1966-12-15; persons affected 22000
hanze-60,1970-01-15T12:00:00Z,day,45.08,16.4,country,Croatia (HR024;HR025;HR026;HR028),river flood — Heavy rainfall,0,hanze,HANZE v3.0.1b id 60; end 1970-01-31; persons affected n/a
hanze-2590,1972-07-10T12:00:00Z,day,45.08,16.4,country,Croatia (HR022;HR025;HR061;HR062;HR063),river flood — Heavy rainfall,0,hanze,HANZE v3.0.1b id 2590; end 1972-07-24; persons affected n/a
hanze-61,1974-10-15T12:00:00Z,day,45.08,16.4,country,Croatia (HR065;HR064;HR024;HR026;HR028),river flood — Heavy rainfall,0,hanze,HANZE v3.0.1b id 61; end 1974-10-31; persons affected n/a
hanze-2587,1974-10-20T12:00:00Z,day,45.08,16.4,country,Croatia (HR037),river flood — Heavy rainfall,0,hanze,HANZE v3.0.1b id 2587; end 1974-10-24; persons affected 800
hanze-2933,1982-12-22T12:00:00Z,day,45.08,16.4,country,Croatia (HR025;HR027;HR064;HR065),river flood — Heavy rainfall,0,hanze,HANZE v3.0.1b id 2933; end 1982-12-25; persons affected 4000
hanze-62,1989-07-01T12:00:00Z,day,45.08,16.4,country,Croatia (HR065;HR064),river flood — Heavy rainfall,5,hanze,HANZE v3.0.1b id 62; end 1989-07-15; persons affected n/a
hanze-63,1998-09-15T12:00:00Z,day,45.08,16.4,country,Croatia (HR028;HR050;HR065),river flood — Heavy rainfall,0,hanze,HANZE v3.0.1b id 63; end 1998-09-16; persons affected n/a
hanze-64,1998-11-04T12:00:00Z,day,45.08,16.4,country,Croatia (HR027;HR031),river flood — Heavy rainfall,0,hanze,HANZE v3.0.1b id 64; end 1998-11-10; persons affected n/a
hanze-65,2000-12-24T12:00:00Z,day,45.08,16.4,country,Croatia (HR032;HR037),river flood — Heavy rainfall,0,hanze,HANZE v3.0.1b id 65; end 2000-12-30; persons affected 1600
hanze-66,2001-09-06T12:00:00Z,day,45.08,16.4,country,Croatia (HR022;HR025),river flood — Heavy rainfall up to 180 mm in 24 h,0,hanze,HANZE v3.0.1b id 66; end 2001-09-06; persons affected 2000
hanze-2762,2002-08-09T12:00:00Z,day,45.08,16.4,country,Croatia (HR036),river flood — Heavy rainfall up to 136 mm in 24 h,0,hanze,HANZE v3.0.1b id 2762; end 2002-08-11; persons affected n/a
hanze-2066,2005-08-22T12:00:00Z,day,45.08,16.4,country,Croatia (HR061),river flood — Heavy rainfall up to 120 mm in 24 h,0,hanze,HANZE v3.0.1b id 2066; end 2005-08-27; persons affected 250
hanze-2763,2005-07-01T12:00:00Z,day,45.08,16.4,country,Croatia (HR022;HR024;HR025),river flood — Heavy rainfall,0,hanze,HANZE v3.0.1b id 2763; end 2005-07-15; persons affected n/a
hanze-3001,2005-08-22T12:00:00Z,day,45.08,16.4,country,Croatia (HR065),flash flood — Extreme rainfall,0,hanze,HANZE v3.0.1b id 3001; end 2005-08-22; persons affected n/a
hanze-2067,2006-04-04T12:00:00Z,day,45.08,16.4,country,Croatia (HR025),river flood — Heavy rainfall and snowmelt,0,hanze,HANZE v3.0.1b id 2067; end 2006-04-19; persons affected n/a
hanze-67,2010-05-30T12:00:00Z,day,45.08,16.4,country,Croatia (HR024;HR026),river flood — Heavy rainfall,0,hanze,HANZE v3.0.1b id 67; end 2010-06-20; persons affected 4400
hanze-68,2010-09-17T12:00:00Z,day,45.08,16.4,country,Croatia (HR028;HR065),river flood — Heavy rainfall,0,hanze,HANZE v3.0.1b id 68; end 2010-10-07; persons affected 3600
hanze-69,2010-12-01T12:00:00Z,day,45.08,16.4,country,Croatia (HR037),river flood — Heavy rainfall and snowmelt,0,hanze,HANZE v3.0.1b id 69; end 2010-12-05; persons affected 810
hanze-2764,2010-01-02T12:00:00Z,day,45.08,16.4,country,Croatia (HR032;HR035;HR037),river flood — Heavy rainfall and snowmelt,0,hanze,HANZE v3.0.1b id 2764; end 2010-01-15; persons affected 8400
hanze-70,2012-11-05T12:00:00Z,day,45.08,16.4,country,Croatia (HR061;HR062),river flood — Heavy rainfall,0,hanze,HANZE v3.0.1b id 70; end 2012-11-09; persons affected 1500
hanze-2766,2013-06-10T12:00:00Z,day,45.08,16.4,country,Croatia (HR025;HR026),river flood — Heavy rainfall,0,hanze,HANZE v3.0.1b id 2766; end 2013-06-21; persons affected n/a
hanze-71,2014-05-15T12:00:00Z,day,45.08,16.4,country,Croatia (HR023;HR024;HR026;HR028),river flood — Heavy rainfall,3,hanze,HANZE v3.0.1b id 71; end 2014-05-20; persons affected 18000
hanze-72,2014-09-08T12:00:00Z,day,45.08,16.4,country,Croatia (HR027;HR028;HR061;HR063),river flood — Heavy rainfall,0,hanze,HANZE v3.0.1b id 72; end 2014-09-15; persons affected 2000
hanze-2068,2014-02-12T12:00:00Z,day,45.08,16.4,country,Croatia (HR027),river flood — Heavy rainfall up to 80 mm in 24 h and snowmelt,0,hanze,HANZE v3.0.1b id 2068; end 2014-02-14; persons affected 600
hanze-73,2015-10-14T12:00:00Z,day,45.08,16.4,country,Croatia (HR027;HR028),flash flood — Extreme rainfall,0,hanze,HANZE v3.0.1b id 73; end 2015-10-16; persons affected 1200
hanze-2350,2016-02-09T12:00:00Z,day,45.08,16.4,country,Croatia (HR036),coastal flood — Storm surge,0,hanze,HANZE v3.0.1b id 2350; end 2016-02-09; persons affected n/a
hanze-2069,2017-09-10T12:00:00Z,day,45.08,16.4,country,Croatia (HR033),flash flood — Extreme rainfall up to 300 mm in 24 h,0,hanze,HANZE v3.0.1b id 2069; end 2017-09-11; persons affected 8000
hanze-2767,2017-09-16T12:00:00Z,day,45.08,16.4,country,Croatia (HR027;HR031),flash flood — Extreme rainfall up to 180 mm in 24 h,0,hanze,HANZE v3.0.1b id 2767; end 2017-09-17; persons affected 2000
hanze-2070,2018-03-10T12:00:00Z,day,45.08,16.4,country,Croatia (HR027;HR028;HR032;HR065),river flood — Heavy rainfall and snowmelt,0,hanze,HANZE v3.0.1b id 2070; end 2018-03-23; persons affected 450
hanze-3099,2022-09-27T12:00:00Z,day,45.08,16.4,country,Croatia (HR031;HR036),flash flood — Extreme rainfall up to 288 mm in 24 h,1,hanze,HANZE v3.0.1b id 3099; end 2022-09-29; persons affected n/a
hanze-3100,2023-05-12T12:00:00Z,day,45.08,16.4,country,Croatia (HR027;HR032;HR033;HR034;HR035),river flood — Heavy rainfall up to 256 mm in 24 h,0,hanze,HANZE v3.0.1b id 3100; end 2023-05-18; persons affected 6892
hanze-3101,2023-08-05T12:00:00Z,day,45.08,16.4,country,Croatia (HR063),river flood — Heavy rainfall,0,hanze,HANZE v3.0.1b id 3101; end 2023-08-09; persons affected n/a
hanze-3173,2025-03-27T12:00:00Z,day,45.08,16.4,country,Croatia (HR022;HR023;HR025),flash flood — Extreme rainfall up to 80 mm in 24 h,0,hanze,HANZE v3.0.1b id 3173; end 2025-03-28; persons affected 800
hanze-3174,2025-05-06T12:00:00Z,day,45.08,16.4,country,Croatia (HR036),flash flood — Extreme rainfall up to 120 mm,0,hanze,HANZE v3.0.1b id 3174; end 2025-05-07; persons affected n/a
hanze-2071,1894-10-31T12:00:00Z,day,35.13,33.43,country,Cyprus (CY000),flash flood — Extreme rainfall,22,hanze,HANZE v3.0.1b id 2071; end 1894-11-01; persons affected 3000
hanze-2072,1897-10-20T12:00:00Z,day,35.13,33.43,country,Cyprus (CY000),flash flood — Extreme rainfall,1,hanze,HANZE v3.0.1b id 2072; end 1897-10-20; persons affected n/a
hanze-2074,1949-12-21T12:00:00Z,day,35.13,33.43,country,Cyprus (CY000),flash flood — Extreme rainfall,14,hanze,HANZE v3.0.1b id 2074; end 1949-12-21; persons affected n/a
hanze-2075,1981-03-25T12:00:00Z,day,35.13,33.43,country,Cyprus (CY000),flash flood — Extreme rainfall,1,hanze,HANZE v3.0.1b id 2075; end 1981-03-26; persons affected n/a
hanze-2076,1981-06-15T12:00:00Z,day,35.13,33.43,country,Cyprus (CY000),river flood — Heavy rainfall,0,hanze,HANZE v3.0.1b id 2076; end 1981-06-16; persons affected 700
hanze-2077,1984-11-04T12:00:00Z,day,35.13,33.43,country,Cyprus (CY000),flash flood — Extreme rainfall,2,hanze,HANZE v3.0.1b id 2077; end 1984-11-04; persons affected n/a
hanze-2078,1994-11-21T12:00:00Z,day,35.13,33.43,country,Cyprus (CY000),flash flood — Extreme rainfall,2,hanze,HANZE v3.0.1b id 2078; end 1994-11-21; persons affected n/a
hanze-2079,1997-10-18T12:00:00Z,day,35.13,33.43,country,Cyprus (CY000),river flood — Heavy rainfall,1,hanze,HANZE v3.0.1b id 2079; end 1997-10-22; persons affected n/a
hanze-2080,2003-12-02T12:00:00Z,day,35.13,33.43,country,Cyprus (CY000),flash flood — Extreme rainfall,2,hanze,HANZE v3.0.1b id 2080; end 2003-12-02; persons affected n/a
hanze-2081,2006-10-30T12:00:00Z,day,35.13,33.43,country,Cyprus (CY000),flash flood — Extreme rainfall,2,hanze,HANZE v3.0.1b id 2081; end 2006-10-31; persons affected n/a
hanze-2082,2009-10-27T12:00:00Z,day,35.13,33.43,country,Cyprus (CY000),flash flood — Extreme rainfall,1,hanze,HANZE v3.0.1b id 2082; end 2009-10-28; persons affected n/a
hanze-3026,2023-01-14T12:00:00Z,day,35.13,33.43,country,Cyprus (CY000),flash flood — Extreme rainfall,0,hanze,HANZE v3.0.1b id 3026; end 2023-01-16; persons affected 336
hanze-75,1872-05-25T12:00:00Z,day,49.8,15.47,country,Czechia (CZ020;CZ032;CZ042),flash flood — Extreme rainfall up to 237 mm in 30 min,337,hanze,HANZE v3.0.1b id 75; end 1872-05-26; persons affected 2900
hanze-76,1890-09-03T12:00:00Z,day,49.8,15.47,country,Czechia (CZ010;CZ020;CZ031;CZ032;CZ041;CZ042),river flood — Heavy rainfall of more than 70 mm in 3 days after a wet period,30,hanze,HANZE v3.0.1b id 76; end 1890-09-06; persons affected 16000
hanze-77,1897-07-29T12:00:00Z,day,49.8,15.47,country,Czechia (CZ042;CZ051;CZ052),flash flood — Extreme rainfall up to 345 mm in 24 h,124,hanze,HANZE v3.0.1b id 77; end 1897-07-30; persons affected n/a
hanze-2083,1903-07-10T12:00:00Z,day,49.8,15.47,country,Czechia (CZ071;CZ080),flash flood — Extreme rainfall up to 221 mm,6,hanze,HANZE v3.0.1b id 2083; end 1903-07-11; persons affected n/a
hanze-2737,1927-05-09T12:00:00Z,day,49.8,15.47,country,Czechia (CZ063),flash flood — Extreme rainfall,4,hanze,HANZE v3.0.1b id 2737; end 1927-05-09; persons affected n/a
hanze-2721,1938-08-21T12:00:00Z,day,49.8,15.47,country,Czechia (CZ064;CZ071),river flood — Heavy rainfall up to 170 mm in 24 h,0,hanze,HANZE v3.0.1b id 2721; end 1938-09-05; persons affected n/a
hanze-78,1966-07-18T12:00:00Z,day,49.8,15.47,country,Czechia (CZ080),river flood — Heavy rainfall,5,hanze,HANZE v3.0.1b id 78; end 1966-07-30; persons affected 10400
hanze-79,1970-06-09T12:00:00Z,day,49.8,15.47,country,Czechia (CZ064),flash flood — Extreme rainfall,35,hanze,HANZE v3.0.1b id 79; end 1970-06-09; persons affected 2000
hanze-80,1974-08-19T12:00:00Z,day,49.8,15.47,country,Czechia (CZ020),flash flood — Extreme rainfall up to 60 mm in 30 min,5,hanze,HANZE v3.0.1b id 80; end 1974-08-23; persons affected n/a
hanze-2591,1978-08-07T12:00:00Z,day,49.8,15.47,country,Czechia (CZ051),flash flood — Extreme rainfall up to 191 mm in 24 h,0,hanze,HANZE v3.0.1b id 2591; end 1978-08-08; persons affected n/a
hanze-2592,1979-06-17T12:00:00Z,day,49.8,15.47,country,Czechia (CZ052),flash flood — Extreme rainfall up to 180 mm in 24 h,0,hanze,HANZE v3.0.1b id 2592; end 1979-06-18; persons affected n/a
hanze-2084,1981-03-10T12:00:00Z,day,49.8,15.47,country,Czechia (CZ020;CZ042;CZ051;CZ052),river flood — Heavy rainfall,1,hanze,HANZE v3.0.1b id 2084; end 1981-03-24; persons affected n/a
hanze-2085,1981-07-17T12:00:00Z,day,49.8,15.47,country,Czechia (CZ020;CZ031;CZ032;CZ042;CZ051),river flood — Heavy rainfall over 4 days,4,hanze,HANZE v3.0.1b id 2085; end 1981-07-21; persons affected n/a
hanze-2649,1982-01-07T12:00:00Z,day,49.8,15.47,country,Czechia (CZ020;CZ042),river flood — Snowmelt,1,hanze,HANZE v3.0.1b id 2649; end 1982-01-08; persons affected n/a
hanze-2650,1984-07-13T12:00:00Z,day,49.8,15.47,country,Czechia (CZ080),flash flood — Extreme rainfall,4,hanze,HANZE v3.0.1b id 2650; end 1984-07-13; persons affected n/a
hanze-2651,1985-08-07T12:00:00Z,day,49.8,15.47,country,Czechia (CZ071;CZ072;CZ080),river flood — Heavy rainfall,1,hanze,HANZE v3.0.1b id 2651; end 1985-08-09; persons affected n/a
hanze-2652,1986-06-19T12:00:00Z,day,49.8,15.47,country,Czechia (CZ064),flash flood — Extreme rainfall,1,hanze,HANZE v3.0.1b id 2652; end 1986-06-19; persons affected n/a
hanze-2653,1987-06-26T12:00:00Z,day,49.8,15.47,country,Czechia (CZ072),flash flood — Extreme rainfall,1,hanze,HANZE v3.0.1b id 2653; end 1987-06-26; persons affected n/a
hanze-2654,1987-07-01T12:00:00Z,day,49.8,15.47,country,Czechia (CZ042),flash flood — Extreme rainfall up to 200 mm in 24 h,0,hanze,HANZE v3.0.1b id 2654; end 1987-07-01; persons affected 880
hanze-81,1988-04-20T12:00:00Z,day,49.8,15.47,country,Czechia (CZ063),flash flood — Extreme rainfall up to 100 mm in 3 days,2,hanze,HANZE v3.0.1b id 81; end 1988-04-21; persons affected 500
hanze-2708,1991-07-31T12:00:00Z,day,49.8,15.47,country,Czechia (CZ020;CZ032),river flood — Heavy rainfall up to 150 mm in 4 days,1,hanze,HANZE v3.0.1b id 2708; end 1991-08-10; persons affected n/a
hanze-2709,1993-12-19T12:00:00Z,day,49.8,15.47,country,Czechia (CZ020;CZ032),river flood — Heavy rainfall up to 94 mm in 24 h and snowmelt,1,hanze,HANZE v3.0.1b id 2709; end 1993-12-22; persons affected n/a
hanze-2710,1994-04-03T12:00:00Z,day,49.8,15.47,country,Czechia (CZ071;CZ080),river flood — Heavy rainfall and snowmelt,2,hanze,HANZE v3.0.1b id 2710; end 1994-04-03; persons affected n/a
hanze-2711,1995-05-30T12:00:00Z,day,49.8,15.47,country,Czechia (CZ072),flash flood — Extreme rainfall up to 70 mm in 24 h,1,hanze,HANZE v3.0.1b id 2711; end 1995-06-02; persons affected n/a
hanze-2712,1995-06-11T12:00:00Z,day,49.8,15.47,country,Czechia (CZ064),river flood — Heavy rainfall,1,hanze,HANZE v3.0.1b id 2712; end 1995-06-14; persons affected n/a
hanze-82,1996-05-10T12:00:00Z,day,49.8,15.47,country,Czechia (CZ080),river flood — Heavy rainfall,1,hanze,HANZE v3.0.1b id 82; end 1996-05-14; persons affected n/a
hanze-83,1997-07-02T12:00:00Z,day,49.8,15.47,country,Czechia (CZ052;CZ053;CZ064;CZ071;CZ072;CZ080),river flood — Heavy rainfall up to 661 mm in a month; 234 mm in a day,49,hanze,HANZE v3.0.1b id 83; end 1997-07-24; persons affected 102107
hanze-2713,1997-02-24T12:00:00Z,day,49.8,15.47,country,Czechia (CZ041),river flood — Heavy rainfall up to 73 mm in 3 days and snowmelt,1,hanze,HANZE v3.0.1b id 2713; end 1997-02-27; persons affected n/a
hanze-84,1998-07-23T12:00:00Z,day,49.8,15.47,country,Czechia (CZ020;CZ052),flash flood — Extreme rainfall up to 200 mm in 8 h,6,hanze,HANZE v3.0.1b id 84; end 1998-07-27; persons affected 5380
hanze-85,2000-03-08T12:00:00Z,day,49.8,15.47,country,Czechia (CZ010;CZ020;CZ031;CZ042;CZ051),river flood — Snowmelt,3,hanze,HANZE v3.0.1b id 85; end 2000-03-13; persons affected n/a
hanze-2677,2001-03-23T12:00:00Z,day,49.8,15.47,country,Czechia (CZ041),flash flood — Extreme rainfall,1,hanze,HANZE v3.0.1b id 2677; end 2001-03-23; persons affected n/a
hanze-3175,2001-05-04T12:00:00Z,day,49.8,15.47,country,Czechia (CZ032),flash flood — Extreme  rainfall up to 72 mm in 24 h,1,hanze,HANZE v3.0.1b id 3175; end 2001-05-04; persons affected n/a
hanze-86,2002-08-07T12:00:00Z,day,49.8,15.47,country,Czechia (CZ010;CZ020;CZ031;CZ032;CZ041;CZ042;CZ064),river flood — Heavy rainfall (2 waves); daily precipitation up to 160 mm,17,hanze,HANZE v3.0.1b id 86; end 2002-08-31; persons affected 225000
hanze-2768,2002-07-14T12:00:00Z,day,49.8,15.47,country,Czechia (CZ031;CZ064;CZ072),river flood — Heavy rainfall,4,hanze,HANZE v3.0.1b id 2768; end 2002-07-17; persons affected n/a
hanze-87,2005-03-17T12:00:00Z,day,49.8,15.47,country,Czechia (CZ020;CZ031;CZ042;CZ063;CZ064),river flood — Heavy rainfall,4,hanze,HANZE v3.0.1b id 87; end 2005-03-30; persons affected n/a
hanze-88,2006-03-28T12:00:00Z,day,49.8,15.47,country,Czechia (CZ010;CZ020;CZ031;CZ032;CZ041;CZ042;CZ053;CZ063;CZ064;CZ071;),river flood — Heavy rainfall and snowmelt,9,hanze,HANZE v3.0.1b id 88; end 2006-04-17; persons affected 4200
hanze-2382,2006-06-30T12:00:00Z,day,49.8,15.47,country,Czechia (CZ031;CZ064),flash flood — Extreme rainfall up to 150 mm in 6 h,0,hanze,HANZE v3.0.1b id 2382; end 2006-07-01; persons affected 115
hanze-2680,2006-05-28T12:00:00Z,day,49.8,15.47,country,Czechia (CZ032),river flood — Heavy rainfall,2,hanze,HANZE v3.0.1b id 2680; end 2006-05-30; persons affected n/a
hanze-2683,2006-08-06T12:00:00Z,day,49.8,15.47,country,Czechia (CZ051;CZ052),river flood — Heavy rainfall up to 400 mm in 5 days,0,hanze,HANZE v3.0.1b id 2683; end 2006-08-09; persons affected n/a
hanze-2684,2007-09-06T12:00:00Z,day,49.8,15.47,country,Czechia (CZ031;CZ064;CZ071),river flood — Heavy rainfall up to 150 mm in 24 h,0,hanze,HANZE v3.0.1b id 2684; end 2007-09-10; persons affected 300
hanze-89,2009-06-21T12:00:00Z,day,49.8,15.47,country,Czechia (CZ031;CZ042;CZ063;CZ064;CZ071;CZ072;CZ080),river flood — Heavy rainfall,17,hanze,HANZE v3.0.1b id 89; end 2009-07-04; persons affected 14450
hanze-90,2010-05-15T12:00:00Z,day,49.8,15.47,country,Czechia (CZ064;CZ071;CZ072;CZ080),river flood — Heavy rainfall up to 390 mm in 6 days,3,hanze,HANZE v3.0.1b id 90; end 2010-06-03; persons affected 8600
hanze-91,2010-08-07T12:00:00Z,day,49.8,15.47,country,Czechia (CZ051;CZ053),river flood — Heavy rainfall,8,hanze,HANZE v3.0.1b id 91; end 2010-08-08; persons affected 2000
hanze-3176,2010-06-09T12:00:00Z,day,49.8,15.47,country,Czechia (CZ042;CZ051),flash flood — Extreme rainfall up to 110 mm in 24 h,1,hanze,HANZE v3.0.1b id 3176; end 2010-06-09; persons affected n/a
hanze-2753,2012-07-03T12:00:00Z,day,49.8,15.47,country,Czechia (CZ032),flash flood — Extreme rainfall up to 95 mm in 24 h,1,hanze,HANZE v3.0.1b id 2753; end 2012-07-03; persons affected n/a
hanze-92,2013-05-28T12:00:00Z,day,49.8,15.47,country,Czechia (CZ010;CZ020;CZ031;CZ032;CZ042;CZ051;CZ052;CZ053),river flood — Heavy rainfall,15,hanze,HANZE v3.0.1b id 92; end 2013-06-21; persons affected 26438
hanze-2086,2013-07-29T12:00:00Z,day,49.8,15.47,country,Czechia (CZ051),flash flood — Extreme rainfall,1,hanze,HANZE v3.0.1b id 2086; end 2013-07-29; persons affected n/a
hanze-2769,2015-01-08T12:00:00Z,day,49.8,15.47,country,Czechia (CZ032;CZ041),river flood — Snowmelt,1,hanze,HANZE v3.0.1b id 2769; end 2015-01-11; persons affected n/a
hanze-2087,2020-06-07T12:00:00Z,day,49.8,15.47,country,Czechia (CZ053;CZ064;CZ071;CZ072;CZ080),river flood — Heavy rainfall (4 episodes); up to 129 mm in 24 h,10,hanze,HANZE v3.0.1b id 2087; end 2020-06-26; persons affected n/a
hanze-3027,2021-07-18T12:00:00Z,day,49.8,15.47,country,Czechia (CZ051),flash flood — Extreme rainfall up to 99 mm in 12 h,0,hanze,HANZE v3.0.1b id 3027; end 2021-07-18; persons affected 300
hanze-3028,2024-09-12T12:00:00Z,day,49.8,15.47,country,Czechia (CZ071;CZ080),river flood — Heavy rainfall up to 386 mm in 24 h and 704 mm in 5 days,13,hanze,HANZE v3.0.1b id 3028; end 2024-09-16; persons affected 112048
hanze-93,1872-11-13T12:00:00Z,day,56.06,9.5,country,Denmark (DK014;DK022;DK031;DK032),coastal flood — Storm surge up to 3.6 m,99,hanze,HANZE v3.0.1b id 93; end 1872-11-14; persons affected n/a
hanze-2351,1923-08-30T12:00:00Z,day,56.06,9.5,country,Denmark (DK032),coastal flood — Storm surge up to 3.89 m,19,hanze,HANZE v3.0.1b id 2351; end 1923-08-30; persons affected n/a
hanze-2088,1970-03-13T12:00:00Z,day,56.06,9.5,country,Denmark (DK041),river flood — Heavy rainfall up to 26 mm in 24 h and snowmelt,0,hanze,HANZE v3.0.1b id 2088; end 1970-03-18; persons affected 1200
hanze-2089,1976-01-03T12:00:00Z,day,56.06,9.5,country,Denmark (DK032),coastal flood — Storm surge up to 4.72 m,0,hanze,HANZE v3.0.1b id 2089; end 1976-01-03; persons affected 20000
hanze-3041,1976-01-21T12:00:00Z,day,56.06,9.5,country,Denmark (DK032),coastal flood — Storm surge up to 3.99 m,0,hanze,HANZE v3.0.1b id 3041; end 1976-01-21; persons affected 8000
hanze-94,1981-11-24T12:00:00Z,day,56.06,9.5,country,Denmark (DK032;DK050),coastal flood — Storm surge up to 4.22 m,1,hanze,HANZE v3.0.1b id 94; end 1981-11-24; persons affected n/a
hanze-95,1990-01-26T12:00:00Z,day,56.06,9.5,country,Denmark (DK032;DK041;DK050),coastal flood — Storm surge up to 3.04 m,2,hanze,HANZE v3.0.1b id 95; end 1990-01-26; persons affected n/a
hanze-96,1991-01-09T12:00:00Z,day,56.06,9.5,country,Denmark (DK032),coastal flood — Storm surge up to 3.7 m,1,hanze,HANZE v3.0.1b id 96; end 1991-01-09; persons affected 40
hanze-97,1993-02-21T12:00:00Z,day,56.06,9.5,country,Denmark (DK022),coastal flood — Storm surge,1,hanze,HANZE v3.0.1b id 97; end 1993-02-22; persons affected 1120
hanze-2355,1995-11-03T12:00:00Z,day,56.06,9.5,country,Denmark (DK022;DK031;DK032),coastal flood — Storm surge,0,hanze,HANZE v3.0.1b id 2355; end 1995-11-04; persons affected 600
hanze-98,1999-12-03T12:00:00Z,day,56.06,9.5,country,Denmark (DK032),coastal flood — Storm surge up to 5 m,1,hanze,HANZE v3.0.1b id 98; end 1999-12-04; persons affected 240
hanze-2354,2000-01-29T12:00:00Z,day,56.06,9.5,country,Denmark (DK041;DK050),coastal flood — Storm surge,0,hanze,HANZE v3.0.1b id 2354; end 2000-01-29; persons affected 200
hanze-99,2005-01-08T12:00:00Z,day,56.06,9.5,country,Denmark (DK042;DK050),coastal flood — Storm surge,1,hanze,HANZE v3.0.1b id 99; end 2005-01-09; persons affected 560
hanze-100,2006-11-01T12:00:00Z,day,56.06,9.5,country,Denmark (DK022;DK031;DK032;DK042),coastal flood — Storm surge,1,hanze,HANZE v3.0.1b id 100; end 2006-11-02; persons affected 5250
hanze-2353,2007-11-09T12:00:00Z,day,56.06,9.5,country,Denmark (DK031),coastal flood — Storm surge,0,hanze,HANZE v3.0.1b id 2353; end 2007-11-09; persons affected 50
hanze-2352,2013-12-05T12:00:00Z,day,56.06,9.5,country,Denmark (DK032;DK041;DK042;DK050),coastal flood — Storm surge up to 3.52 m,0,hanze,HANZE v3.0.1b id 2352; end 2013-12-06; persons affected n/a
hanze-3042,2023-10-20T12:00:00Z,day,56.06,9.5,country,Denmark (DK021;DK022;DK031;DK032),coastal flood — Storm surge,0,hanze,HANZE v3.0.1b id 3042; end 2023-10-21; persons affected 140
hanze-2383,2003-08-05T12:00:00Z,day,58.67,25.54,country,Estonia (EE00A),river flood — Heavy rainfall (3 days),0,hanze,HANZE v3.0.1b id 2383; end 2003-08-07; persons affected n/a
hanze-101,2005-01-07T12:00:00Z,day,58.67,25.54,country,Estonia (EE004),coastal flood — Storm surge up to 2.75 m (storm Gudrun) and heavy rainfall,1,hanze,HANZE v3.0.1b id 101; end 2005-01-08; persons affected 5730
hanze-102,1898-05-01T12:00:00Z,day,64.5,26.27,country,Finland (FI198;FI1C6;FI1C7),river flood — Snowmelt,0,hanze,HANZE v3.0.1b id 102; end 1898-06-01; persons affected n/a
hanze-103,1899-02-01T12:00:00Z,day,64.5,26.27,country,Finland (FI19B;FI198;FI196;FI1B1;FI1C6;FI1C7),river flood — Snowmelt,0,hanze,HANZE v3.0.1b id 103; end 1899-03-01; persons affected n/a
hanze-104,1953-04-06T12:00:00Z,day,64.5,26.27,country,Finland (FI199;FI19A;FI1D5),river flood — Snowmelt,0,hanze,HANZE v3.0.1b id 104; end 1953-04-06; persons affected n/a
hanze-2489,1954-10-31T12:00:00Z,day,64.5,26.27,country,Finland (FI199),river flood — Heavy rainfall,0,hanze,HANZE v3.0.1b id 2489; end 1954-10-31; persons affected n/a
hanze-105,1966-05-03T12:00:00Z,day,64.5,26.27,country,Finland (FI1B1),river flood — Snowmelt,0,hanze,HANZE v3.0.1b id 105; end 1966-05-03; persons affected n/a
hanze-2593,1974-12-01T12:00:00Z,day,64.5,26.27,country,Finland (FI198;FI196;FI1C7),river flood — Heavy rainfall; Snowmelt and ice jam,0,hanze,HANZE v3.0.1b id 2593; end 1975-02-20; persons affected n/a
hanze-2594,1977-04-01T12:00:00Z,day,64.5,26.27,country,Finland (FI199;FI19A;FI1D5;FI1D9),river flood — Snowmelt,0,hanze,HANZE v3.0.1b id 2594; end 1977-05-15; persons affected n/a
hanze-106,1984-04-01T12:00:00Z,day,64.5,26.27,country,Finland (FI199;FI19A;FI1D5;FI1D7),river flood — Snowmelt,0,hanze,HANZE v3.0.1b id 106; end 1984-04-30; persons affected n/a
hanze-2655,1988-05-01T12:00:00Z,day,64.5,26.27,country,Finland (FI198;FI19B;FI1C6;FI1C7),river flood — Snowmelt,0,hanze,HANZE v3.0.1b id 2655; end 1988-05-31; persons affected n/a
hanze-107,1989-05-05T12:00:00Z,day,64.5,26.27,country,Finland (FI1D9),river flood — Snowmelt,0,hanze,HANZE v3.0.1b id 107; end 1989-05-05; persons affected n/a
hanze-2385,1990-04-30T12:00:00Z,day,64.5,26.27,country,Finland (FI1D7),river flood — Snowmelt,0,hanze,HANZE v3.0.1b id 2385; end 1990-04-30; persons affected n/a
hanze-108,2000-04-22T12:00:00Z,day,64.5,26.27,country,Finland (FI199;FI19A;FI1D5;FI1D9),river flood — Snowmelt,0,hanze,HANZE v3.0.1b id 108; end 2000-04-30; persons affected n/a
hanze-109,2004-07-27T12:00:00Z,day,64.5,26.27,country,Finland (FI1C2),river flood — Heavy rainfall,0,hanze,HANZE v3.0.1b id 109; end 2004-08-02; persons affected n/a
hanze-110,2005-01-07T12:00:00Z,day,64.5,26.27,country,Finland (FI1B1;FI1C7),coastal flood — Storm surge Gudrun,0,hanze,HANZE v3.0.1b id 110; end 2005-01-08; persons affected n/a
hanze-111,2005-05-25T12:00:00Z,day,64.5,26.27,country,Finland (FI1D7),river flood — Snowmelt,0,hanze,HANZE v3.0.1b id 111; end 2005-05-31; persons affected 400
hanze-112,2007-08-12T12:00:00Z,day,64.5,26.27,country,Finland (FI196),flash flood — Extreme rainfall,0,hanze,HANZE v3.0.1b id 112; end 2007-08-12; persons affected n/a
hanze-113,2012-10-05T12:00:00Z,day,64.5,26.27,country,Finland (FI199;FI19A),river flood — Heavy rainfall,0,hanze,HANZE v3.0.1b id 113; end 2012-10-15; persons affected n/a
hanze-114,1871-08-15T12:00:00Z,day,46.56,2.43,country,France (FRF32),flash flood — Extreme rainfall,2,hanze,HANZE v3.0.1b id 114; end 1871-08-15; persons affected n/a
hanze-115,1872-01-23T12:00:00Z,day,46.56,2.43,country,France (FRL03),compound river/coastal flood — Heavy rainfall (8 days) and storm surge,18,hanze,HANZE v3.0.1b id 115; end 1872-01-24; persons affected n/a
hanze-116,1872-11-01T12:00:00Z,day,46.56,2.43,country,France (FRE11),river flood — Heavy rainfall up to 600 mm in 1 month,1,hanze,HANZE v3.0.1b id 116; end 1873-04-28; persons affected n/a
hanze-117,1875-06-05T12:00:00Z,day,46.56,2.43,country,France (FRI14;FRJ23;FRJ11),river flood — Heavy rainfall; two waves,500,hanze,HANZE v3.0.1b id 117; end 1875-06-26; persons affected 9600
hanze-118,1875-07-07T12:00:00Z,day,46.56,2.43,country,France (FRD21;FRD11),flash flood — Extreme rainfall up to 106 mm in 6 h,11,hanze,HANZE v3.0.1b id 118; end 1875-07-07; persons affected n/a
hanze-119,1875-09-12T12:00:00Z,day,46.56,2.43,country,France (FRJ11;FRJ13),flash flood — Extreme rainfall,139,hanze,HANZE v3.0.1b id 119; end 1875-09-13; persons affected 1200
hanze-120,1876-10-18T12:00:00Z,day,46.56,2.43,country,France (FRJ11;FRJ15),river flood — Heavy rainfall up to 350 mm in 60 h,2,hanze,HANZE v3.0.1b id 120; end 1876-10-18; persons affected n/a
hanze-121,1881-01-28T12:00:00Z,day,46.56,2.43,country,France (FRD21),river flood — Snowmelt,1,hanze,HANZE v3.0.1b id 121; end 1881-01-28; persons affected n/a
hanze-280,1882-12-25T12:00:00Z,day,46.56,2.43,country,France (FRC21;FRC23),river flood — Heavy rainfall and snowmelt,2,hanze,HANZE v3.0.1b id 280; end 1882-12-28; persons affected n/a
hanze-122,1885-06-10T12:00:00Z,day,46.56,2.43,country,France (FRJ26),flash flood — Extreme rainfall,1,hanze,HANZE v3.0.1b id 122; end 1885-06-12; persons affected n/a
hanze-123,1886-10-27T12:00:00Z,day,46.56,2.43,country,France (FRM02),flash flood — Extreme rainfall,5,hanze,HANZE v3.0.1b id 123; end 1886-10-28; persons affected n/a
hanze-124,1888-12-29T12:00:00Z,day,46.56,2.43,country,France (FRJ12;FRM02),river flood — Heavy rainfall,13,hanze,HANZE v3.0.1b id 124; end 1889-01-03; persons affected n/a
hanze-125,1890-09-19T12:00:00Z,day,46.56,2.43,country,France (FRK22;FRJ12),river flood — Heavy rainfall up to 971 mm in 5 days,65,hanze,HANZE v3.0.1b id 125; end 1890-09-23; persons affected n/a
hanze-126,1892-07-12T12:00:00Z,day,46.56,2.43,country,France (FRK21),flash flood — Glacier melt,175,hanze,HANZE v3.0.1b id 126; end 1892-07-12; persons affected n/a
hanze-127,1892-11-09T12:00:00Z,day,46.56,2.43,country,France (FRJ15),flash flood — Extreme rainfall up to 318 mm in 24 h,3,hanze,HANZE v3.0.1b id 127; end 1892-11-09; persons affected n/a
hanze-283,1896-03-08T12:00:00Z,day,46.56,2.43,country,France (FRC21;FRC22;FRC24),river flood — Heavy rainfall up to 159 mm in 2 days,5,hanze,HANZE v3.0.1b id 283; end 1896-03-12; persons affected n/a
hanze-2727,1897-07-03T12:00:00Z,day,46.56,2.43,country,France (FRJ23;FRJ24;FRJ26),flash flood — Extreme rainfall,67,hanze,HANZE v3.0.1b id 2727; end 1897-07-03; persons affected n/a
hanze-128,1900-09-29T12:00:00Z,day,46.56,2.43,country,France (FRJ22;FRK22;FRK25;FRJ12;FRJ13;FRJ14;FRL06),flash flood — Extreme rainfall up to 950 mm in 10 h,30,hanze,HANZE v3.0.1b id 128; end 1900-09-29; persons affected n/a
hanze-2399,1904-02-02T12:00:00Z,day,46.56,2.43,country,France (FRH02;FRH04),coastal flood — Storm surge,3,hanze,HANZE v3.0.1b id 2399; end 1904-02-03; persons affected 1200
hanze-129,1906-12-13T12:00:00Z,day,46.56,2.43,country,France (FRJ21),river flood — Heavy rainfall,9,hanze,HANZE v3.0.1b id 129; end 1906-12-17; persons affected 1800
hanze-130,1907-09-25T12:00:00Z,day,46.56,2.43,country,France (FRK22;FRJ12;FRJ13;FRJ14),river flood — Heavy rainfall up to 1395 mm in 3 weeks,25,hanze,HANZE v3.0.1b id 130; end 1907-10-17; persons affected n/a
hanze-131,1907-10-01T12:00:00Z,day,46.56,2.43,country,France (FRM01),river flood — Heavy rainfall,3,hanze,HANZE v3.0.1b id 131; end 1907-10-31; persons affected n/a
hanze-132,1907-11-08T12:00:00Z,day,46.56,2.43,country,France (FRL04;FRL05),flash flood — Extreme rainfall up to 113 mm in 4 h,1,hanze,HANZE v3.0.1b id 132; end 1907-11-08; persons affected n/a
hanze-133,1909-09-22T12:00:00Z,day,46.56,2.43,country,France (FRJ12),river flood — Heavy rainfall up to 146 mm in 48 h,7,hanze,HANZE v3.0.1b id 133; end 1909-09-22; persons affected n/a
hanze-134,1910-01-18T12:00:00Z,day,46.56,2.43,country,France (FR101;FR102;FR103;FR104;FR105;FR106;FR107;FR108;FRF22;FRF23;),river flood — Heavy rainfall and snowmelt; several waves,16,hanze,HANZE v3.0.1b id 134; end 1910-03-08; persons affected 200000
hanze-135,1910-11-10T12:00:00Z,day,46.56,2.43,country,France (FRB04;FRG01;FRG02;FRG04),river flood — Heavy rainfall,0,hanze,HANZE v3.0.1b id 135; end 1910-12-20; persons affected n/a
hanze-136,1916-05-26T12:00:00Z,day,46.56,2.43,country,France (FRL03),flash flood — Extreme rainfall,2,hanze,HANZE v3.0.1b id 136; end 1916-05-26; persons affected n/a
hanze-137,1919-12-24T12:00:00Z,day,46.56,2.43,country,France (FRF31;FRF33;FRF34;FRF11;FRF12),river flood — Heavy rainfall,2,hanze,HANZE v3.0.1b id 137; end 1920-01-28; persons affected n/a
hanze-138,1924-01-09T12:00:00Z,day,46.56,2.43,country,France (FRG01;FRH02),coastal flood — Storm surge,2,hanze,HANZE v3.0.1b id 138; end 1924-01-09; persons affected n/a
hanze-139,1924-09-22T12:00:00Z,day,46.56,2.43,country,France (FRJ12;FRL06),flash flood — Extreme rainfall up to 288 mm in 14 h,3,hanze,HANZE v3.0.1b id 139; end 1924-09-24; persons affected n/a
hanze-140,1924-11-07T12:00:00Z,day,46.56,2.43,country,France (FR102;FRF23;FRF24;FRF32),river flood — Heavy rainfall,1,hanze,HANZE v3.0.1b id 140; end 1924-11-07; persons affected n/a
hanze-141,1926-10-01T12:00:00Z,day,46.56,2.43,country,France (FRL01;FRL03),river flood — Heavy rainfall up to 1010 mm in 2 months,19,hanze,HANZE v3.0.1b id 141; end 1926-11-28; persons affected n/a
hanze-142,1927-03-08T12:00:00Z,day,46.56,2.43,country,France (FRI14;FRJ27;FRJ28),river flood — Heavy rainfall up to 135 mm in 10 days,3,hanze,HANZE v3.0.1b id 142; end 1927-03-11; persons affected n/a
hanze-2416,1928-03-23T12:00:00Z,day,46.56,2.43,country,France (FRG05),coastal flood — Storm surge with total water level up to 6.3 m,0,hanze,HANZE v3.0.1b id 2416; end 1928-03-24; persons affected n/a
hanze-143,1929-09-18T12:00:00Z,day,46.56,2.43,country,France (FRM01),flash flood — Extreme rainfall,3,hanze,HANZE v3.0.1b id 143; end 1929-09-18; persons affected n/a
hanze-144,1930-03-01T12:00:00Z,day,46.56,2.43,country,France (FRI11;FRI12;FRI14;FRJ22;FRJ23;FRJ25;FRJ27;FRJ28;FRI21;FRJ11;),river flood — Heavy rainfall up to over 1000 mm in 4 days; of which up to 694 mm in 7 h,230,hanze,HANZE v3.0.1b id 144; end 1930-03-04; persons affected 16200
hanze-145,1930-06-15T12:00:00Z,day,46.56,2.43,country,France (FRF32),flash flood — Extreme rainfall,3,hanze,HANZE v3.0.1b id 145; end 1930-06-15; persons affected 150
hanze-146,1932-09-28T12:00:00Z,day,46.56,2.43,country,France (FRL03;FRL04;FRL05),flash flood — Extreme rainfall up to 225 mm in 24 h,2,hanze,HANZE v3.0.1b id 146; end 1932-09-29; persons affected n/a
hanze-147,1933-09-25T12:00:00Z,day,46.56,2.43,country,France (FRK22;FRK23;FRJ12;FRJ13;FRL04;FRL05;FRL06),flash flood — Extreme rainfall up to 305 mm in 9 h; two waves,22,hanze,HANZE v3.0.1b id 147; end 1933-09-27; persons affected n/a
hanze-148,1937-03-13T12:00:00Z,day,46.56,2.43,country,France (FRG01;FRG05;FRH02;FRH04),coastal flood — Storm surge,1,hanze,HANZE v3.0.1b id 148; end 1937-03-14; persons affected n/a
hanze-149,1937-10-26T12:00:00Z,day,46.56,2.43,country,France (FRI15;FRJ23),flash flood — Extreme rainfall,1,hanze,HANZE v3.0.1b id 149; end 1937-10-27; persons affected n/a
hanze-150,1940-10-16T12:00:00Z,day,46.56,2.43,country,France (FRJ11;FRJ15),flash flood — Extreme rainfall up to 840 mm in 24 h; 1930 mm in 5 days,57,hanze,HANZE v3.0.1b id 150; end 1940-10-20; persons affected 9000
hanze-151,1940-11-17T12:00:00Z,day,46.56,2.43,country,France (FRL03),flash flood — Extreme rainfall,15,hanze,HANZE v3.0.1b id 151; end 1940-11-17; persons affected n/a
hanze-2090,1940-11-16T12:00:00Z,day,46.56,2.43,country,France (FRG05),coastal flood — Storm surge,0,hanze,HANZE v3.0.1b id 2090; end 1940-11-16; persons affected n/a
hanze-152,1942-04-28T12:00:00Z,day,46.56,2.43,country,France (FRJ13),flash flood — Extreme rainfall,1,hanze,HANZE v3.0.1b id 152; end 1942-04-29; persons affected n/a
hanze-153,1943-08-20T12:00:00Z,day,46.56,2.43,country,France (FRM01),flash flood — Extreme rainfall,5,hanze,HANZE v3.0.1b id 153; end 1943-08-20; persons affected n/a
hanze-154,1947-12-26T12:00:00Z,day,46.56,2.43,country,France (FRF31;FRF32;FRF33;FRF34;FRF11;FRF12),river flood — Heavy rainfall,10,hanze,HANZE v3.0.1b id 154; end 1948-01-15; persons affected n/a
hanze-155,1949-11-22T12:00:00Z,day,46.56,2.43,country,France (FRE22),river flood — Heavy rainfall,0,hanze,HANZE v3.0.1b id 155; end 1949-11-26; persons affected 5000
hanze-156,1952-01-31T12:00:00Z,day,46.56,2.43,country,France (FRI15;FRJ21;FRJ23;FRJ26),river flood — Heavy rainfall up to 471 mm in 6 days,6,hanze,HANZE v3.0.1b id 156; end 1952-02-06; persons affected 4000
hanze-158,1953-06-09T12:00:00Z,day,46.56,2.43,country,France (FRC21),flash flood — Extreme rainfall up to 169 mm in 24 h,1,hanze,HANZE v3.0.1b id 158; end 1953-06-11; persons affected n/a
hanze-159,1953-12-05T12:00:00Z,day,46.56,2.43,country,France (FRJ27;FRJ13),river flood — Heavy rainfall up to 755 mm in 3 days,2,hanze,HANZE v3.0.1b id 159; end 1953-12-08; persons affected n/a
hanze-160,1955-01-10T12:00:00Z,day,46.56,2.43,country,France (FR101;FR102;FR103;FR104;FR105;FR106;FR107;FR108;FRC11;FRC13;),river flood — Heavy rainfall up to 300 mm in 1 month,6,hanze,HANZE v3.0.1b id 160; end 1955-01-31; persons affected n/a
hanze-161,1955-11-30T12:00:00Z,day,46.56,2.43,country,France (FRJ13),flash flood — Extreme rainfall,3,hanze,HANZE v3.0.1b id 161; end 1955-11-30; persons affected n/a
hanze-162,1957-06-13T12:00:00Z,day,46.56,2.43,country,France (FRK24;FRK27;FRL02),river flood — Heavy rainfall up to 319 mm in 7 days and snowmelt,5,hanze,HANZE v3.0.1b id 162; end 1957-06-15; persons affected n/a
hanze-2415,1957-02-14T12:00:00Z,day,46.56,2.43,country,France (FRI12;FRI13;FRI15;FRI32),coastal flood — Storm surge due to windstorm up to 162 km/h,0,hanze,HANZE v3.0.1b id 2415; end 1957-02-15; persons affected n/a
hanze-163,1958-09-29T12:00:00Z,day,46.56,2.43,country,France (FRJ12;FRJ13;FRJ14),flash flood — Extreme rainfall in two events; up to 150 mm in 2 h,35,hanze,HANZE v3.0.1b id 163; end 1958-10-03; persons affected 6900
hanze-2542,1958-12-10T12:00:00Z,day,46.56,2.43,country,France (FRM01),river flood — Heavy rainfall,0,hanze,HANZE v3.0.1b id 2542; end 1958-12-17; persons affected n/a
hanze-2543,1958-11-12T12:00:00Z,day,46.56,2.43,country,France (FRM02),flash flood — Extreme rainfall up to 218 mm in 24 h,0,hanze,HANZE v3.0.1b id 2543; end 1958-11-13; persons affected n/a
hanze-164,1960-10-03T12:00:00Z,day,46.56,2.43,country,France (FRB03;FRI11;FRJ22;FRJ25;FRI21;FRI22;FRI23;FRK22;FRK11),flash flood — Extreme rainfall up to 200 mm in 24 h,20,hanze,HANZE v3.0.1b id 164; end 1960-10-04; persons affected n/a
hanze-2656,1961-01-30T12:00:00Z,day,46.56,2.43,country,France (FRE11),river flood — Heavy rainfall up to 220 mm in 1 month,0,hanze,HANZE v3.0.1b id 2656; end 1961-02-06; persons affected n/a
hanze-165,1962-03-31T12:00:00Z,day,46.56,2.43,country,France (FRI31;FRI32),compound river/coastal flood — Heavy rainfall up to 159 mm in 11 days and storm surge,0,hanze,HANZE v3.0.1b id 165; end 1962-04-05; persons affected 1600
hanze-2539,1963-10-30T12:00:00Z,day,46.56,2.43,country,France (FRJ12;FRJ13),river flood — Heavy rainfall up to 800 mm in 7 days,1,hanze,HANZE v3.0.1b id 2539; end 1963-11-06; persons affected n/a
hanze-2540,1963-08-03T12:00:00Z,day,46.56,2.43,country,France (FRK22),flash flood — Extreme rainfall,4,hanze,HANZE v3.0.1b id 2540; end 1963-08-04; persons affected n/a
hanze-2541,1963-08-05T12:00:00Z,day,46.56,2.43,country,France (FRI15),flash flood — Extreme rainfall up to 212 mm in 24 h,0,hanze,HANZE v3.0.1b id 2541; end 1963-08-06; persons affected 400
hanze-2544,1965-10-06T12:00:00Z,day,46.56,2.43,country,France (FRJ11;FRJ15),river flood — Heavy rainfall up to 568 mm in 5 days,0,hanze,HANZE v3.0.1b id 2544; end 1965-10-25; persons affected n/a
hanze-166,1966-10-25T12:00:00Z,day,46.56,2.43,country,France (FRH03),flash flood — Extreme rainfall,0,hanze,HANZE v3.0.1b id 166; end 1966-10-26; persons affected n/a
hanze-2595,1966-11-09T12:00:00Z,day,46.56,2.43,country,France (FRD13;FRD21),flash flood — Extreme rainfall,1,hanze,HANZE v3.0.1b id 2595; end 1966-11-09; persons affected n/a
hanze-2545,1967-08-09T12:00:00Z,day,46.56,2.43,country,France (FRK22),flash flood — Extreme rainfall up to 225 mm in 24 h,2,hanze,HANZE v3.0.1b id 2545; end 1967-08-10; persons affected n/a
hanze-167,1970-05-01T12:00:00Z,day,46.56,2.43,country,France (FRF33;FRF11),river flood — Heavy rainfall,1,hanze,HANZE v3.0.1b id 167; end 1970-05-28; persons affected n/a
hanze-168,1970-10-06T12:00:00Z,day,46.56,2.43,country,France (FRK22;FRJ11;FRJ12;FRJ14;FRJ15),flash flood — Extreme rainfall up to 259 mm in 6 h; several waves,1,hanze,HANZE v3.0.1b id 168; end 1970-10-11; persons affected n/a
hanze-169,1971-07-05T12:00:00Z,day,46.56,2.43,country,France (FRK24),flash flood — Extreme rainfall up to 223 mm in 24 h,3,hanze,HANZE v3.0.1b id 169; end 1971-07-05; persons affected n/a
hanze-170,1971-09-19T12:00:00Z,day,46.56,2.43,country,France (FRJ15),flash flood — Extreme rainfall,3,hanze,HANZE v3.0.1b id 170; end 1971-09-20; persons affected 200
hanze-171,1972-07-17T12:00:00Z,day,46.56,2.43,country,France (FR108),flash flood — Extreme rainfall up to 52 mm in 1 h; several waves,7,hanze,HANZE v3.0.1b id 171; end 1972-07-20; persons affected 1600
hanze-172,1972-08-14T12:00:00Z,day,46.56,2.43,country,France (FRF32),river flood — Heavy rainfall,2,hanze,HANZE v3.0.1b id 172; end 1972-08-15; persons affected n/a
hanze-173,1972-12-31T12:00:00Z,day,46.56,2.43,country,France (FRM01;FRM02),flash flood — Extreme rainfall up to 400 mm,2,hanze,HANZE v3.0.1b id 173; end 1972-12-31; persons affected n/a
hanze-174,1973-07-04T12:00:00Z,day,46.56,2.43,country,France (FRH01),flash flood — Extreme rainfall,2,hanze,HANZE v3.0.1b id 174; end 1973-07-04; persons affected 600
hanze-175,1974-02-10T12:00:00Z,day,46.56,2.43,country,France (FRH01;FRH02;FRH04),river flood — Heavy rainfall up to 180 mm in 5 days,1,hanze,HANZE v3.0.1b id 175; end 1974-02-15; persons affected n/a
hanze-176,1974-09-23T12:00:00Z,day,46.56,2.43,country,France (FRM01;FRM02),flash flood — Extreme rainfall up to 950 mm in 10 h,8,hanze,HANZE v3.0.1b id 176; end 1974-09-23; persons affected n/a
hanze-2596,1975-08-07T12:00:00Z,day,46.56,2.43,country,France (FRD22),flash flood — Extreme rainfall up to 70 mm in 3 h,1,hanze,HANZE v3.0.1b id 2596; end 1975-08-08; persons affected n/a
hanze-177,1976-10-25T12:00:00Z,day,46.56,2.43,country,France (FRM01;FRM02),flash flood — Extreme rainfall up to 398 mm in 12 h,3,hanze,HANZE v3.0.1b id 177; end 1976-10-26; persons affected n/a
hanze-2597,1976-09-12T12:00:00Z,day,46.56,2.43,country,France (FRJ12),flash flood — Extreme rainfall,1,hanze,HANZE v3.0.1b id 2597; end 1976-09-12; persons affected n/a
hanze-178,1977-05-17T12:00:00Z,day,46.56,2.43,country,France (FRJ11;FRJ15;FRJ21;FRJ23),river flood — Heavy rainfall up to 290 mm in 2 days,4,hanze,HANZE v3.0.1b id 178; end 1977-05-19; persons affected n/a
hanze-179,1977-07-06T12:00:00Z,day,46.56,2.43,country,France (FRJ23;FRJ24),flash flood — Extreme rainfall up to 175 mm in 17 h,16,hanze,HANZE v3.0.1b id 179; end 1977-07-08; persons affected 6000
hanze-180,1977-11-14T12:00:00Z,day,46.56,2.43,country,France (FRE23;FRD22),coastal flood — Storm surge,1,hanze,HANZE v3.0.1b id 180; end 1977-11-15; persons affected 1800
hanze-181,1978-01-11T12:00:00Z,day,46.56,2.43,country,France (FRL04;FRL05),river flood — Heavy rainfall up to 317 mm in 7 days,1,hanze,HANZE v3.0.1b id 181; end 1978-01-17; persons affected 1000
hanze-182,1978-03-16T12:00:00Z,day,46.56,2.43,country,France (FR102;FR104),river flood — Heavy rainfall and snowmelt,0,hanze,HANZE v3.0.1b id 182; end 1978-04-02; persons affected 2000
hanze-183,1979-10-10T12:00:00Z,day,46.56,2.43,country,France (FRL03),river flood — Heavy rainfall up to 450 mm in 7 days,10,hanze,HANZE v3.0.1b id 183; end 1979-10-16; persons affected n/a
hanze-184,1980-09-20T12:00:00Z,day,46.56,2.43,country,France (FRK22;FRK13),flash flood — Extreme rainfall up to 579 mm in 15 h,8,hanze,HANZE v3.0.1b id 184; end 1980-09-21; persons affected n/a
hanze-185,1981-12-10T12:00:00Z,day,46.56,2.43,country,France (FRI12;FRI13;FRI14),compound river/coastal flood — Heavy rainfall up to 401 mm in 6 days and storm surge,0,hanze,HANZE v3.0.1b id 185; end 1981-12-18; persons affected 2300
hanze-2657,1981-12-22T12:00:00Z,day,46.56,2.43,country,France (FRC13;FRK26),river flood — Heavy rainfall up to 222 mm in 1 month,1,hanze,HANZE v3.0.1b id 2657; end 1981-12-23; persons affected n/a
hanze-186,1982-07-21T12:00:00Z,day,46.56,2.43,country,France (FR103;FR104;FR105;FRH03),flash flood — Extreme rainfall up top 146 mm in 8 h,2,hanze,HANZE v3.0.1b id 186; end 1982-07-22; persons affected n/a
hanze-187,1982-11-06T12:00:00Z,day,46.56,2.43,country,France (FRJ21;FRJ23;FRJ26;FRJ27;FRJ15),compound river/coastal flood — Heavy rainfall up to 610 mm in 72 h and storm surge,15,hanze,HANZE v3.0.1b id 187; end 1982-11-08; persons affected n/a
hanze-188,1982-12-17T12:00:00Z,day,46.56,2.43,country,France (FRC13;FRC23;FRG05;FRI31;FRI32;FRI33;FRI34),river flood — Heavy rainfall up to 260 mm in 2 weeks,2,hanze,HANZE v3.0.1b id 188; end 1982-12-31; persons affected 6000
hanze-189,1983-04-05T12:00:00Z,day,46.56,2.43,country,France (FRC11;FRC13;FRF11;FRF12;FRF31;FRF34;FRC21;FRC22;FRC23;FRC24;),river flood — Heavy rainfall up to 900 mm in 2 months; up to 345 mm in 5 days,18,hanze,HANZE v3.0.1b id 189; end 1983-05-31; persons affected 4300
hanze-190,1983-06-05T12:00:00Z,day,46.56,2.43,country,France (FRD22),flash flood — Extreme rainfall up to 73 mm in 24 h,2,hanze,HANZE v3.0.1b id 190; end 1983-06-05; persons affected n/a
hanze-191,1983-08-25T12:00:00Z,day,46.56,2.43,country,France (FRI13;FRI15),flash flood — Extreme rainfall up to 205 mm in 24 h,0,hanze,HANZE v3.0.1b id 191; end 1983-08-27; persons affected n/a
hanze-2658,1984-11-23T12:00:00Z,day,46.56,2.43,country,France (FRD22),coastal flood — Storm surge (wind up to 140 km/h),0,hanze,HANZE v3.0.1b id 2658; end 1984-11-24; persons affected 2000
hanze-192,1985-10-29T12:00:00Z,day,46.56,2.43,country,France (FRM02),flash flood — Extreme rainfall up to 145 mm in 12 h,0,hanze,HANZE v3.0.1b id 192; end 1985-10-31; persons affected n/a
hanze-193,1986-06-21T12:00:00Z,day,46.56,2.43,country,France (FRD22),flash flood — Extreme rainfall,1,hanze,HANZE v3.0.1b id 193; end 1986-06-21; persons affected n/a
hanze-194,1986-10-13T12:00:00Z,day,46.56,2.43,country,France (FRJ11;FRJ15),flash flood — Extreme rainfall up to 331 mm in 3 h,1,hanze,HANZE v3.0.1b id 194; end 1986-10-14; persons affected n/a
hanze-195,1987-07-13T12:00:00Z,day,46.56,2.43,country,France (FRK28),flash flood — Extreme rainfall up to 93 mm in 30 min,25,hanze,HANZE v3.0.1b id 195; end 1987-07-14; persons affected n/a
hanze-2660,1987-10-02T12:00:00Z,day,46.56,2.43,country,France (FRJ15),river flood — Heavy rainfall up to 426 mm in 2 days,0,hanze,HANZE v3.0.1b id 2660; end 1987-10-04; persons affected n/a
hanze-2661,1987-06-22T12:00:00Z,day,46.56,2.43,country,France (FRC11;FRC13),river flood — Heavy rainfall up to 180 mm in 1 month,0,hanze,HANZE v3.0.1b id 2661; end 1987-06-23; persons affected n/a
hanze-196,1988-10-03T12:00:00Z,day,46.56,2.43,country,France (FRJ12),flash flood — Extreme rainfall up to 420 mm in 6 h,10,hanze,HANZE v3.0.1b id 196; end 1988-10-04; persons affected 45000
hanze-197,1988-10-11T12:00:00Z,day,46.56,2.43,country,France (FRK22;FRK23;FRK24;FRK27;FRK28;FRJ12),river flood — Heavy rainfall,3,hanze,HANZE v3.0.1b id 197; end 1988-10-12; persons affected n/a
hanze-2659,1988-01-22T12:00:00Z,day,46.56,2.43,country,France (FRE23),coastal flood — Storm surge (wind up to 140 km/h),0,hanze,HANZE v3.0.1b id 2659; end 1988-01-22; persons affected 1200
hanze-2662,1989-09-01T12:00:00Z,day,46.56,2.43,country,France (FRM01;FRM02),flash flood — Extreme rainfall,0,hanze,HANZE v3.0.1b id 2662; end 1989-09-01; persons affected n/a
hanze-198,1990-02-12T12:00:00Z,day,46.56,2.43,country,France (FRF11;FRF12;FRK24;FRK26;FRK27),river flood — Heavy rainfall up to 288 mm in 2 days and snowmelt,12,hanze,HANZE v3.0.1b id 198; end 1990-02-28; persons affected n/a
hanze-199,1990-05-20T12:00:00Z,day,46.56,2.43,country,France (FRG03),flash flood — Extreme rainfall up to 112 mm in 5 h,2,hanze,HANZE v3.0.1b id 199; end 1990-05-20; persons affected n/a
hanze-200,1990-10-18T12:00:00Z,day,46.56,2.43,country,France (FRL03;FRL05),flash flood — Extreme rainfall up to 100 mm in 3 h,1,hanze,HANZE v3.0.1b id 200; end 1990-10-19; persons affected n/a
hanze-201,1990-11-25T12:00:00Z,day,46.56,2.43,country,France (FRM01),flash flood — Extreme rainfall up to 65 mm in 12 h,1,hanze,HANZE v3.0.1b id 201; end 1990-11-27; persons affected n/a
hanze-202,1992-09-21T12:00:00Z,day,46.56,2.43,country,France (FRK22;FRK23;FRL06),flash flood — Extreme rainfall up to 300 mm in 6 h; up to 200 mm in 2 h,49,hanze,HANZE v3.0.1b id 202; end 1992-09-22; persons affected 2000
hanze-203,1992-09-26T12:00:00Z,day,46.56,2.43,country,France (FRJ22;FRJ11;FRJ13;FRJ15),flash flood — Extreme rainfall up to 292 mm in 24 h; of which 134 mm in 2 h,6,hanze,HANZE v3.0.1b id 203; end 1992-09-27; persons affected 5000
hanze-204,1992-09-27T12:00:00Z,day,46.56,2.43,country,France (FRM02),flash flood — Extreme rainfall up to 100 mm in 24 h,1,hanze,HANZE v3.0.1b id 204; end 1992-09-28; persons affected n/a
hanze-2714,1992-06-23T12:00:00Z,day,46.56,2.43,country,France (FRJ11),flash flood — Extreme rainfall up to 160 mm in 24 h,1,hanze,HANZE v3.0.1b id 2714; end 1992-06-24; persons affected n/a
hanze-205,1993-07-05T12:00:00Z,day,46.56,2.43,country,France (FRK21),flash flood — Extreme rainfall up to 120 mm in 2 h,2,hanze,HANZE v3.0.1b id 205; end 1993-07-05; persons affected 420
hanze-206,1993-09-23T12:00:00Z,day,46.56,2.43,country,France (FRK22;FRK23;FRK27;FRJ12;FRL04;FRL06),river flood — Heavy rainfall,9,hanze,HANZE v3.0.1b id 206; end 1993-09-25; persons affected 1700
hanze-208,1993-09-30T12:00:00Z,day,46.56,2.43,country,France (FRJ12;FRK23;FRL03;FRL06),river flood — Heavy rainfall up to 834 mm between 9 September and 12 October,2,hanze,HANZE v3.0.1b id 208; end 1993-10-09; persons affected n/a
hanze-209,1993-10-31T12:00:00Z,day,46.56,2.43,country,France (FRM01;FRM02),flash flood — Extreme rainfall up to 922 mm in 36 h,6,hanze,HANZE v3.0.1b id 209; end 1993-11-02; persons affected n/a
hanze-210,1993-12-20T12:00:00Z,day,46.56,2.43,country,France (FRF21;FRE21;FRE22;FRF32),river flood — Heavy rainfall; up to 100 mm in 2 days; and snowmelt,4,hanze,HANZE v3.0.1b id 210; end 1993-12-31; persons affected 8000
hanze-211,1994-01-06T12:00:00Z,day,46.56,2.43,country,France (FRL01;FRL03;FRL04;FRL06),compound river/coastal flood — Heavy rainfall up to 300 mm in 36 h and storm surge,1,hanze,HANZE v3.0.1b id 211; end 1994-01-12; persons affected 1360
hanze-212,1994-06-26T12:00:00Z,day,46.56,2.43,country,France (FRL03),flash flood — Extreme rainfall up to 85 mm in 1 h,0,hanze,HANZE v3.0.1b id 212; end 1994-06-26; persons affected 1000
hanze-213,1994-07-21T12:00:00Z,day,46.56,2.43,country,France (FRM01;FRM02),river flood — Heavy rainfall,2,hanze,HANZE v3.0.1b id 213; end 1994-07-24; persons affected n/a
hanze-214,1994-10-19T12:00:00Z,day,46.56,2.43,country,France (FRJ12;FRJ13),river flood — Heavy rainfall up to 391 mm in 5 days,1,hanze,HANZE v3.0.1b id 214; end 1994-10-20; persons affected n/a
hanze-215,1994-11-04T12:00:00Z,day,46.56,2.43,country,France (FRM01;FRM02),river flood — Heavy rainfall up to 380 mm in 3 days,1,hanze,HANZE v3.0.1b id 215; end 1994-11-06; persons affected n/a
hanze-216,1994-11-06T12:00:00Z,day,46.56,2.43,country,France (FRJ12;FRJ13;FRJ14;FRL03),river flood — Heavy rainfall up to 500 mm in 4 days,3,hanze,HANZE v3.0.1b id 216; end 1994-11-06; persons affected n/a
hanze-2715,1994-01-02T12:00:00Z,day,46.56,2.43,country,France (FRI33;FRG05),river flood — Heavy rainfall up to 160 mm in 24 h,0,hanze,HANZE v3.0.1b id 2715; end 1994-01-11; persons affected n/a
hanze-217,1995-01-16T12:00:00Z,day,46.56,2.43,country,France (FR103;FR108;FRD11;FRD12;FRD21;FRD22;FRE22;FRF21;FRF32;FRG01;),river flood — Heavy rainfall up to 544 mm in 1 month and snowmelt,7,hanze,HANZE v3.0.1b id 217; end 1995-01-29; persons affected n/a
hanze-2913,1995-01-23T12:00:00Z,day,46.56,2.43,country,France (FRG02;FRG04),river flood — Heavy rainfall up to 204 mm in 11 days,2,hanze,HANZE v3.0.1b id 2913; end 1995-02-07; persons affected 12500
hanze-218,1996-01-10T12:00:00Z,day,46.56,2.43,country,France (FRL01;FRL03;FRL05),river flood — Heavy rainfall up to 330 mm in 2 days,0,hanze,HANZE v3.0.1b id 218; end 1996-01-12; persons affected 780
hanze-219,1996-01-28T12:00:00Z,day,46.56,2.43,country,France (FRJ13),flash flood — Extreme rainfall up to 155 mm in 24 h; of which 94 mm in 6 h,4,hanze,HANZE v3.0.1b id 219; end 1996-01-30; persons affected 600
hanze-220,1996-12-04T12:00:00Z,day,46.56,2.43,country,France (FRJ22;FRJ27;FRJ28;FRJ11),river flood — Heavy rainfall up to 356 mm in 7 days,0,hanze,HANZE v3.0.1b id 220; end 1996-12-11; persons affected 2400
hanze-221,1997-06-16T12:00:00Z,day,46.56,2.43,country,France (FRD22),flash flood — Extreme rainfall up to 144 mm in 6 h,3,hanze,HANZE v3.0.1b id 221; end 1997-06-17; persons affected n/a
hanze-222,1997-11-06T12:00:00Z,day,46.56,2.43,country,France (FRL03),river flood — Heavy rainfall up to 250 mm in 2 days,1,hanze,HANZE v3.0.1b id 222; end 1997-11-07; persons affected n/a
hanze-223,1997-12-15T12:00:00Z,day,46.56,2.43,country,France (FRK22;FRJ11;FRJ12;FRJ13;FRJ15),compound river/coastal flood — Heavy rainfall up to 669 mm in 4 days and storm surge,0,hanze,HANZE v3.0.1b id 223; end 1997-12-20; persons affected n/a
hanze-224,1998-05-13T12:00:00Z,day,46.56,2.43,country,France (FRD22),flash flood — Extreme rainfall up to 67 mm in 24 h,0,hanze,HANZE v3.0.1b id 224; end 1998-05-13; persons affected 180
hanze-2091,1998-10-23T12:00:00Z,day,46.56,2.43,country,France (FRE12;FRF31;FRF32;FRF33;FRF11),river flood — Heavy rainfall up to 189 mm in October,0,hanze,HANZE v3.0.1b id 2091; end 1998-11-01; persons affected n/a
hanze-2716,1998-05-27T12:00:00Z,day,46.56,2.43,country,France (FRJ12),flash flood — Extreme rainfall up to 341 mm in 24 h,1,hanze,HANZE v3.0.1b id 2716; end 1998-05-28; persons affected n/a
hanze-225,1999-01-17T12:00:00Z,day,46.56,2.43,country,France (FRL05),flash flood — Extreme rainfall,0,hanze,HANZE v3.0.1b id 225; end 1999-01-18; persons affected 2400
hanze-226,1999-07-29T12:00:00Z,day,46.56,2.43,country,France (FRM02),flash flood — Extreme rainfall,1,hanze,HANZE v3.0.1b id 226; end 1999-07-29; persons affected n/a
hanze-227,1999-11-12T12:00:00Z,day,46.56,2.43,country,France (FRJ27;FRJ11;FRJ13;FRJ15),river flood — Heavy rainfall up to 620 mm in 48 h,35,hanze,HANZE v3.0.1b id 227; end 1999-11-15; persons affected 3000
hanze-2092,1999-12-12T12:00:00Z,day,46.56,2.43,country,France (FRD22;FRD11;FRD12;FRE11;FRE12;FRG05;FRH01;FRH02;FRH04;FRI32;),compound river/coastal flood — Storm surge and rainfall from Lothar and Martin cyclones,,hanze,HANZE v3.0.1b id 2092; end 2000-01-01; persons affected n/a
hanze-2717,1999-10-20T12:00:00Z,day,46.56,2.43,country,France (FRL05),river flood — Heavy rainfall,1,hanze,HANZE v3.0.1b id 2717; end 1999-10-26; persons affected n/a
hanze-228,2000-05-09T12:00:00Z,day,46.56,2.43,country,France (FRD22),flash flood — Extreme rainfall up to 69 mm in 30 min,2,hanze,HANZE v3.0.1b id 228; end 2000-05-09; persons affected n/a
hanze-229,2000-06-09T12:00:00Z,day,46.56,2.43,country,France (FRJ23),river flood — Heavy rainfall and snowmelt,1,hanze,HANZE v3.0.1b id 229; end 2000-06-11; persons affected 300
hanze-230,2000-07-06T12:00:00Z,day,46.56,2.43,country,France (FRE21),river flood — Heavy rainfall up to 240 mm in 4 days,1,hanze,HANZE v3.0.1b id 230; end 2000-07-09; persons affected 600
hanze-231,2000-09-19T12:00:00Z,day,46.56,2.43,country,France (FRL04),flash flood — Extreme rainfall up to 200 mm in 24 h,2,hanze,HANZE v3.0.1b id 231; end 2000-09-20; persons affected 300
hanze-232,2000-10-14T12:00:00Z,day,46.56,2.43,country,France (FRM02),flash flood — Extreme rainfall up to 84 mm in 24 h,1,hanze,HANZE v3.0.1b id 232; end 2000-10-15; persons affected n/a
hanze-233,2000-11-05T12:00:00Z,day,46.56,2.43,country,France (FRL03),flash flood — Extreme rainfall,0,hanze,HANZE v3.0.1b id 233; end 2000-11-06; persons affected 300
hanze-234,2000-11-06T12:00:00Z,day,46.56,2.43,country,France (FRM01;FRM02),river flood — Heavy rainfall up to 305 mm in 20 days,2,hanze,HANZE v3.0.1b id 234; end 2000-11-20; persons affected n/a
hanze-235,2000-12-11T12:00:00Z,day,46.56,2.43,country,France (FRH01;FRH02;FRH03;FRH04),compound river/coastal flood — Heavy rainfall up to 108 mm in 2 days after 2 wet months and storm surge,0,hanze,HANZE v3.0.1b id 235; end 2000-12-16; persons affected 8200
hanze-237,2001-03-22T12:00:00Z,day,46.56,2.43,country,France (FRF24;FRE22;FRD21;FRD22;FRB04;FRD11;FRC13;FRF32;FRC21;FRG01;),river flood — Heavy rainfall up to 652 mm in 1 month (March 2001),3,hanze,HANZE v3.0.1b id 237; end 2001-03-28; persons affected 8100
hanze-238,2001-04-07T12:00:00Z,day,46.56,2.43,country,France (FRE23),river flood — Heavy rainfall,0,hanze,HANZE v3.0.1b id 238; end 2001-05-02; persons affected 7371
hanze-239,2001-07-04T12:00:00Z,day,46.56,2.43,country,France (FRE23;FRI11;FRJ25;FRI21),river flood — Heavy rainfall up to 243 mm in 4 days,0,hanze,HANZE v3.0.1b id 239; end 2001-07-07; persons affected 1320
hanze-240,2001-10-06T12:00:00Z,day,46.56,2.43,country,France (FRJ12),flash flood — Extreme rainfall up to 317 mm in 24 h,2,hanze,HANZE v3.0.1b id 240; end 2001-10-07; persons affected n/a
hanze-241,2001-12-25T12:00:00Z,day,46.56,2.43,country,France (FRF31;FRF32;FRF33;FRF34;FRC24),river flood — Heavy rainfall up to 264 mm in 2 days,0,hanze,HANZE v3.0.1b id 241; end 2002-01-05; persons affected 1100
hanze-2093,2001-01-01T12:00:00Z,day,46.56,2.43,country,France (FRG01;FRH01;FRH02;FRH03;FRH04),river flood — Heavy rainfall up to 232 mm in 6 days after 3 wet months and storm surge,0,hanze,HANZE v3.0.1b id 2093; end 2001-01-07; persons affected 2600
hanze-242,2002-06-06T12:00:00Z,day,46.56,2.43,country,France (FRK24),flash flood — Extreme rainfall up to 200 mm in 24 h,1,hanze,HANZE v3.0.1b id 242; end 2002-06-06; persons affected n/a
hanze-243,2002-08-18T12:00:00Z,day,46.56,2.43,country,France (FRM01),flash flood — Extreme rainfall,2,hanze,HANZE v3.0.1b id 243; end 2002-08-18; persons affected n/a
hanze-244,2002-09-08T12:00:00Z,day,46.56,2.43,country,France (FRJ22;FRK22;FRK23;FRJ12;FRJ13;FRJ14;FRL04;FRL06),flash flood — Extreme rainfall up to 690 mm in 24 h,25,hanze,HANZE v3.0.1b id 244; end 2002-09-10; persons affected 12000
hanze-245,2002-11-16T12:00:00Z,day,46.56,2.43,country,France (FRC21;FRJ12;FRK21;FRK23;FRK26;FRL05),river flood — Heavy rainfall up to 756 mm in 1 month (November 2002),1,hanze,HANZE v3.0.1b id 245; end 2002-11-26; persons affected 2500
hanze-246,2002-12-09T12:00:00Z,day,46.56,2.43,country,France (FRJ12;FRJ13),river flood — Heavy rainfall up to 363 mm in 3 days,2,hanze,HANZE v3.0.1b id 246; end 2002-12-14; persons affected n/a
hanze-2770,2002-07-13T12:00:00Z,day,46.56,2.43,country,France (FRL02),flash flood — Extreme rainfall up to 100 mm in 2 h,0,hanze,HANZE v3.0.1b id 2770; end 2002-07-14; persons affected 800
hanze-2771,2002-08-25T12:00:00Z,day,46.56,2.43,country,France (FRL03),flash flood — Extreme rainfall up to 85 mm in 6 h,0,hanze,HANZE v3.0.1b id 2771; end 2002-08-26; persons affected 800
hanze-2772,2002-10-09T12:00:00Z,day,46.56,2.43,country,France (FRJ13),flash flood — Extreme rainfall,0,hanze,HANZE v3.0.1b id 2772; end 2002-10-11; persons affected 800
hanze-247,2003-01-06T12:00:00Z,day,46.56,2.43,country,France (FRE22),flash flood — Extreme rainfall,1,hanze,HANZE v3.0.1b id 247; end 2003-01-06; persons affected n/a
hanze-248,2003-06-01T12:00:00Z,day,46.56,2.43,country,France (FRD11),flash flood — Extreme rainfall up to 130 mm in 15 h,0,hanze,HANZE v3.0.1b id 248; end 2003-06-01; persons affected n/a
hanze-249,2003-09-22T12:00:00Z,day,46.56,2.43,country,France (FRJ12;FRJ13;FRL04),flash flood — Extreme rainfall up to 280 mm in 24 h,1,hanze,HANZE v3.0.1b id 249; end 2003-09-23; persons affected n/a
hanze-250,2003-12-01T12:00:00Z,day,46.56,2.43,country,France (FRK22;FRK25;FRK26;FRJ12;FRJ13;FRL04;FRL06),river flood — Heavy rainfall up to over 500 mm in 3 days,7,hanze,HANZE v3.0.1b id 250; end 2003-12-10; persons affected 27000
hanze-2773,2004-08-17T12:00:00Z,day,46.56,2.43,country,France (FRJ12;FRK22;FRL05),flash flood — Extreme rainfall up to 131 mm in 24 h,1,hanze,HANZE v3.0.1b id 2773; end 2004-08-18; persons affected n/a
hanze-251,2005-05-17T12:00:00Z,day,46.56,2.43,country,France (FRL05),flash flood — Extreme rainfall up to 188 mm in 24 h,1,hanze,HANZE v3.0.1b id 251; end 2005-05-17; persons affected n/a
hanze-252,2005-09-07T12:00:00Z,day,46.56,2.43,country,France (FRJ12;FRJ13),flash flood — Extreme rainfall up to 310 mm in 24 h,1,hanze,HANZE v3.0.1b id 252; end 2005-09-09; persons affected 3000
hanze-253,2005-11-15T12:00:00Z,day,46.56,2.43,country,France (FRJ15),flash flood — Extreme rainfall up to 240 mm in 24 h,2,hanze,HANZE v3.0.1b id 253; end 2005-11-17; persons affected 1000
hanze-254,2005-12-02T12:00:00Z,day,46.56,2.43,country,France (FRL03;FRL04;FRL05),compound river/coastal flood — Heavy rainfall up to 236 mm in 24 h and storm surge,1,hanze,HANZE v3.0.1b id 254; end 2005-12-02; persons affected n/a
hanze-2774,2005-07-03T12:00:00Z,day,46.56,2.43,country,France (FRE12),flash flood — Extreme rainfall up to 108 mm in 12 h,0,hanze,HANZE v3.0.1b id 2774; end 2005-07-04; persons affected 1200
hanze-2775,2005-08-22T12:00:00Z,day,46.56,2.43,country,France (FRK22),flash flood — Extreme rainfall up to 100 mm in 24 h,0,hanze,HANZE v3.0.1b id 2775; end 2005-08-23; persons affected 560
hanze-255,2006-01-26T12:00:00Z,day,46.56,2.43,country,France (FRJ11;FRJ12;FRJ13;FRL03;FRL04;FRL05),river flood — Heavy rainfall up to 205 mm in 2 days and snowfall,1,hanze,HANZE v3.0.1b id 255; end 2006-01-30; persons affected n/a
hanze-2094,2006-10-02T12:00:00Z,day,46.56,2.43,country,France (FRF31;FRF32;FRF33;FRF34),river flood — Heavy rainfall up to 156 mm in 2 days,0,hanze,HANZE v3.0.1b id 2094; end 2006-10-06; persons affected n/a
hanze-256,2007-05-25T12:00:00Z,day,46.56,2.43,country,France (FRI15),flash flood — Extreme rainfall up to 54 mm in 1 h,1,hanze,HANZE v3.0.1b id 256; end 2007-05-27; persons affected 1200
hanze-257,2007-06-07T12:00:00Z,day,46.56,2.43,country,France (FRE22;FRE11),flash flood — Extreme rainfall up to 150 mm in 2 h,0,hanze,HANZE v3.0.1b id 257; end 2007-06-08; persons affected 2400
hanze-3177,2007-05-03T12:00:00Z,day,46.56,2.43,country,France (FRI15),flash flood — Extreme rainfall up to 167 mm in 2 days,0,hanze,HANZE v3.0.1b id 3177; end 2007-05-04; persons affected n/a
hanze-258,2008-03-10T12:00:00Z,day,46.56,2.43,country,France (FRD12;FRH01;FRH02;FRH03;FRH04),coastal flood — Storm surge up to 1.41 m,1,hanze,HANZE v3.0.1b id 258; end 2008-03-10; persons affected n/a
hanze-259,2008-05-29T12:00:00Z,day,46.56,2.43,country,France (FRK24;FRL02;FRM01),flash flood — Extreme rainfall up to 187 mm in 24 h,1,hanze,HANZE v3.0.1b id 259; end 2008-05-30; persons affected 359
hanze-2776,2008-10-20T12:00:00Z,day,46.56,2.43,country,France (FRJ13),flash flood — Extreme rainfall up to 166 mm in 24 h,1,hanze,HANZE v3.0.1b id 2776; end 2008-10-21; persons affected n/a
hanze-3178,2008-06-10T12:00:00Z,day,46.56,2.43,country,France (FRI14;FRI15),flash flood — Extreme rainfall,0,hanze,HANZE v3.0.1b id 3178; end 2008-06-11; persons affected n/a
hanze-3179,2008-10-31T12:00:00Z,day,46.56,2.43,country,France (FRC12;FRC13;FRJ14;FRK13;FRK14;FRK21;FRK22;FRK25;FRK26),river flood — Heavy rainfall up to 428 mm in 24 h,0,hanze,HANZE v3.0.1b id 3179; end 2008-11-02; persons affected n/a
hanze-3180,2008-12-13T12:00:00Z,day,46.56,2.43,country,France (FRL03;FRL04;FRL05;FRL06),river flood — Heavy rainfall up to 200 mm in 48 h,0,hanze,HANZE v3.0.1b id 3180; end 2008-12-15; persons affected n/a
hanze-2777,2009-06-14T12:00:00Z,day,46.56,2.43,country,France (FRE21),flash flood — Extreme rainfall up to 87 mm in 24 h,0,hanze,HANZE v3.0.1b id 2777; end 2009-06-15; persons affected 310
hanze-3181,2009-01-23T12:00:00Z,day,46.56,2.43,country,France (FRI12;FRI13;FRI14;FRI15;FRJ24),river flood — Heavy rainfall up to 100 mm in 3 days,0,hanze,HANZE v3.0.1b id 3181; end 2009-01-24; persons affected n/a
hanze-3182,2009-09-18T12:00:00Z,day,46.56,2.43,country,France (FRL03;FRL04;FRL05),flash flood — Extreme rainfall up to 99 mm in 1 h,0,hanze,HANZE v3.0.1b id 3182; end 2009-09-19; persons affected n/a
hanze-3183,2009-10-21T12:00:00Z,day,46.56,2.43,country,France (FRL05),flash flood — Extreme rainfall up to 173 mm in 12 h,0,hanze,HANZE v3.0.1b id 3183; end 2009-10-22; persons affected n/a
hanze-260,2010-02-28T12:00:00Z,day,46.56,2.43,country,France (FRG05;FRI32),coastal flood — Storm surge with winds up to 161 km/h and high tide,41,hanze,HANZE v3.0.1b id 260; end 2010-03-02; persons affected 10000
hanze-261,2010-06-15T12:00:00Z,day,46.56,2.43,country,France (FRL05),flash flood — Extreme rainfall up to 397 mm in 24 h,26,hanze,HANZE v3.0.1b id 261; end 2010-06-17; persons affected 1000
hanze-262,2011-11-04T12:00:00Z,day,46.56,2.43,country,France (FRJ13;FRJ15;FRL03;FRL05),flash flood — Extreme rainfall in several waves; up to 132 mm in 6 h,6,hanze,HANZE v3.0.1b id 262; end 2011-11-09; persons affected 2300
hanze-2778,2011-01-05T12:00:00Z,day,46.56,2.43,country,France (FRE21),river flood — Heavy rainfall since mid-December 2010,0,hanze,HANZE v3.0.1b id 2778; end 2011-01-09; persons affected 2180
hanze-2779,2011-03-12T12:00:00Z,day,46.56,2.43,country,France (FRJ11;FRJ13;FRJ15),river flood — Heavy rainfall up to 508 mm in 4 days,2,hanze,HANZE v3.0.1b id 2779; end 2011-03-16; persons affected n/a
hanze-2095,2012-10-26T12:00:00Z,day,46.56,2.43,country,France (FRL05),flash flood — Extreme rainfall up to 145 mm in 24 h,2,hanze,HANZE v3.0.1b id 2095; end 2012-10-26; persons affected n/a
hanze-2780,2012-05-21T12:00:00Z,day,46.56,2.43,country,France (FRF11;FRF31),flash flood — Extreme rainfall up to 103 mm in 5 h,1,hanze,HANZE v3.0.1b id 2780; end 2012-05-22; persons affected n/a
hanze-2781,2012-10-18T12:00:00Z,day,46.56,2.43,country,France (FRI15;FRJ26),river flood — Heavy rainfall up to 371 mm in 3 days and 310 mm in 24 h,0,hanze,HANZE v3.0.1b id 2781; end 2012-10-21; persons affected 500
hanze-2782,2012-10-29T12:00:00Z,day,46.56,2.43,country,France (FRE12),river flood — Heavy rainfall up to 187 mm in 7 days,0,hanze,HANZE v3.0.1b id 2782; end 2012-11-04; persons affected 600
hanze-263,2013-03-05T12:00:00Z,day,46.56,2.43,country,France (FRJ11;FRJ15;FRL05;FRM01;FRM02),compound river/coastal flood — Heavy rainfall up to 232 mm in 24 h and strong winds up to 157 km/h,1,hanze,HANZE v3.0.1b id 263; end 2013-03-07; persons affected 1200
hanze-264,2013-05-01T12:00:00Z,day,46.56,2.43,country,France (FRC11;FRC12;FRC13),river flood — Heavy rainfall up to 109 mm in 48 h,1,hanze,HANZE v3.0.1b id 264; end 2013-05-06; persons affected n/a
hanze-265,2013-06-17T12:00:00Z,day,46.56,2.43,country,France (FRI15;FRJ23;FRJ26),flash flood — Extreme rainfall up to 183 mm im 24 h,3,hanze,HANZE v3.0.1b id 265; end 2013-06-19; persons affected 8150
hanze-266,2013-10-22T12:00:00Z,day,46.56,2.43,country,France (FRK22;FRK23;FRK24),flash flood — Extreme rainfall up to 232 mm in 24 h,0,hanze,HANZE v3.0.1b id 266; end 2013-10-23; persons affected 1000
hanze-3184,2013-12-24T12:00:00Z,day,46.56,2.43,country,France (FRG01;FRH02),river flood — Heavy rainfall,0,hanze,HANZE v3.0.1b id 3184; end 2014-01-06; persons affected n/a
hanze-267,2014-01-16T12:00:00Z,day,46.56,2.43,country,France (FRJ12;FRJ13;FRL03;FRL05),river flood — Heavy rainfall up to 306 mm in 3 days,2,hanze,HANZE v3.0.1b id 267; end 2014-01-19; persons affected 6800
hanze-268,2014-09-16T12:00:00Z,day,46.56,2.43,country,France (FRJ22;FRK22;FRJ12;FRJ13;FRJ14;FRL05),river flood — Heavy rainfall up to 540 mm in 4 days,6,hanze,HANZE v3.0.1b id 268; end 2014-09-20; persons affected 24000
hanze-269,2014-09-29T12:00:00Z,day,46.56,2.43,country,France (FRJ12;FRJ13),flash flood — Extreme rainfall up to 341 mm in 3 h,0,hanze,HANZE v3.0.1b id 269; end 2014-09-30; persons affected n/a
hanze-270,2014-11-15T12:00:00Z,day,46.56,2.43,country,France (FRJ12;FRJ13;FRJ14),flash flood — Extreme rainfall up to 158 mm in 3 h,4,hanze,HANZE v3.0.1b id 270; end 2014-11-16; persons affected n/a
hanze-271,2014-11-25T12:00:00Z,day,46.56,2.43,country,France (FRJ22;FRJ11;FRJ12;FRJ13;FRJ15;FRL05;FRM02),river flood — Heavy rainfall throughout November; culminating 29-30 November (up to 494 mm in 2 days),6,hanze,HANZE v3.0.1b id 271; end 2014-12-05; persons affected 3000
hanze-2096,2014-02-04T12:00:00Z,day,46.56,2.43,country,France (FRH01;FRH02;FRH03;FRH04),river flood — Heavy rainfall; 3 waves; up to 400 mm total,0,hanze,HANZE v3.0.1b id 2096; end 2014-02-13; persons affected 4850
hanze-2097,2014-06-13T12:00:00Z,day,46.56,2.43,country,France (FRJ26),flash flood — Extreme rainfall up to 44 mm in 2 h,1,hanze,HANZE v3.0.1b id 2097; end 2014-06-14; persons affected n/a
hanze-2098,2014-10-06T12:00:00Z,day,46.56,2.43,country,France (FRJ12;FRJ13),flash flood — Extreme rainfall up to 104 mm in 1 h,1,hanze,HANZE v3.0.1b id 2098; end 2014-10-07; persons affected n/a
hanze-2783,2014-01-24T12:00:00Z,day,46.56,2.43,country,France (FRI15;FRJ21),river flood — Heavy rainfall up to 172 mm in 48 h,0,hanze,HANZE v3.0.1b id 2783; end 2014-01-31; persons affected 500
hanze-3185,2014-07-04T12:00:00Z,day,46.56,2.43,country,France (FRI15),flash flood — Extreme rainfall up to 45 mm in 1 h,1,hanze,HANZE v3.0.1b id 3185; end 2014-07-04; persons affected n/a
hanze-3186,2014-10-09T12:00:00Z,day,46.56,2.43,country,France (FRJ12;FRK22),river flood — Heavy rainfall up to 333 mm in 24 h,0,hanze,HANZE v3.0.1b id 3186; end 2014-10-13; persons affected n/a
hanze-3187,2014-11-02T12:00:00Z,day,46.56,2.43,country,France (FRC11;FRC13;FRK22;FRK24;FRK26;FRL03),river flood — Heavy rrainfall up to 400 mm in 48 h,0,hanze,HANZE v3.0.1b id 3187; end 2014-11-05; persons affected n/a
hanze-272,2015-06-09T12:00:00Z,day,46.56,2.43,country,France (FRJ11;FRJ13;FRJ15;FRL04;FRM02),flash flood — Extreme rainfall up to 82 mm in 1 h,1,hanze,HANZE v3.0.1b id 272; end 2015-06-10; persons affected n/a
hanze-273,2015-10-03T12:00:00Z,day,46.56,2.43,country,France (FRL03;FRL05),flash flood — Extreme rainfall up to 156 mm in 2 h,20,hanze,HANZE v3.0.1b id 273; end 2015-10-04; persons affected n/a
hanze-2099,2015-02-15T12:00:00Z,day,46.56,2.43,country,France (FRM02),flash flood — Extreme rainfall up to 190 mm in 24 h,1,hanze,HANZE v3.0.1b id 2099; end 2015-02-16; persons affected n/a
hanze-2100,2015-04-30T12:00:00Z,day,46.56,2.43,country,France (FRK28),river flood — Heavy rainfall up to 303 mm in 4 days,0,hanze,HANZE v3.0.1b id 2100; end 2015-05-06; persons affected n/a
hanze-2101,2015-08-23T12:00:00Z,day,46.56,2.43,country,France (FRJ12;FRJ13;FRL04),flash flood — Extreme rainfall up to 154 mm in 3 h; insured losses,2,hanze,HANZE v3.0.1b id 2101; end 2015-08-23; persons affected n/a
hanze-2784,2015-09-30T12:00:00Z,day,46.56,2.43,country,France (FRM01;FRM02),river flood — Heavy rainfall up to 363 mm in 3 days,0,hanze,HANZE v3.0.1b id 2784; end 2015-10-02; persons affected 300
hanze-274,2016-05-28T12:00:00Z,day,46.56,2.43,country,France (FR101;FR102;FR103;FR104;FR107;FRE22;FRB01;FRB03;FRB04;FRB05;),river flood — Heavy rainfall up to 207 mm in 24 h,4,hanze,HANZE v3.0.1b id 274; end 2016-06-21; persons affected 20000
hanze-2102,2016-11-23T12:00:00Z,day,46.56,2.43,country,France (FRM01;FRM02),river flood — Heavy rainfall up to 355 mm in 48 h,0,hanze,HANZE v3.0.1b id 2102; end 2016-11-25; persons affected n/a
hanze-2103,2017-06-13T12:00:00Z,day,46.56,2.43,country,France (FRK13),flash flood — Extreme rainfall up to 193 mm in 2 h,1,hanze,HANZE v3.0.1b id 2103; end 2017-06-14; persons affected 160
hanze-2414,2017-01-21T12:00:00Z,day,46.56,2.43,country,France (FRM01;FRM02),river flood — Heavy rainfall up to 435 mm in 3 days and snowmelt,1,hanze,HANZE v3.0.1b id 2414; end 2017-01-23; persons affected n/a
hanze-2104,2018-01-21T12:00:00Z,day,46.56,2.43,country,France (FR101;FR102;FR103;FR104;FR107;FRF22;FRF24;FRB02;FRC21;FRD13;),river flood — Heavy rainfall up to 300 mm in 1 month,0,hanze,HANZE v3.0.1b id 2104; end 2018-02-01; persons affected 3590
hanze-2105,2018-06-03T12:00:00Z,day,46.56,2.43,country,France (FRH02),flash flood — Extreme rainfall up to 65 mm in 1 h,0,hanze,HANZE v3.0.1b id 2105; end 2018-06-03; persons affected n/a
hanze-2106,2018-06-04T12:00:00Z,day,46.56,2.43,country,France (FRD21),flash flood — Extreme rainfall up to 70 mm in 24 h,1,hanze,HANZE v3.0.1b id 2106; end 2018-06-05; persons affected n/a
hanze-2107,2018-06-05T12:00:00Z,day,46.56,2.43,country,France (FRI14),flash flood — Extreme rainfall up to 83 mm in 24 h,1,hanze,HANZE v3.0.1b id 2107; end 2018-06-06; persons affected n/a
hanze-2108,2018-08-09T12:00:00Z,day,46.56,2.43,country,France (FRK22;FRK23;FRJ12),flash flood — Extreme rainfall up to 333 mm in 24 h,1,hanze,HANZE v3.0.1b id 2108; end 2018-08-10; persons affected 1600
hanze-2109,2018-10-10T12:00:00Z,day,46.56,2.43,country,France (FRL05),flash flood — Extreme rainfall up to 175 mm in 24 h,2,hanze,HANZE v3.0.1b id 2109; end 2018-10-10; persons affected n/a
hanze-2110,2018-10-15T12:00:00Z,day,46.56,2.43,country,France (FRJ11),flash flood — Extreme rainfall up to 295 mm in 12 h,15,hanze,HANZE v3.0.1b id 2110; end 2018-10-15; persons affected 1400
hanze-2111,2019-10-22T12:00:00Z,day,46.56,2.43,country,France (FRJ13),flash flood — Extreme rainfall up to 252 mm in 24 h,1,hanze,HANZE v3.0.1b id 2111; end 2019-10-23; persons affected 1000
hanze-2112,2019-11-22T12:00:00Z,day,46.56,2.43,country,France (FRL03;FRL05),river flood — Heavy rainfall; two waves (up to 256 mm in 3 days; then up to 216 mm in 24 h),9,hanze,HANZE v3.0.1b id 2112; end 2019-12-02; persons affected n/a
hanze-2113,2019-12-10T12:00:00Z,day,46.56,2.43,country,France (FRI14),river flood — Heavy rainfall,1,hanze,HANZE v3.0.1b id 2113; end 2019-12-13; persons affected n/a
hanze-2114,2020-01-20T12:00:00Z,day,46.56,2.43,country,France (FRJ11;FRJ15),river flood — Heavy rainfall up to 426 mm in 3 days,0,hanze,HANZE v3.0.1b id 2114; end 2020-01-23; persons affected 1750
hanze-2115,2020-05-09T12:00:00Z,day,46.56,2.43,country,France (FRI12;FRI13),river flood — Heavy rainfall up to 213 mm in 3 days,0,hanze,HANZE v3.0.1b id 2115; end 2020-05-11; persons affected 285
hanze-2116,2020-09-18T12:00:00Z,day,46.56,2.43,country,France (FRJ12;FRJ13;FRJ14),flash flood — Extreme rainfall up to 520 mm in 24 h,2,hanze,HANZE v3.0.1b id 2116; end 2020-09-19; persons affected 421
hanze-2117,2020-10-02T12:00:00Z,day,46.56,2.43,country,France (FRL03),flash flood — Extreme rainfall up to 500 mm in 24 h,18,hanze,HANZE v3.0.1b id 2117; end 2020-10-03; persons affected 3700
hanze-3078,2020-12-27T12:00:00Z,day,46.56,2.43,country,France (FRI13;FRJ24),river flood — Heavy rainfall up to 62 mm in 48 h,0,hanze,HANZE v3.0.1b id 3078; end 2021-01-02; persons affected 1000
hanze-3079,2021-02-01T12:00:00Z,day,46.56,2.43,country,France (FRE11;FRI14;FRI21;FRI31;FRI32;FRJ25;FRJ27;FRJ28),river flood — Heavy rainfall up to 100 mm in 48 h,1,hanze,HANZE v3.0.1b id 3079; end 2021-02-10; persons affected n/a
hanze-3080,2021-06-20T12:00:00Z,day,46.56,2.43,country,France (FRE22),flash flood — Extreme rainfall up to 60 mm in 1 h,1,hanze,HANZE v3.0.1b id 3080; end 2021-06-21; persons affected n/a
hanze-3081,2021-07-13T12:00:00Z,day,46.56,2.43,country,France (FRE21;FRF21;FRF24;FRF32;FRF31),river flood — Heavy rainfall up to 105 mm in 24 h,0,hanze,HANZE v3.0.1b id 3081; end 2021-07-16; persons affected n/a
hanze-3082,2021-09-14T12:00:00Z,day,46.56,2.43,country,France (FRJ12),flash flood — Extreme rainfall up to 244 mm in 3 h,1,hanze,HANZE v3.0.1b id 3082; end 2021-09-14; persons affected 600
hanze-3083,2021-11-27T12:00:00Z,day,46.56,2.43,country,France (FRE11;FRE12),river flood — Heavy rainfall,1,hanze,HANZE v3.0.1b id 3083; end 2021-11-29; persons affected 300
hanze-3084,2021-12-09T12:00:00Z,day,46.56,2.43,country,France (FRI13;FRI15),river flood — Heavy rainfall up to 198 mm in 24 h and snowmelt,0,hanze,HANZE v3.0.1b id 3084; end 2021-12-12; persons affected 500
hanze-3085,2022-01-09T12:00:00Z,day,46.56,2.43,country,France (FRJ23),river flood — Heavy rainfall up to 155 mm in 36 h,1,hanze,HANZE v3.0.1b id 3085; end 2022-01-11; persons affected 700
hanze-3086,2023-10-18T12:00:00Z,day,46.56,2.43,country,France (FRL02;FRL03;FRK22),river flood — Heavy rainfall up to 250 mm in 24 h,0,hanze,HANZE v3.0.1b id 3086; end 2023-10-20; persons affected 311
hanze-3087,2023-11-01T12:00:00Z,day,46.56,2.43,country,France (FRE11;FRE12),river flood — Heavy rainfall up to 300 mm for the entire period of the phenomenon; several waves,0,hanze,HANZE v3.0.1b id 3087; end 2023-11-17; persons affected 3500
hanze-3088,2023-11-02T12:00:00Z,day,46.56,2.43,country,France (FRM01;FRM02),river flood — Heavy rainfall,0,hanze,HANZE v3.0.1b id 3088; end 2023-11-06; persons affected n/a
hanze-3089,2023-11-13T12:00:00Z,day,46.56,2.43,country,France (FRK27;FRK28;FRF34),river flood — Heavy rainfall up to 126 mm in 72 h,0,hanze,HANZE v3.0.1b id 3089; end 2023-11-16; persons affected 423
hanze-3090,2023-12-11T12:00:00Z,day,46.56,2.43,country,France (FRI31;FRI11),river flood — Heavy rainfall,0,hanze,HANZE v3.0.1b id 3090; end 2023-12-17; persons affected 5800
hanze-3091,2023-12-30T12:00:00Z,day,46.56,2.43,country,France (FRE11;FRE12),river flood — Heavy rainfall up to 40 mm in 24 h and 503 mm since mid-October,0,hanze,HANZE v3.0.1b id 3091; end 2024-01-03; persons affected 8336
hanze-3092,2024-01-02T12:00:00Z,day,46.56,2.43,country,France (FRG01),river flood — Heavy rainfall up to 56 mm in 24 h,1,hanze,HANZE v3.0.1b id 3092; end 2024-01-03; persons affected n/a
hanze-3093,2024-03-09T12:00:00Z,day,46.56,2.43,country,France (FRJ12;FRJ13;FRK22;FRL05),river flood — Heavy rainfall up to 330 mm in 48 h,8,hanze,HANZE v3.0.1b id 3093; end 2024-03-10; persons affected 90
hanze-3094,2024-03-29T12:00:00Z,day,46.56,2.43,country,France (FRB04;FRI34;FRC11;FRB03;FRC13),river flood — Heavy rainfall up to 100 mm in 48 h,0,hanze,HANZE v3.0.1b id 3094; end 2024-04-04; persons affected 1928
hanze-3095,2024-06-29T12:00:00Z,day,46.56,2.43,country,France (FRF24),flash flood — Extreme rainfall,0,hanze,HANZE v3.0.1b id 3095; end 2024-06-30; persons affected 440
hanze-3096,2024-10-16T12:00:00Z,day,46.56,2.43,country,France (FRJ14;FRK13;FRK22;FRK25;FRK26),river flood — Heavy rainfall up to 694 mm in 60 h,0,hanze,HANZE v3.0.1b id 3096; end 2024-10-18; persons affected 2485
hanze-3097,2025-01-25T12:00:00Z,day,46.56,2.43,country,France (FRH03;FRH04;FRG01),river flood — Heavy rainfall up to 100 mm in 5 days,0,hanze,HANZE v3.0.1b id 3097; end 2025-01-31; persons affected 1900
hanze-3098,2025-05-19T12:00:00Z,day,46.56,2.43,country,France (FRL05),flash flood — Extreme rainfall up to 256 mm in 1 h,3,hanze,HANZE v3.0.1b id 3098; end 2025-05-20; persons affected n/a
hanze-3188,2025-09-21T12:00:00Z,day,46.56,2.43,country,France (FRH01),flash flood — Extreme rainfall up to 104 mm in 4.5 h,1,hanze,HANZE v3.0.1b id 3188; end 2025-09-22; persons affected n/a
hanze-3189,2025-11-16T12:00:00Z,day,46.56,2.43,country,France (FRK22),flash flood — Extreme rainfall up to 37 mm in 1 h,1,hanze,HANZE v3.0.1b id 3189; end 2025-11-16; persons affected n/a
hanze-275,1872-11-13T12:00:00Z,day,51.11,10.39,country,Germany (DE803;DE80K;DE80L;DE80M;DE80N;DEF01;DEF02;DEF03;DEF08;DEF0A;),coastal flood — Storm surge up to 3.76 m,63,hanze,HANZE v3.0.1b id 275; end 1872-11-14; persons affected 15160
hanze-276,1875-08-04T12:00:00Z,day,51.11,10.39,country,Germany (DEB14),flash flood — Extreme rainfall,32,hanze,HANZE v3.0.1b id 276; end 1875-08-04; persons affected n/a
hanze-277,1880-06-13T12:00:00Z,day,51.11,10.39,country,Germany (DED2D),flash flood — Extreme rainfall,64,hanze,HANZE v3.0.1b id 277; end 1880-06-13; persons affected 1200
hanze-278,1881-05-28T12:00:00Z,day,51.11,10.39,country,Germany (DED2F),flash flood — Extreme rainfall,5,hanze,HANZE v3.0.1b id 278; end 1881-05-28; persons affected n/a
hanze-279,1882-12-01T12:00:00Z,day,51.11,10.39,country,Germany (DE126;DE132;DE133;DE134;DE139;DE712;DE715;DE717;DE71A;DE71D;),river flood — Heavy rainfall and snowmelt,60,hanze,HANZE v3.0.1b id 279; end 1883-01-20; persons affected 70000
hanze-281,1888-03-20T12:00:00Z,day,51.11,10.39,country,Germany (DE40F;DE80O;DE934;DE935),river flood — Snowmelt and ice jam,200,hanze,HANZE v3.0.1b id 281; end 1888-04-13; persons affected n/a
hanze-2347,1888-03-18T12:00:00Z,day,51.11,10.39,country,Germany (PL618;PL621;PL634;PL638),river flood — Snowmelt and ice jam,,hanze,HANZE v3.0.1b id 2347; end 1888-03-26; persons affected n/a
hanze-2348,1888-03-25T12:00:00Z,day,51.11,10.39,country,Germany (PL415),river flood — Snowmelt,,hanze,HANZE v3.0.1b id 2348; end 1888-03-30; persons affected 22000
hanze-282,1890-11-24T12:00:00Z,day,51.11,10.39,country,Germany (DEE08;DEE0B;DEG03;DEG0U;DEG0J;DEG0K),river flood — Heavy rainfall,0,hanze,HANZE v3.0.1b id 282; end 1890-11-27; persons affected n/a
hanze-284,1897-07-29T12:00:00Z,day,51.11,10.39,country,Germany (DED21;DED2F;DED42;DED43),flash flood — Extreme rainfall up to 239 mm in 24 h,23,hanze,HANZE v3.0.1b id 284; end 1897-07-30; persons affected 1260
hanze-285,1897-07-29T12:00:00Z,day,51.11,10.39,country,Germany (PL515;PL517),river flood — Heavy rainfall up to 150 mm in 24 h,28,hanze,HANZE v3.0.1b id 285; end 1897-08-04; persons affected n/a
hanze-2118,1902-06-16T12:00:00Z,day,51.11,10.39,country,Germany (PL227;PL524),river flood — Heavy rainfall up to 515 mm in 11 days; 3 flood waves,0,hanze,HANZE v3.0.1b id 2118; end 1902-06-28; persons affected 800
hanze-287,1903-07-09T12:00:00Z,day,51.11,10.39,country,Germany (PL227;PL431;PL432;PL514;PL515;PL516;PL517;PL518;PL523;PL524),river flood — Heavy rainfall up to 400 mm in 48 h,5,hanze,HANZE v3.0.1b id 287; end 1903-07-27; persons affected n/a
hanze-288,1909-02-02T12:00:00Z,day,51.11,10.39,country,Germany (DE731;DE734;DE912;DE916;DE917;DE91B;DE91C;DEA46;DEE09;DE925;),river flood — Heavy rainfall up to 129 mm in 24 h and snowmelt,,hanze,HANZE v3.0.1b id 288; end 1909-02-20; persons affected n/a
hanze-289,1910-06-14T12:00:00Z,day,51.11,10.39,country,Germany (DE271),flash flood — Extreme rainfall,0,hanze,HANZE v3.0.1b id 289; end 1910-06-15; persons affected n/a
hanze-3029,1910-06-12T12:00:00Z,day,51.11,10.39,country,Germany (DEB12),flash flood — Extreme rainfall,52,hanze,HANZE v3.0.1b id 3029; end 1910-06-13; persons affected n/a
hanze-2349,1914-01-09T12:00:00Z,day,51.11,10.39,country,Germany (PL633),coastal flood — Storm surge up to 1.6 m,,hanze,HANZE v3.0.1b id 2349; end 1914-01-09; persons affected n/a
hanze-290,1918-01-01T12:00:00Z,day,51.11,10.39,country,Germany (DEB14;DEB1D;DEB3G),river flood — Heavy rainfall and snowmelt,0,hanze,HANZE v3.0.1b id 290; end 1918-01-31; persons affected n/a
hanze-291,1920-09-07T12:00:00Z,day,51.11,10.39,country,Germany (DE215;DE218;DE21A;DE21K;DE21M;DE222;DE224),river flood — Heavy rainfall,,hanze,HANZE v3.0.1b id 291; end 1920-09-09; persons affected n/a
hanze-292,1924-03-01T12:00:00Z,day,51.11,10.39,country,Germany (DE211;DE219;DE21I;DE21J;DE226;DE275;DE27D),river flood — Heavy rainfall,0,hanze,HANZE v3.0.1b id 292; end 1924-03-31; persons affected n/a
hanze-293,1925-12-26T12:00:00Z,day,51.11,10.39,country,Germany (DEA11;DEA1D;DEA23;DEA24;DEA2C;DEB11;DEB12;DEB17;DEB18;DEB1A),river flood — Heavy rainfall and snowmelt,0,hanze,HANZE v3.0.1b id 293; end 1926-01-03; persons affected 112000
hanze-294,1926-06-14T12:00:00Z,day,51.11,10.39,country,Germany (DE403;DE40C;DE40G;PL431;PL432),river flood — Heavy rainfall,0,hanze,HANZE v3.0.1b id 294; end 1926-06-27; persons affected n/a
hanze-295,1927-07-08T12:00:00Z,day,51.11,10.39,country,Germany (DED2F),flash flood — Extreme rainfall up to 113 mm in 25 min,146,hanze,HANZE v3.0.1b id 295; end 1927-07-09; persons affected 1800
hanze-2119,1930-10-30T12:00:00Z,day,51.11,10.39,country,Germany (DE403;PL431),river flood — Heavy rainfall up to 212 mm in 5 days and snowmelt,0,hanze,HANZE v3.0.1b id 2119; end 1930-11-15; persons affected 1500
hanze-296,1931-07-06T12:00:00Z,day,51.11,10.39,country,Germany (DED42),flash flood — Extreme rainfall,1,hanze,HANZE v3.0.1b id 296; end 1931-07-06; persons affected n/a
hanze-2908,1938-08-25T12:00:00Z,day,51.11,10.39,country,Germany (PL517;PL523),river flood — Heavy rainfall up to 197 mm in 24 h,0,hanze,HANZE v3.0.1b id 2908; end 1938-09-11; persons affected n/a
hanze-2120,1939-07-25T12:00:00Z,day,51.11,10.39,country,Germany (PL227;PL524),river flood — Heavy rainfall,0,hanze,HANZE v3.0.1b id 2120; end 1939-07-28; persons affected n/a
hanze-2121,1940-03-17T12:00:00Z,day,51.11,10.39,country,Germany (PL432),river flood — Ice jam,0,hanze,HANZE v3.0.1b id 2121; end 1940-03-17; persons affected n/a
hanze-3030,1941-03-01T12:00:00Z,day,51.11,10.39,country,Germany (DE934),river flood — Snowmelt,0,hanze,HANZE v3.0.1b id 3030; end 1941-04-30; persons affected n/a
hanze-297,1946-02-10T12:00:00Z,day,51.11,10.39,country,Germany (DE929),river flood — Snowmelt,0,hanze,HANZE v3.0.1b id 297; end 1946-02-10; persons affected n/a
hanze-2122,1946-02-07T12:00:00Z,day,51.11,10.39,country,Germany (DE949;DEA33;DEA37;DEA42),river flood — Heavy rainfall up to 120 mm in 2 days and snowmelt,0,hanze,HANZE v3.0.1b id 2122; end 1946-02-14; persons affected 9500
hanze-298,1947-03-21T12:00:00Z,day,51.11,10.39,country,Germany (DE409),river flood — Ice jam and snowmelt,23,hanze,HANZE v3.0.1b id 298; end 1947-03-24; persons affected 20000
hanze-299,1954-06-27T12:00:00Z,day,51.11,10.39,country,Germany (DE211;DE214;DE218;DE219;DE21A;DE21M;DE221;DE222;DE223;DE224;),river flood — Heavy rainfall up to 200 mm in 24 h; 488 mm over the period of the event,12,hanze,HANZE v3.0.1b id 299; end 1954-07-08; persons affected 9000
hanze-3031,1954-07-21T12:00:00Z,day,51.11,10.39,country,Germany (DE934),river flood — Heavy rainfall up to 362 mm in 7 days,0,hanze,HANZE v3.0.1b id 3031; end 1954-07-24; persons affected n/a
hanze-3032,1954-07-07T12:00:00Z,day,51.11,10.39,country,Germany (DED21;DED44;DED45;DEG0L),river flood — Heavy rainfall up to 362 mm in 7 days,2,hanze,HANZE v3.0.1b id 3032; end 1954-07-21; persons affected n/a
hanze-300,1955-07-20T12:00:00Z,day,51.11,10.39,country,Germany (DED42),flash flood — Extreme rainfall,7,hanze,HANZE v3.0.1b id 300; end 1955-07-20; persons affected n/a
hanze-301,1956-07-14T12:00:00Z,day,51.11,10.39,country,Germany (DE734;DE736;DE737;DE911;DE914;DE918;DE91C;DE922;DE923;DE925;),river flood — Heavy rainfall,0,hanze,HANZE v3.0.1b id 301; end 1956-07-25; persons affected n/a
hanze-3033,1957-07-23T12:00:00Z,day,51.11,10.39,country,Germany (DED2F),flash flood — Extreme rainfall,0,hanze,HANZE v3.0.1b id 3033; end 1957-07-23; persons affected n/a
hanze-302,1958-07-03T12:00:00Z,day,51.11,10.39,country,Germany (DED21;DED2F;DED43),river flood — Heavy rainfall up to 190 mm in 3 days,4,hanze,HANZE v3.0.1b id 302; end 1958-07-06; persons affected n/a
hanze-6010,1961-06-02T12:00:00Z,day,51.11,10.39,country,Germany (DE916;DE918;DE91C;DEA12;DEA1C;DEE09),river flood — Heavy rainfall,9,hanze,HANZE v3.0.1b id 6010; end 1961-06-08; persons affected n/a
hanze-303,1962-02-16T12:00:00Z,day,51.11,10.39,country,Germany (DE501;DE502;DE600;DE932;DE939;DE94G;DEF07;DEF09;DEF0E),coastal flood — Storm surge,347,hanze,HANZE v3.0.1b id 303; end 1962-02-17; persons affected 30000
hanze-6011,1965-07-15T12:00:00Z,day,51.11,10.39,country,Germany (DEA44;DEA45;DEA47;DEA57;DE731;DE734;DE736;DE918;DE91C;DE925;),flash flood — Extreme rainfall,16,hanze,HANZE v3.0.1b id 6011; end 1965-07-16; persons affected n/a
hanze-304,1966-07-19T12:00:00Z,day,51.11,10.39,country,Germany (DE923),flash flood — Extreme rainfall,0,hanze,HANZE v3.0.1b id 304; end 1966-07-19; persons affected 1000
hanze-305,1970-02-22T12:00:00Z,day,51.11,10.39,country,Germany (DE118;DE125;DE126;DE128;DE25B;DE712;DE714;DE715;DE716;DE717;),river flood — Heavy rainfall and snowmelt,6,hanze,HANZE v3.0.1b id 305; end 1970-03-01; persons affected n/a
hanze-306,1970-08-03T12:00:00Z,day,51.11,10.39,country,Germany (DE21D;DE222;DE228;DE27B;DE27C;DE27E),river flood — Heavy rainfall up to 135 mm in 36 h,1,hanze,HANZE v3.0.1b id 306; end 1970-08-04; persons affected n/a
hanze-2643,1970-05-12T12:00:00Z,day,51.11,10.39,country,Germany (DEC01;DEC04),river flood — Heavy rainfall,5,hanze,HANZE v3.0.1b id 2643; end 1970-05-13; persons affected n/a
hanze-307,1972-08-15T12:00:00Z,day,51.11,10.39,country,Germany (DE111),flash flood — Extreme rainfall,7,hanze,HANZE v3.0.1b id 307; end 1972-08-15; persons affected n/a
hanze-308,1973-12-03T12:00:00Z,day,51.11,10.39,country,Germany (DE600;DE947;DE94H;DEF05;DEF07;DEF09),coastal flood — Storm surge up to 3.34 m,9,hanze,HANZE v3.0.1b id 308; end 1973-12-14; persons affected n/a
hanze-2644,1973-08-03T12:00:00Z,day,51.11,10.39,country,Germany (DE21A;DE21G),flash flood — Extreme rainfall,0,hanze,HANZE v3.0.1b id 2644; end 1973-08-04; persons affected 10
hanze-309,1975-06-24T12:00:00Z,day,51.11,10.39,country,Germany (DE137;DE143;DE21A;DE21L;DE241;DE245;DE268;DEE0B),river flood — Heavy rainfall,0,hanze,HANZE v3.0.1b id 309; end 1975-07-05; persons affected n/a
hanze-310,1975-08-15T12:00:00Z,day,51.11,10.39,country,Germany (DE111),flash flood — Extreme rainfall,6,hanze,HANZE v3.0.1b id 310; end 1975-08-15; persons affected n/a
hanze-311,1976-01-02T12:00:00Z,day,51.11,10.39,country,Germany (DE600;DE932;DE939;DEF05;DEF07),coastal flood — Storm surge up to 6.5 m,0,hanze,HANZE v3.0.1b id 311; end 1976-01-03; persons affected 10000
hanze-312,1977-08-22T12:00:00Z,day,51.11,10.39,country,Germany (DE733),flash flood — Extreme rainfall,0,hanze,HANZE v3.0.1b id 312; end 1977-08-22; persons affected n/a
hanze-2645,1977-08-01T12:00:00Z,day,51.11,10.39,country,Germany (DE215;DE216;DE21D;DE21F;DE21M;DE27E),flash flood — Extreme rainfall,0,hanze,HANZE v3.0.1b id 2645; end 1977-08-03; persons affected n/a
hanze-313,1978-05-22T12:00:00Z,day,51.11,10.39,country,Germany (DE111;DE113;DE115;DE117;DE118;DE119;DE121;DE122;DE123;DE128;),river flood — Heavy rainfall up to 118 mm in 24 h,3,hanze,HANZE v3.0.1b id 313; end 1978-05-26; persons affected 1000
hanze-2646,1978-06-17T12:00:00Z,day,51.11,10.39,country,Germany (DE117;DE118),flash flood — Extreme rainfall up to 130 mm in 3 h,0,hanze,HANZE v3.0.1b id 2646; end 1978-06-17; persons affected n/a
hanze-6012,1979-06-19T12:00:00Z,day,51.11,10.39,country,Germany (DE212;DE21N;DE222;DE228),river flood — Heavy rainfall up to 125 mm in 3 days,0,hanze,HANZE v3.0.1b id 6012; end 1979-06-24; persons affected n/a
hanze-314,1980-01-30T12:00:00Z,day,51.11,10.39,country,Germany (DE111;DE146;DE149;DE246;DEA22;DEA23;DEA46),river flood — Heavy rainfall and snowmelt,1,hanze,HANZE v3.0.1b id 314; end 1980-02-14; persons affected n/a
hanze-6013,1980-07-30T12:00:00Z,day,51.11,10.39,country,Germany (DE136),river flood — Heavy rainfall up to 125 mm in 3 days,0,hanze,HANZE v3.0.1b id 6013; end 1980-07-30; persons affected n/a
hanze-315,1981-03-08T12:00:00Z,day,51.11,10.39,country,Germany (DE241;DE243;DE245;DE247;DE24A;DE24B;DE24C),river flood — Heavy rainfall up to 51 mm in 48 h,3,hanze,HANZE v3.0.1b id 315; end 1981-03-14; persons affected 6000
hanze-316,1981-06-04T12:00:00Z,day,51.11,10.39,country,Germany (DE737;DE918;DE91C;DE931;DEG09),flash flood — Extreme rainfall,2,hanze,HANZE v3.0.1b id 316; end 1981-06-04; persons affected n/a
hanze-317,1981-07-21T12:00:00Z,day,51.11,10.39,country,Germany (DE213;DE21G;DE21K;DE222;DE228),river flood — Heavy rainfall up to 190 mm in 60 h,4,hanze,HANZE v3.0.1b id 317; end 1981-07-23; persons affected n/a
hanze-2719,1981-11-24T12:00:00Z,day,51.11,10.39,country,Germany (DE600;DEF07),coastal flood — Storm surge above 4 m (wind up to 160 km/h),0,hanze,HANZE v3.0.1b id 2719; end 1981-11-25; persons affected 200
hanze-2931,1981-03-08T12:00:00Z,day,51.11,10.39,country,Germany (DEE06;DEE0D;DEG0S;DEG0Q;DEG0C),river flood — Heavy rainfall up to 51 mm in 48 h,0,hanze,HANZE v3.0.1b id 2931; end 1981-03-14; persons affected 19400
hanze-6014,1981-08-09T12:00:00Z,day,51.11,10.39,country,Germany (DE134;DE241;DE261;DE264;DE712;DE718;DE71D;DE71E;DE721;DE732;),river flood — Heavy rainfall up to 140 mm in 24 h,3,hanze,HANZE v3.0.1b id 6014; end 1981-08-11; persons affected 4000
hanze-6015,1981-10-19T12:00:00Z,day,51.11,10.39,country,Germany (DEC01;DEC02;DEC03;DEC04;DEC05),flash flood — Extreme rainfall,0,hanze,HANZE v3.0.1b id 6015; end 1981-10-19; persons affected n/a
hanze-318,1982-01-05T12:00:00Z,day,51.11,10.39,country,Germany (DE241;DE245;DE253;DE258;DEA23;DEB11;DEB17;DEB21;DEB25),river flood — Heavy rainfall and snowmelt,1,hanze,HANZE v3.0.1b id 318; end 1982-01-07; persons affected n/a
hanze-319,1982-01-31T12:00:00Z,day,51.11,10.39,country,Germany (DE253;DE258;DE27D;DEA23),river flood — Heavy rainfall,3,hanze,HANZE v3.0.1b id 319; end 1982-02-03; persons affected n/a
hanze-320,1983-04-10T12:00:00Z,day,51.11,10.39,country,Germany (DEA22;DEA23;DEA2C;DEB11;DEB17;DEB1C;DEB21;DEB22;DEB25),river flood — Heavy rainfall,0,hanze,HANZE v3.0.1b id 320; end 1983-04-14; persons affected n/a
hanze-321,1983-05-25T12:00:00Z,day,51.11,10.39,country,Germany (DE117;DE122;DE125;DEA11;DEA22;DEA23;DEB11;DEB17;DEB1C;DEB21;),river flood — Heavy rainfall,6,hanze,HANZE v3.0.1b id 321; end 1983-05-31; persons affected n/a
hanze-6016,1983-06-14T12:00:00Z,day,51.11,10.39,country,Germany (DE21D;DE273),flash flood — Extreme rainfall up to 63 mm in 24 h,0,hanze,HANZE v3.0.1b id 6016; end 1983-06-14; persons affected n/a
hanze-322,1984-02-06T12:00:00Z,day,51.11,10.39,country,Germany (DE721;DE722;DE724;DEA22;DEA2C;DEA2D;DEA57;DEA5A;DEB13;DEB1A;),river flood — Heavy rainfall and snowmelt,3,hanze,HANZE v3.0.1b id 322; end 1984-02-10; persons affected n/a
hanze-323,1984-06-21T12:00:00Z,day,51.11,10.39,country,Germany (DE11B),flash flood — Extreme rainfall up to 200 mm in 3 h,0,hanze,HANZE v3.0.1b id 323; end 1984-06-21; persons affected 7000
hanze-2935,1984-08-11T12:00:00Z,day,51.11,10.39,country,Germany (DE114),flash flood — Extreme rainfall up to 58 mm in 24 h,0,hanze,HANZE v3.0.1b id 2935; end 1984-08-11; persons affected 600
hanze-6018,1984-08-15T12:00:00Z,day,51.11,10.39,country,Germany (DE135),flash flood — Extreme rainfall,0,hanze,HANZE v3.0.1b id 6018; end 1984-08-15; persons affected 240
hanze-2720,1985-07-06T12:00:00Z,day,51.11,10.39,country,Germany (DEA2D),flash flood — Extreme rainfall,2,hanze,HANZE v3.0.1b id 2720; end 1985-07-07; persons affected n/a
hanze-324,1986-04-30T12:00:00Z,day,51.11,10.39,country,Germany (DE112;DE113;DE114),flash flood — Extreme rainfall,3,hanze,HANZE v3.0.1b id 324; end 1986-04-30; persons affected n/a
hanze-325,1988-03-17T12:00:00Z,day,51.11,10.39,country,Germany (DED21;DEE0C),river flood — Heavy rainfall,2,hanze,HANZE v3.0.1b id 325; end 1988-03-28; persons affected n/a
hanze-326,1988-03-26T12:00:00Z,day,51.11,10.39,country,Germany (DE222;DE223;DE228;DE232;DE245;DE252;DE25B;DE263;DE267;DE268;),river flood — Heavy rainfall,6,hanze,HANZE v3.0.1b id 326; end 1988-04-04; persons affected 3500
hanze-327,1990-02-13T12:00:00Z,day,51.11,10.39,country,Germany (DE13A),river flood — Heavy rainfall and snowmelt,3,hanze,HANZE v3.0.1b id 327; end 1990-02-19; persons affected n/a
hanze-328,1990-05-09T12:00:00Z,day,51.11,10.39,country,Germany (DE71D;DE725),flash flood — Extreme rainfall up to 48 mm in 30 min,2,hanze,HANZE v3.0.1b id 328; end 1990-05-09; persons affected n/a
hanze-2752,1990-02-13T12:00:00Z,day,51.11,10.39,country,Germany (DE136;DE21J),river flood — Heavy rainfall and snowmelt,1,hanze,HANZE v3.0.1b id 2752; end 1990-02-19; persons affected n/a
hanze-329,1991-08-01T12:00:00Z,day,51.11,10.39,country,Germany (DE222;DE224;DE228;DE22B;DE235;DE238),river flood — Heavy rainfall up to 60 mm in 36 h,5,hanze,HANZE v3.0.1b id 329; end 1991-08-05; persons affected n/a
hanze-6021,1992-06-10T12:00:00Z,day,51.11,10.39,country,Germany (DE273;DE27E),flash flood — Extreme rainfall,0,hanze,HANZE v3.0.1b id 6021; end 1992-06-11; persons affected n/a
hanze-6022,1992-07-06T12:00:00Z,day,51.11,10.39,country,Germany (DED43),flash flood — Extreme rainfall up to 170 mm in 3.5 h,1,hanze,HANZE v3.0.1b id 6022; end 1992-07-06; persons affected n/a
hanze-330,1993-12-20T12:00:00Z,day,51.11,10.39,country,Germany (DE115;DE122;DE125;DE254;DE25A;DE25B;DEA1B;DEA22;DEA23;DEA2C;),river flood — Heavy rainfall and snowmelt,5,hanze,HANZE v3.0.1b id 330; end 1994-01-10; persons affected 100000
hanze-331,1994-04-13T12:00:00Z,day,51.11,10.39,country,Germany (DEE02;DEE08;DEE09;DEE0A;DEE0B;DEE0C;DEG03;DEG05;DEG0G;DEG0U;),river flood — Heavy rainfall and snowmelt,2,hanze,HANZE v3.0.1b id 331; end 1994-04-18; persons affected n/a
hanze-332,1994-06-27T12:00:00Z,day,51.11,10.39,country,Germany (DE134;DE148;DE273;DE300;DE40E),flash flood — Extreme rainfall up to 177 mm in 90 min,3,hanze,HANZE v3.0.1b id 332; end 1994-06-29; persons affected n/a
hanze-333,1995-01-22T12:00:00Z,day,51.11,10.39,country,Germany (DE725;DE931;DEA11;DEA22;DEA23;DEA2C;DEB11;DEB17;DEB18;DEB1C),river flood — Heavy rainfall (3 events); up to 402 mm during January; and snowmelt,3,hanze,HANZE v3.0.1b id 333; end 1995-01-31; persons affected 30000
hanze-334,1995-06-01T12:00:00Z,day,51.11,10.39,country,Germany (DE212;DE213;DE21D;DE21F;DE21H;DE21K),river flood — Heavy rainfall,5,hanze,HANZE v3.0.1b id 334; end 1995-06-08; persons affected n/a
hanze-6023,1995-06-26T12:00:00Z,day,51.11,10.39,country,Germany (DE21M),flash flood — Extreme rainfall,0,hanze,HANZE v3.0.1b id 6023; end 1995-06-26; persons affected n/a
hanze-335,1997-07-10T12:00:00Z,day,51.11,10.39,country,Germany (DE259;DE403;DE409;DE40C),river flood — Heavy rainfall,1,hanze,HANZE v3.0.1b id 335; end 1997-08-09; persons affected 6500
hanze-2751,1997-02-27T12:00:00Z,day,51.11,10.39,country,Germany (DEC01),flash flood — Extreme rainfall,1,hanze,HANZE v3.0.1b id 2751; end 1997-02-27; persons affected n/a
hanze-336,1998-10-28T12:00:00Z,day,51.11,10.39,country,Germany (DE256;DE26C;DE911;DE914;DE916;DE918;DE91C;DE925;DE926;DE927;),river flood — Heavy rainfall up to 212 mm in 4 days,2,hanze,HANZE v3.0.1b id 336; end 1998-11-03; persons affected n/a
hanze-337,1999-02-19T12:00:00Z,day,51.11,10.39,country,Germany (DE138;DE147;DEB34),river flood — Heavy rainfall,2,hanze,HANZE v3.0.1b id 337; end 1999-02-22; persons affected n/a
hanze-338,1999-05-12T12:00:00Z,day,51.11,10.39,country,Germany (DE122;DE132;DE138;DE139;DE147;DE211;DE216;DE219;DE21D;DE21L;),river flood — Snowmelt and rainfall; two flood waves; first from Switzerland (12 May); second in Bavaria (22 May),7,hanze,HANZE v3.0.1b id 338; end 1999-05-29; persons affected 100000
hanze-6024,1999-07-05T12:00:00Z,day,51.11,10.39,country,Germany (DED42),flash flood — Extreme rainfall up to 160 mm in 90 min,1,hanze,HANZE v3.0.1b id 6024; end 1999-07-06; persons affected n/a
hanze-339,2000-08-05T12:00:00Z,day,51.11,10.39,country,Germany (DE213;DE215;DE21K;DE226;DE27B;DE27C;DE27E),river flood — Heavy rainfall,2,hanze,HANZE v3.0.1b id 339; end 2000-08-06; persons affected n/a
hanze-2900,2000-03-16T12:00:00Z,day,51.11,10.39,country,Germany (DEE01),river flood — Heavy rainfall and snowmelt,1,hanze,HANZE v3.0.1b id 2900; end 2000-03-19; persons affected n/a
hanze-340,2002-06-06T12:00:00Z,day,51.11,10.39,country,Germany (DE274;DE276;DE278;DE27C;DE27E),flash flood — Extreme rainfall,8,hanze,HANZE v3.0.1b id 340; end 2002-06-07; persons affected n/a
hanze-341,2002-08-11T12:00:00Z,day,51.11,10.39,country,Germany (DE141;DE215;DE218;DE21K;DE21M;DE222;DE223;DE224;DE228;DE229;),river flood — Heavy rainfall (2 waves); daily precipitation up to 160 mm,27,hanze,HANZE v3.0.1b id 341; end 2002-08-28; persons affected 330000
hanze-342,2003-01-01T12:00:00Z,day,51.11,10.39,country,Germany (DE11B;DE238;DE239;DE265;DEA22;DEA57;DEB11;DEB17;DEB1D;DEB23;),river flood — Heavy rainfall,6,hanze,HANZE v3.0.1b id 342; end 2003-01-08; persons affected n/a
hanze-343,2005-03-25T12:00:00Z,day,51.11,10.39,country,Germany (DE138),flash flood — Extreme rainfall up to 26 mm in 12 h,1,hanze,HANZE v3.0.1b id 343; end 2005-03-25; persons affected n/a
hanze-344,2005-08-21T12:00:00Z,day,51.11,10.39,country,Germany (DE211;DE212;DE216;DE217;DE219;DE21B;DE21D;DE21F;DE21G;DE21H;),river flood — Heavy rainfall up to 286 mm in 2 days,2,hanze,HANZE v3.0.1b id 344; end 2005-08-26; persons affected n/a
hanze-6037,2005-07-07T12:00:00Z,day,51.11,10.39,country,Germany (DE21E;DE21M),river flood — Heavy rainfall up to 133 mm in 24 h,1,hanze,HANZE v3.0.1b id 6037; end 2005-07-13; persons affected n/a
hanze-345,2006-03-28T12:00:00Z,day,51.11,10.39,country,Germany (DE113;DE139;DE219;DE80O;DE934;DED21;DED2E;DED2F;DED53;DEE0A),river flood — Snowmelt and heavy rainfall,3,hanze,HANZE v3.0.1b id 345; end 2006-04-17; persons affected 1000
hanze-2901,2006-09-17T12:00:00Z,day,51.11,10.39,country,Germany (DE722),flash flood — Extreme rainfall,0,hanze,HANZE v3.0.1b id 2901; end 2006-09-18; persons affected n/a
hanze-6038,2007-07-21T12:00:00Z,day,51.11,10.39,country,Germany (DE248;DE257),flash flood — Extreme rainfall,1,hanze,HANZE v3.0.1b id 6038; end 2007-07-22; persons affected 10000
hanze-6039,2008-02-29T12:00:00Z,day,51.11,10.39,country,Germany (DE71B),flash flood — Extreme rainfall,1,hanze,HANZE v3.0.1b id 6039; end 2008-02-29; persons affected n/a
hanze-6040,2008-06-01T12:00:00Z,day,51.11,10.39,country,Germany (DE143),flash flood — Extreme rainfall up to 250 mm in 24 h,3,hanze,HANZE v3.0.1b id 6040; end 2008-06-02; persons affected n/a
hanze-346,2009-06-22T12:00:00Z,day,51.11,10.39,country,Germany (DE214;DE215;DE216;DE21F;DE21M;DE222;DE228),river flood — Heavy rainfall up to 70 mm in 24 h,0,hanze,HANZE v3.0.1b id 346; end 2009-06-27; persons affected n/a
hanze-347,2009-06-27T12:00:00Z,day,51.11,10.39,country,Germany (DE111;DE116;DE131;DE136;DE300;DE403;DE715;DEA11;DEA13;DEA14;),river flood — Heavy rainfall,0,hanze,HANZE v3.0.1b id 347; end 2009-07-04; persons affected n/a
hanze-348,2010-08-06T12:00:00Z,day,51.11,10.39,country,Germany (DE217;DE21A;DE21B;DE21L;DE25B;DE409;DE40C;DE40G;DED2C;DED2D;),flash flood — Extreme rainfall up to 130 mm in 12 h,3,hanze,HANZE v3.0.1b id 348; end 2010-08-08; persons affected 1400
hanze-349,2010-09-27T12:00:00Z,day,51.11,10.39,country,Germany (DE407;DE40B;DED2C;DED2D;DED2E;DED51;DED52;DEE0B;DEE0E),river flood — Heavy rainfall up to 67 mm in 24 h,0,hanze,HANZE v3.0.1b id 349; end 2010-10-03; persons affected n/a
hanze-2899,2010-06-07T12:00:00Z,day,51.11,10.39,country,Germany (DE117;DE118),flash flood — Extreme rainfall up to 30 mm in 15 min,1,hanze,HANZE v3.0.1b id 2899; end 2010-06-08; persons affected n/a
hanze-2902,2010-08-26T12:00:00Z,day,51.11,10.39,country,Germany (DE928;DE944;DE94B;DE94E;DEA34;DEA37;DEA46),flash flood — Extreme rainfall up to 128 mm in 24 h,0,hanze,HANZE v3.0.1b id 2902; end 2010-08-27; persons affected n/a
hanze-350,2011-01-07T12:00:00Z,day,51.11,10.39,country,Germany (DE116;DE11B;DE129;DE12B;DE222;DE263;DE923;DEA13;DEA22;DEA51;),river flood — Heavy rainfall and snowmelt,5,hanze,HANZE v3.0.1b id 350; end 2011-01-25; persons affected n/a
hanze-351,2012-12-23T12:00:00Z,day,51.11,10.39,country,Germany (DE126;DE26A;DEA13;DEB11;DEB1A),river flood — Heavy rainfall,3,hanze,HANZE v3.0.1b id 351; end 2012-12-30; persons affected n/a
hanze-352,2013-05-28T12:00:00Z,day,51.11,10.39,country,Germany (DE113;DE116;DE11B;DE129;DE141;DE142;DE213;DE215;DE21A;DE21B;),river flood — Heavy rainfall up to 346 mm in 3 days,14,hanze,HANZE v3.0.1b id 352; end 2013-06-20; persons affected 600000
hanze-353,2014-07-28T12:00:00Z,day,51.11,10.39,country,Germany (DE112;DE135;DE137;DE142;DEA33;DEA37),flash flood — Extreme rainfall up to 60 mm in 6 h,3,hanze,HANZE v3.0.1b id 353; end 2014-07-29; persons affected n/a
hanze-354,2015-01-03T12:00:00Z,day,51.11,10.39,country,Germany (DE12C),flash flood — Extreme rainfall up to 68 mm in 24 h and snowmelt,2,hanze,HANZE v3.0.1b id 354; end 2015-01-03; persons affected n/a
hanze-355,2015-06-12T12:00:00Z,day,51.11,10.39,country,Germany (DE13A;DE27E;DE408;DE711;DE71D;DEA1E),flash flood — Extreme rainfall up to 76 mm in 24 h,1,hanze,HANZE v3.0.1b id 355; end 2015-06-14; persons affected n/a
hanze-6000,2015-08-16T12:00:00Z,day,51.11,10.39,country,Germany (DEG06),flash flood — Extreme rainfall up to 130 mm in 4 h,1,hanze,HANZE v3.0.1b id 6000; end 2015-08-18; persons affected n/a
hanze-356,2016-04-16T12:00:00Z,day,51.11,10.39,country,Germany (DE131;DE139),flash flood — Extreme rainfall,1,hanze,HANZE v3.0.1b id 356; end 2016-04-17; persons affected n/a
hanze-357,2016-05-27T12:00:00Z,day,51.11,10.39,country,Germany (DE116;DE118;DE119;DE11A;DE11D;DE144;DE232;DE235;DE238;DE251;),river flood — Heavy rainfall,4,hanze,HANZE v3.0.1b id 357; end 2016-05-30; persons affected n/a
hanze-358,2016-05-31T12:00:00Z,day,51.11,10.39,country,Germany (DE113;DE11D;DE125;DE12A;DE21G;DE228;DE22A;DE600;DE712;DE71B;),river flood — Heavy rainfall up to 100 mm in 24 h,8,hanze,HANZE v3.0.1b id 358; end 2016-06-09; persons affected n/a
hanze-6001,2016-07-12T12:00:00Z,day,51.11,10.39,country,Germany (DE213),flash flood — Extreme rainfall up to 87 mm in 24 h,1,hanze,HANZE v3.0.1b id 6001; end 2016-07-12; persons affected n/a
hanze-6002,2017-07-24T12:00:00Z,day,51.11,10.39,country,Germany (DE916;DE917;DE91B;DE925;DEE09),river flood — Heavy rainfall up to 117 mm in 24 h,1,hanze,HANZE v3.0.1b id 6002; end 2017-07-27; persons affected 600
hanze-6003,2018-06-12T12:00:00Z,day,51.11,10.39,country,Germany (DE21D;DE221),flash flood — Extreme rainfall up to 52 mm in 1 h,1,hanze,HANZE v3.0.1b id 6003; end 2018-06-13; persons affected n/a
hanze-3034,2021-06-07T12:00:00Z,day,51.11,10.39,country,Germany (DE146),flash flood — Extreme rainfall up to 65 mm in 24 h,1,hanze,HANZE v3.0.1b id 3034; end 2021-06-08; persons affected 400
hanze-3035,2021-07-13T12:00:00Z,day,51.11,10.39,country,Germany (DEA11;DEA13;DEA15;DEA16;DEA17;DEA18;DEA19;DEA1A;DEA1C;DEA1D;),river flood — Heavy rainfall up to 150 mm in 18 h,185,hanze,HANZE v3.0.1b id 3035; end 2021-07-18; persons affected 85000
hanze-3036,2021-07-13T12:00:00Z,day,51.11,10.39,country,Germany (DE118;DE215;DE21F;DE21K;DE21M;DE244;DE248;DE249;DE251;DE256;),river flood — Heavy rainfall,3,hanze,HANZE v3.0.1b id 3036; end 2021-07-18; persons affected n/a
hanze-3037,2023-10-20T12:00:00Z,day,51.11,10.39,country,Germany (DEF0C;DEF0B;DEF08;DEF02;DE80L),coastal flood — Storm surge,0,hanze,HANZE v3.0.1b id 3037; end 2023-10-21; persons affected 2000
hanze-3038,2023-12-18T12:00:00Z,day,51.11,10.39,country,Germany (DE911;DE918;DE91C;DE925;DE928;DE929;DE931;DE938;DE936;DE93B;),river flood — Heavy rainfall,2,hanze,HANZE v3.0.1b id 3038; end 2024-01-03; persons affected n/a
hanze-3039,2024-05-17T12:00:00Z,day,51.11,10.39,country,Germany (DEC01;DEC03;DEC05;DEB14;DEB1C;DEB25;DEB3A),river flood — Heavy rainfall exceeding 100 mm in 24 h,0,hanze,HANZE v3.0.1b id 3039; end 2024-05-19; persons affected 600
hanze-3040,2024-05-30T12:00:00Z,day,51.11,10.39,country,Germany (DE114;DE116;DE11D;DE146;DE147;DE213;DE217;DE21B;DE21I;DE21J;),river flood — Heavy rainfall up to 223 mm in 48 h,9,hanze,HANZE v3.0.1b id 3040; end 2024-06-13; persons affected 6697
hanze-359,1887-10-22T12:00:00Z,day,39.07,22.96,country,Greece (EL303),flash flood — Extreme rainfall,1,hanze,HANZE v3.0.1b id 359; end 1887-10-22; persons affected n/a
hanze-360,1896-11-14T12:00:00Z,day,39.07,22.96,country,Greece (EL303;EL304;EL307),flash flood — Extreme rainfall,62,hanze,HANZE v3.0.1b id 360; end 1896-11-14; persons affected n/a
hanze-361,1899-11-05T12:00:00Z,day,39.07,22.96,country,Greece (EL301;EL303;EL307),flash flood — Extreme rainfall,7,hanze,HANZE v3.0.1b id 361; end 1899-11-05; persons affected n/a
hanze-362,1907-07-05T12:00:00Z,day,39.07,22.96,country,Greece (EL611),flash flood — Extreme rainfall,100,hanze,HANZE v3.0.1b id 362; end 1907-07-05; persons affected 6000
hanze-363,1924-11-04T12:00:00Z,day,39.07,22.96,country,Greece (EL653),flash flood — Extreme rainfall,15,hanze,HANZE v3.0.1b id 363; end 1924-11-04; persons affected n/a
hanze-364,1925-11-23T12:00:00Z,day,39.07,22.96,country,Greece (EL301;EL303;EL304),flash flood — Extreme rainfall,13,hanze,HANZE v3.0.1b id 364; end 1925-11-23; persons affected n/a
hanze-365,1928-11-28T12:00:00Z,day,39.07,22.96,country,Greece (EL653),flash flood — Extreme rainfall,10,hanze,HANZE v3.0.1b id 365; end 1928-11-28; persons affected 800
hanze-366,1930-02-21T12:00:00Z,day,39.07,22.96,country,Greece (EL303;EL304),flash flood — Extreme rainfall,1,hanze,HANZE v3.0.1b id 366; end 1930-02-21; persons affected n/a
hanze-367,1930-10-26T12:00:00Z,day,39.07,22.96,country,Greece (EL303;EL304),flash flood — Extreme rainfall,2,hanze,HANZE v3.0.1b id 367; end 1930-10-26; persons affected n/a
hanze-368,1933-12-02T12:00:00Z,day,39.07,22.96,country,Greece (EL303;EL304),flash flood — Extreme rainfall,2,hanze,HANZE v3.0.1b id 368; end 1933-12-02; persons affected n/a
hanze-369,1934-11-22T12:00:00Z,day,39.07,22.96,country,Greece (EL301;EL303;EL304),flash flood — Extreme rainfall,7,hanze,HANZE v3.0.1b id 369; end 1934-11-22; persons affected n/a
hanze-370,1936-11-05T12:00:00Z,day,39.07,22.96,country,Greece (EL304),flash flood — Extreme rainfall,2,hanze,HANZE v3.0.1b id 370; end 1936-11-05; persons affected n/a
hanze-2537,1937-10-17T12:00:00Z,day,39.07,22.96,country,Greece (EL431),flash flood — Extreme rainfall,14,hanze,HANZE v3.0.1b id 2537; end 1937-10-18; persons affected 800
hanze-2538,1949-02-03T12:00:00Z,day,39.07,22.96,country,Greece (EL434),flash flood — Extreme rainfall,0,hanze,HANZE v3.0.1b id 2538; end 1949-02-04; persons affected 840
hanze-371,1951-09-30T12:00:00Z,day,39.07,22.96,country,Greece (EL302;EL307),flash flood — Extreme rainfall,1,hanze,HANZE v3.0.1b id 371; end 1951-09-30; persons affected n/a
hanze-2490,1951-02-04T12:00:00Z,day,39.07,22.96,country,Greece (EL526),river flood — Heavy rainfall,0,hanze,HANZE v3.0.1b id 2490; end 1951-02-04; persons affected n/a
hanze-372,1955-10-08T12:00:00Z,day,39.07,22.96,country,Greece (EL301;EL303;EL304),flash flood — Extreme rainfall,2,hanze,HANZE v3.0.1b id 372; end 1955-10-08; persons affected n/a
hanze-2491,1955-01-09T12:00:00Z,day,39.07,22.96,country,Greece (EL514;EL526),river flood — Heavy rainfall,8,hanze,HANZE v3.0.1b id 2491; end 1955-01-11; persons affected n/a
hanze-2785,1955-10-14T12:00:00Z,day,39.07,22.96,country,Greece (EL613),flash flood — Extreme rainfall,27,hanze,HANZE v3.0.1b id 2785; end 1955-10-14; persons affected n/a
hanze-2492,1957-07-02T12:00:00Z,day,39.07,22.96,country,Greece (EL526),river flood — Heavy rainfall,0,hanze,HANZE v3.0.1b id 2492; end 1957-07-02; persons affected n/a
hanze-373,1961-11-06T12:00:00Z,day,39.07,22.96,country,Greece (EL302;EL304;EL307),flash flood — Extreme rainfall up to 114 mm in 8 h,33,hanze,HANZE v3.0.1b id 373; end 1961-11-06; persons affected 16000
hanze-2493,1963-02-06T12:00:00Z,day,39.07,22.96,country,Greece (EL526),river flood — Heavy rainfall,0,hanze,HANZE v3.0.1b id 2493; end 1963-02-06; persons affected n/a
hanze-2536,1968-02-29T12:00:00Z,day,39.07,22.96,country,Greece (EL431;EL434),compound river/coastal flood — Heavy rainfall and storm surge,5,hanze,HANZE v3.0.1b id 2536; end 1968-02-29; persons affected 520
hanze-374,1976-11-20T12:00:00Z,day,39.07,22.96,country,Greece (EL522),flash flood — Extreme rainfall,0,hanze,HANZE v3.0.1b id 374; end 1976-11-20; persons affected 1200
hanze-375,1976-11-23T12:00:00Z,day,39.07,22.96,country,Greece (EL522),flash flood — Extreme rainfall,0,hanze,HANZE v3.0.1b id 375; end 1976-11-23; persons affected 1760
hanze-376,1977-11-02T12:00:00Z,day,39.07,22.96,country,Greece (EL302;EL307),flash flood — Extreme rainfall,38,hanze,HANZE v3.0.1b id 376; end 1977-11-02; persons affected 1600
hanze-377,1977-12-10T12:00:00Z,day,39.07,22.96,country,Greece (EL301),flash flood — Extreme rainfall,3,hanze,HANZE v3.0.1b id 377; end 1977-12-11; persons affected 2000
hanze-378,1978-10-29T12:00:00Z,day,39.07,22.96,country,Greece (EL522;EL531;EL532;EL533),river flood — Heavy rainfall,1,hanze,HANZE v3.0.1b id 378; end 1978-10-30; persons affected n/a
hanze-2918,1978-02-05T12:00:00Z,day,39.07,22.96,country,Greece (EL306),flash flood — Extreme rainfall,0,hanze,HANZE v3.0.1b id 2918; end 1978-02-06; persons affected 600
hanze-379,1979-05-30T12:00:00Z,day,39.07,22.96,country,Greece (EL304),flash flood — Extreme rainfall,1,hanze,HANZE v3.0.1b id 379; end 1979-05-30; persons affected n/a
hanze-380,1979-11-19T12:00:00Z,day,39.07,22.96,country,Greece (EL521;EL522;EL524;EL611;EL612),flash flood — Extreme rainfall up to 421 mm in 24 h,15,hanze,HANZE v3.0.1b id 380; end 1979-11-20; persons affected 4000
hanze-2123,1980-10-27T12:00:00Z,day,39.07,22.96,country,Greece (EL305;EL641;EL644),river flood — Heavy rainfall,1,hanze,HANZE v3.0.1b id 2123; end 1980-10-27; persons affected n/a
hanze-2663,1982-03-01T12:00:00Z,day,39.07,22.96,country,Greece (EL644),river flood — Heavy rainfall,0,hanze,HANZE v3.0.1b id 2663; end 1982-03-01; persons affected n/a
hanze-2664,1982-11-18T12:00:00Z,day,39.07,22.96,country,Greece (EL522;EL541),flash flood — Extreme rainfall,0,hanze,HANZE v3.0.1b id 2664; end 1982-11-18; persons affected 600
hanze-381,1985-11-22T12:00:00Z,day,39.07,22.96,country,Greece (EL522;EL612),flash flood — Extreme rainfall,2,hanze,HANZE v3.0.1b id 381; end 1985-11-24; persons affected n/a
hanze-2665,1985-01-17T12:00:00Z,day,39.07,22.96,country,Greece (EL301),flash flood — Extreme rainfall,1,hanze,HANZE v3.0.1b id 2665; end 1985-01-17; persons affected n/a
hanze-382,1987-03-23T12:00:00Z,day,39.07,22.96,country,Greece (EL522;EL524;EL533;EL611;EL612;EL644),flash flood — Extreme rainfall,10,hanze,HANZE v3.0.1b id 382; end 1987-03-23; persons affected n/a
hanze-2124,1989-10-05T12:00:00Z,day,39.07,22.96,country,Greece (EL301;EL421),flash flood — Extreme rainfall,1,hanze,HANZE v3.0.1b id 2124; end 1989-10-05; persons affected n/a
hanze-383,1990-08-24T12:00:00Z,day,39.07,22.96,country,Greece (EL611;EL612;EL642;EL644),flash flood — Extreme rainfall,6,hanze,HANZE v3.0.1b id 383; end 1990-08-24; persons affected n/a
hanze-384,1990-10-29T12:00:00Z,day,39.07,22.96,country,Greece (EL633),flash flood — Extreme rainfall,2,hanze,HANZE v3.0.1b id 384; end 1990-10-29; persons affected n/a
hanze-385,1991-01-15T12:00:00Z,day,39.07,22.96,country,Greece (EL303;EL304),flash flood — Extreme rainfall,1,hanze,HANZE v3.0.1b id 385; end 1991-01-15; persons affected n/a
hanze-386,1992-11-19T12:00:00Z,day,39.07,22.96,country,Greece (EL515),flash flood — Extreme rainfall,4,hanze,HANZE v3.0.1b id 386; end 1992-11-19; persons affected n/a
hanze-387,1994-01-31T12:00:00Z,day,39.07,22.96,country,Greece (EL302;EL305;EL306),flash flood — Extreme rainfall,2,hanze,HANZE v3.0.1b id 387; end 1994-01-31; persons affected n/a
hanze-388,1994-10-20T12:00:00Z,day,39.07,22.96,country,Greece (EL301;EL306;EL307;EL421;EL611;EL641;EL644;EL652),flash flood — Extreme rainfall up to 64 mm in 1 h,13,hanze,HANZE v3.0.1b id 388; end 1994-10-21; persons affected 1600
hanze-2125,1994-01-13T12:00:00Z,day,39.07,22.96,country,Greece (EL431),flash flood — Extreme rainfall up to 123 mm in 5 h,0,hanze,HANZE v3.0.1b id 2125; end 1994-01-14; persons affected 49
hanze-2126,1996-11-30T12:00:00Z,day,39.07,22.96,country,Greece (EL512;EL515),river flood — Heavy rainfall,3,hanze,HANZE v3.0.1b id 2126; end 1996-12-04; persons affected 800
hanze-2786,1996-01-26T12:00:00Z,day,39.07,22.96,country,Greece (EL306),flash flood — Extreme rainfall,2,hanze,HANZE v3.0.1b id 2786; end 1996-01-27; persons affected n/a
hanze-389,1997-01-12T12:00:00Z,day,39.07,22.96,country,Greece (EL303;EL612;EL632;EL652),flash flood — Extreme rainfall,6,hanze,HANZE v3.0.1b id 389; end 1997-01-14; persons affected n/a
hanze-2412,1997-05-03T12:00:00Z,day,39.07,22.96,country,Greece (EL612),flash flood — Extreme rainfall,0,hanze,HANZE v3.0.1b id 2412; end 1997-05-04; persons affected n/a
hanze-390,1998-02-06T12:00:00Z,day,39.07,22.96,country,Greece (EL411),flash flood — Extreme rainfall,3,hanze,HANZE v3.0.1b id 390; end 1998-02-07; persons affected 900
hanze-391,2000-11-18T12:00:00Z,day,39.07,22.96,country,Greece (EL652),flash flood — Extreme rainfall up to 64 mm in 12 h,1,hanze,HANZE v3.0.1b id 391; end 2000-11-19; persons affected 6000
hanze-2787,2000-10-07T12:00:00Z,day,39.07,22.96,country,Greece (EL527),flash flood — Extreme rainfall up to 254 mm in 24 h,2,hanze,HANZE v3.0.1b id 2787; end 2000-10-08; persons affected n/a
hanze-2904,2000-10-31T12:00:00Z,day,39.07,22.96,country,Greece (EL622),flash flood — Extreme rainfall,0,hanze,HANZE v3.0.1b id 2904; end 2000-11-01; persons affected 600
hanze-392,2001-01-14T12:00:00Z,day,39.07,22.96,country,Greece (EL621;EL652),flash flood — Extreme rainfall up to 45 mm in 24 h,3,hanze,HANZE v3.0.1b id 392; end 2001-01-14; persons affected 450
hanze-393,2001-12-16T12:00:00Z,day,39.07,22.96,country,Greece (EL632;EL633),flash flood — Extreme rainfall up to 50 mm in 12 h,2,hanze,HANZE v3.0.1b id 393; end 2001-12-16; persons affected n/a
hanze-2788,2001-11-03T12:00:00Z,day,39.07,22.96,country,Greece (EL305),flash flood — Extreme rainfall up to 95 mm in 24 h,2,hanze,HANZE v3.0.1b id 2788; end 2001-11-04; persons affected n/a
hanze-2905,2001-11-29T12:00:00Z,day,39.07,22.96,country,Greece (EL412),flash flood — Extreme rainfall up to 440 mm in 24 h,0,hanze,HANZE v3.0.1b id 2905; end 2001-11-30; persons affected 600
hanze-394,2002-07-08T12:00:00Z,day,39.07,22.96,country,Greece (EL301;EL303;EL304;EL307),flash flood — Extreme rainfall,1,hanze,HANZE v3.0.1b id 394; end 2002-07-09; persons affected 6000
hanze-2789,2002-12-06T12:00:00Z,day,39.07,22.96,country,Greece (EL515),river flood — Heavy rainfall,0,hanze,HANZE v3.0.1b id 2789; end 2002-12-10; persons affected n/a
hanze-2384,2003-03-10T12:00:00Z,day,39.07,22.96,country,Greece (EL511),flash flood — Extreme rainfall,0,hanze,HANZE v3.0.1b id 2384; end 2003-03-11; persons affected n/a
hanze-2790,2003-01-18T12:00:00Z,day,39.07,22.96,country,Greece (EL421),flash flood — Extreme rainfall up to 120 mm in 24 h,1,hanze,HANZE v3.0.1b id 2790; end 2003-01-19; persons affected n/a
hanze-2791,2003-01-25T12:00:00Z,day,39.07,22.96,country,Greece (EL305;EL611;EL641),river flood — Heavy rainfall up to 294 mm in 2 days,0,hanze,HANZE v3.0.1b id 2791; end 2003-01-26; persons affected 450
hanze-2792,2003-02-04T12:00:00Z,day,39.07,22.96,country,Greece (EL541),flash flood — Extreme rainfall up to 44 mm in 24 h,2,hanze,HANZE v3.0.1b id 2792; end 2003-02-04; persons affected n/a
hanze-2793,2003-02-08T12:00:00Z,day,39.07,22.96,country,Greece (EL511;EL526;EL653),river flood — Heavy rainfall and snowfall,2,hanze,HANZE v3.0.1b id 2793; end 2003-02-09; persons affected n/a
hanze-2794,2003-05-29T12:00:00Z,day,39.07,22.96,country,Greece (EL432),flash flood — Extreme rainfall up to 113 mm in 12 h,1,hanze,HANZE v3.0.1b id 2794; end 2003-05-30; persons affected n/a
hanze-2795,2003-10-24T12:00:00Z,day,39.07,22.96,country,Greece (EL541),flash flood — Extreme rainfall up to 177 mm in 24 h,1,hanze,HANZE v3.0.1b id 2795; end 2003-10-24; persons affected n/a
hanze-395,2005-02-17T12:00:00Z,day,39.07,22.96,country,Greece (EL511),river flood — Snowmelt,0,hanze,HANZE v3.0.1b id 395; end 2005-03-24; persons affected 300
hanze-2796,2005-11-23T12:00:00Z,day,39.07,22.96,country,Greece (EL304;EL411;EL653),river flood — Heavy rainfall up to 245 mm in 60 h,1,hanze,HANZE v3.0.1b id 2796; end 2005-11-25; persons affected n/a
hanze-396,2006-03-09T12:00:00Z,day,39.07,22.96,country,Greece (EL511),river flood — Heavy rainfall and snowmelt,0,hanze,HANZE v3.0.1b id 396; end 2006-03-25; persons affected n/a
hanze-397,2006-10-08T12:00:00Z,day,39.07,22.96,country,Greece (EL515;EL522;EL527;EL613),flash flood — Extreme rainfall,1,hanze,HANZE v3.0.1b id 397; end 2006-10-12; persons affected 3000
hanze-398,2007-11-16T12:00:00Z,day,39.07,22.96,country,Greece (EL511),river flood — Heavy rainfall up to 70 mm in 24 h,2,hanze,HANZE v3.0.1b id 398; end 2007-12-02; persons affected 600
hanze-2797,2008-10-02T12:00:00Z,day,39.07,22.96,country,Greece (EL631),flash flood — Extreme rainfall up to 76 mm in 2 h,2,hanze,HANZE v3.0.1b id 2797; end 2008-10-03; persons affected n/a
hanze-399,2009-10-24T12:00:00Z,day,39.07,22.96,country,Greece (EL525),flash flood — Extreme rainfall up to 345 mm in 48 h,1,hanze,HANZE v3.0.1b id 399; end 2009-10-26; persons affected 1000
hanze-2798,2009-07-11T12:00:00Z,day,39.07,22.96,country,Greece (EL522),flash flood — Extreme rainfall,1,hanze,HANZE v3.0.1b id 2798; end 2009-07-11; persons affected n/a
hanze-2799,2009-09-11T12:00:00Z,day,39.07,22.96,country,Greece (EL642),river flood — Heavy rainfall up to 376 mm in 24 h,1,hanze,HANZE v3.0.1b id 2799; end 2009-09-12; persons affected n/a
hanze-2800,2009-11-07T12:00:00Z,day,39.07,22.96,country,Greece (EL524;EL531),flash flood — Extreme rainfall,2,hanze,HANZE v3.0.1b id 2800; end 2009-11-08; persons affected n/a
hanze-2801,2009-12-10T12:00:00Z,day,39.07,22.96,country,Greece (EL524;EL531),flash flood — Extreme rainfall up to 417 mm in 24 h,3,hanze,HANZE v3.0.1b id 2801; end 2009-12-10; persons affected 400
hanze-400,2010-12-04T12:00:00Z,day,39.07,22.96,country,Greece (EL543),flash flood — Extreme rainfall up to 96 mm in 24 h,1,hanze,HANZE v3.0.1b id 400; end 2010-12-05; persons affected 150
hanze-2802,2010-01-17T12:00:00Z,day,39.07,22.96,country,Greece (EL433),flash flood — Extreme rainfall up to 122 mm in 24 h,1,hanze,HANZE v3.0.1b id 2802; end 2010-01-18; persons affected n/a
hanze-2803,2010-09-11T12:00:00Z,day,39.07,22.96,country,Greece (EL525;EL611;EL612),flash flood — Extreme rainfall up to 108 mm in 24 h,1,hanze,HANZE v3.0.1b id 2803; end 2010-09-12; persons affected n/a
hanze-2804,2010-10-18T12:00:00Z,day,39.07,22.96,country,Greece (EL431),flash flood — Extreme rainfall up to 303 mm in 24 h,1,hanze,HANZE v3.0.1b id 2804; end 2010-10-18; persons affected 600
hanze-2805,2010-10-27T12:00:00Z,day,39.07,22.96,country,Greece (EL522;EL527),flash flood — Extreme rainfall up to 236 mm in 24 h,1,hanze,HANZE v3.0.1b id 2805; end 2010-10-28; persons affected n/a
hanze-401,2012-02-05T12:00:00Z,day,39.07,22.96,country,Greece (EL421;EL632;EL633),flash flood — Extreme rainfall up to 178 mm in 24 h,2,hanze,HANZE v3.0.1b id 401; end 2012-02-07; persons affected 200
hanze-2806,2012-01-09T12:00:00Z,day,39.07,22.96,country,Greece (EL431),river flood — Heavy rainfall up to 137 mm in 3 days,1,hanze,HANZE v3.0.1b id 2806; end 2012-01-12; persons affected n/a
hanze-2807,2012-12-29T12:00:00Z,day,39.07,22.96,country,Greece (EL611;EL644),flash flood — Extreme rainfall up to 193 mm in 24 h,1,hanze,HANZE v3.0.1b id 2807; end 2012-12-30; persons affected 600
hanze-402,2013-02-22T12:00:00Z,day,39.07,22.96,country,Greece (EL301),flash flood — Extreme rainfall up to 97 mm in 24 h,1,hanze,HANZE v3.0.1b id 402; end 2013-02-22; persons affected 4000
hanze-2127,2013-11-22T12:00:00Z,day,39.07,22.96,country,Greece (EL421),flash flood — Extreme rainfall up to 173 mm in 2 h,4,hanze,HANZE v3.0.1b id 2127; end 2013-11-22; persons affected n/a
hanze-2128,2013-12-01T12:00:00Z,day,39.07,22.96,country,Greece (EL651;EL652),flash flood — Extreme rainfall up to 119 mm in 24 h,1,hanze,HANZE v3.0.1b id 2128; end 2013-12-01; persons affected n/a
hanze-2129,2014-09-15T12:00:00Z,day,39.07,22.96,country,Greece (EL522;EL524),flash flood — Extreme rainfall up to 29 mm in 1 h,1,hanze,HANZE v3.0.1b id 2129; end 2014-09-15; persons affected n/a
hanze-2130,2014-12-04T12:00:00Z,day,39.07,22.96,country,Greece (EL511;EL522;EL523),river flood — Heavy rainfall up to 120 mm in 24 h,5,hanze,HANZE v3.0.1b id 2130; end 2014-12-14; persons affected n/a
hanze-2808,2014-10-24T12:00:00Z,day,39.07,22.96,country,Greece (EL302;EL307),flash flood — Extreme rainfall up to 140 mm in 90 min,0,hanze,HANZE v3.0.1b id 2808; end 2014-10-25; persons affected 2320
hanze-403,2015-01-30T12:00:00Z,day,39.07,22.96,country,Greece (EL511;EL541;EL542;EL643),river flood — Heavy rainfall up to 359 mm in 2 days,3,hanze,HANZE v3.0.1b id 403; end 2015-02-09; persons affected 500
hanze-2131,2015-03-11T12:00:00Z,day,39.07,22.96,country,Greece (EL511;EL526),river flood — Heavy rainfall up to 124 m in 2 days,0,hanze,HANZE v3.0.1b id 2131; end 2015-03-11; persons affected n/a
hanze-2132,2015-10-21T12:00:00Z,day,39.07,22.96,country,Greece (EL301;EL302;EL305),flash flood — Extreme rainfall,4,hanze,HANZE v3.0.1b id 2132; end 2015-10-22; persons affected 4500
hanze-404,2016-09-06T12:00:00Z,day,39.07,22.96,country,Greece (EL652;EL653),flash flood — Extreme rainfall up to 70 mm in 24 h,5,hanze,HANZE v3.0.1b id 404; end 2016-09-07; persons affected 200
hanze-2133,2016-11-25T12:00:00Z,day,39.07,22.96,country,Greece (EL303;EL411;EL621),river flood — Heavy rainfall up to 188 mm in 3 days,1,hanze,HANZE v3.0.1b id 2133; end 2016-11-28; persons affected n/a
hanze-2153,2016-05-21T12:00:00Z,day,39.07,22.96,country,Greece (EL612;EL613),flash flood — Extreme rainfall up to 110 mm in 24 h,1,hanze,HANZE v3.0.1b id 2153; end 2016-05-21; persons affected n/a
hanze-2809,2016-01-16T12:00:00Z,day,39.07,22.96,country,Greece (EL526),flash flood — Extreme rainfall up to 66 mm in 24 h,1,hanze,HANZE v3.0.1b id 2809; end 2016-01-17; persons affected n/a
hanze-2134,2017-11-11T12:00:00Z,day,39.07,22.96,country,Greece (EL542;EL543;EL622),flash flood — Extreme rainfall up to 128 mm in 24 h,1,hanze,HANZE v3.0.1b id 2134; end 2017-11-11; persons affected n/a
hanze-2135,2017-11-14T12:00:00Z,day,39.07,22.96,country,Greece (EL306;EL421),flash flood — Extreme rainfall up to 122 mm in 24 h,24,hanze,HANZE v3.0.1b id 2135; end 2017-11-15; persons affected 5200
hanze-2136,2018-02-20T12:00:00Z,day,39.07,22.96,country,Greece (EL611;EL612;EL613;EL642),river flood — Heavy rainfall up to 676 mm in 5 days,1,hanze,HANZE v3.0.1b id 2136; end 2018-03-02; persons affected n/a
hanze-2137,2018-09-29T12:00:00Z,day,39.07,22.96,country,Greece (EL642),flash flood — Extreme rainfall up to 140 mm in 24 h,2,hanze,HANZE v3.0.1b id 2137; end 2018-09-29; persons affected n/a
hanze-2138,2019-01-03T12:00:00Z,day,39.07,22.96,country,Greece (EL305),river flood — Snowmelt,3,hanze,HANZE v3.0.1b id 2138; end 2019-01-03; persons affected n/a
hanze-2139,2019-02-16T12:00:00Z,day,39.07,22.96,country,Greece (EL431),river flood — Heavy rainfall up to 461 mm in 5 days,4,hanze,HANZE v3.0.1b id 2139; end 2019-02-16; persons affected n/a
hanze-2140,2019-02-25T12:00:00Z,day,39.07,22.96,country,Greece (EL434),river flood — Heavy rainfall up to 676 mm in 5 days,1,hanze,HANZE v3.0.1b id 2140; end 2019-02-25; persons affected n/a
hanze-2141,2019-11-25T12:00:00Z,day,39.07,22.96,country,Greece (EL515;EL421),river flood — Heavy rainfall up to 596 mm in 2 days,1,hanze,HANZE v3.0.1b id 2141; end 2019-11-25; persons affected n/a
hanze-2142,2020-08-08T12:00:00Z,day,39.07,22.96,country,Greece (EL642),flash flood — Extreme rainfall up to 300 mm,8,hanze,HANZE v3.0.1b id 2142; end 2020-08-09; persons affected 2400
hanze-2143,2020-09-17T12:00:00Z,day,39.07,22.96,country,Greece (EL611;EL612;EL621;EL623),river flood — Heavy rainfall up to 269 mm in 24 h,4,hanze,HANZE v3.0.1b id 2143; end 2020-09-20; persons affected 20000
hanze-2144,2020-11-10T12:00:00Z,day,39.07,22.96,country,Greece (EL431;EL433),flash flood — Extreme rainfall up to 244 mm in 24 h,0,hanze,HANZE v3.0.1b id 2144; end 2020-11-11; persons affected 570
hanze-3043,2021-02-01T12:00:00Z,day,39.07,22.96,country,Greece (EL511),river flood — Heavy rainfall and snowmelt,1,hanze,HANZE v3.0.1b id 3043; end 2021-02-03; persons affected n/a
hanze-3044,2021-10-09T12:00:00Z,day,39.07,22.96,country,Greece (EL642;EL303),river flood — Heavy rainfall,1,hanze,HANZE v3.0.1b id 3044; end 2021-10-17; persons affected 800
hanze-3045,2021-12-10T12:00:00Z,day,39.07,22.96,country,Greece (EL525),river flood — Heavy rainfall,1,hanze,HANZE v3.0.1b id 3045; end 2021-12-14; persons affected n/a
hanze-3190,2021-11-26T12:00:00Z,day,39.07,22.96,country,Greece (EL633),river flood — Heavy rainfall up to 133 mm,1,hanze,HANZE v3.0.1b id 3190; end 2021-11-30; persons affected n/a
hanze-3046,2022-01-11T12:00:00Z,day,39.07,22.96,country,Greece (EL526;EL611),river flood — Heavy rainfall up to 340 mm in less then 16 h and snowfall,3,hanze,HANZE v3.0.1b id 3046; end 2022-01-16; persons affected n/a
hanze-3047,2022-10-15T12:00:00Z,day,39.07,22.96,country,Greece (EL431;EL432;EL434),flash flood — Extreme rainfall up to 293 mm in 24 h,2,hanze,HANZE v3.0.1b id 3047; end 2022-10-16; persons affected n/a
hanze-3048,2023-09-04T12:00:00Z,day,39.07,22.96,country,Greece (EL611;EL612;EL613;EL642),river flood — Heavy rainfall up to 754 mm in 21 h,17,hanze,HANZE v3.0.1b id 3048; end 2023-09-07; persons affected 5260
hanze-3049,2023-09-25T12:00:00Z,day,39.07,22.96,country,Greece (EL613;EL642),river flood — Heavy rainfall up to 202 mm in 6 h,0,hanze,HANZE v3.0.1b id 3049; end 2023-09-28; persons affected 280
hanze-3050,2024-01-15T12:00:00Z,day,39.07,22.96,country,Greece (EL633),flash flood — Extreme rainfall,2,hanze,HANZE v3.0.1b id 3050; end 2024-01-15; persons affected n/a
hanze-3051,2024-10-04T12:00:00Z,day,39.07,22.96,country,Greece (EL631;EL622),flash flood — Extreme rainfall,1,hanze,HANZE v3.0.1b id 3051; end 2024-10-06; persons affected n/a
hanze-3052,2024-11-30T12:00:00Z,day,39.07,22.96,country,Greece (EL527;EL411;EL421),flash flood — Extreme rainfall over 170 mm in just a few hours (Rhodes),2,hanze,HANZE v3.0.1b id 3052; end 2024-12-02; persons affected 80
hanze-3191,2025-12-04T12:00:00Z,day,39.07,22.96,country,Greece (EL411),flash flood — Extreme rainfall up to 251 mm in 12 h,2,hanze,HANZE v3.0.1b id 3191; end 2025-12-06; persons affected 31
hanze-405,1876-02-03T12:00:00Z,day,47.16,19.4,country,Hungary (HU120;HU212;HU221;HU223;HU231;HU233;HU311;HU312;HU322;HU323;),river flood — Snowmelt,24,hanze,HANZE v3.0.1b id 405; end 1876-02-29; persons affected 29000
hanze-406,1878-08-30T12:00:00Z,day,47.16,19.4,country,Hungary (HU311),flash flood — Extreme rainfall,400,hanze,HANZE v3.0.1b id 406; end 1878-08-30; persons affected 9000
hanze-407,1879-03-12T12:00:00Z,day,47.16,19.4,country,Hungary (HU333),river flood — Heavy rainfall and snowmelt,151,hanze,HANZE v3.0.1b id 407; end 1879-03-12; persons affected 100000
hanze-2598,1881-03-09T12:00:00Z,day,47.16,19.4,country,Hungary (HU323),river flood — Snowmelt,0,hanze,HANZE v3.0.1b id 2598; end 1881-03-09; persons affected n/a
hanze-408,1884-06-22T12:00:00Z,day,47.16,19.4,country,Hungary (HU322;RO115),river flood — Heavy rainfall,,hanze,HANZE v3.0.1b id 408; end 1884-06-22; persons affected n/a
hanze-409,1886-01-24T12:00:00Z,day,47.16,19.4,country,Hungary (HU323),river flood — Snowmelt,0,hanze,HANZE v3.0.1b id 409; end 1886-01-24; persons affected 3600
hanze-2599,1888-03-17T12:00:00Z,day,47.16,19.4,country,Hungary (HU323;RO115),river flood — Snowmelt,0,hanze,HANZE v3.0.1b id 2599; end 1888-03-17; persons affected n/a
hanze-2600,1919-04-24T12:00:00Z,day,47.16,19.4,country,Hungary (HU333),river flood — Snowmelt,0,hanze,HANZE v3.0.1b id 2600; end 1919-05-07; persons affected n/a
hanze-2601,1932-04-05T12:00:00Z,day,47.16,19.4,country,Hungary (HU311;HU323),river flood — Snowmelt,0,hanze,HANZE v3.0.1b id 2601; end 1932-04-07; persons affected n/a
hanze-410,1947-12-01T12:00:00Z,day,47.16,19.4,country,Hungary (HU323),river flood — Heavy rainfall and snowmelt; four flood waves,3,hanze,HANZE v3.0.1b id 410; end 1948-01-31; persons affected 18000
hanze-2145,1954-07-15T12:00:00Z,day,47.16,19.4,country,Hungary (HU221),river flood — Heavy rainfall,0,hanze,HANZE v3.0.1b id 2145; end 1954-07-20; persons affected 8000
hanze-2669,1956-03-11T12:00:00Z,day,47.16,19.4,country,Hungary (HU211;HU231;HU233;HU331),river flood — Ice jam,3,hanze,HANZE v3.0.1b id 2669; end 1956-03-11; persons affected 34000
hanze-411,1965-03-15T12:00:00Z,day,47.16,19.4,country,Hungary (HU231),river flood — Heavy rainfall; six waves,6,hanze,HANZE v3.0.1b id 411; end 1965-06-11; persons affected 10400
hanze-2602,1966-02-01T12:00:00Z,day,47.16,19.4,country,Hungary (HU332),river flood — Ice jam,0,hanze,HANZE v3.0.1b id 2602; end 1966-02-28; persons affected n/a
hanze-412,1970-05-11T12:00:00Z,day,47.16,19.4,country,Hungary (HU321;HU322;HU323;HU332;HU333),river flood — Heavy rainfall and snowmelt,0,hanze,HANZE v3.0.1b id 412; end 1970-06-15; persons affected 95000
hanze-2666,1974-06-10T12:00:00Z,day,47.16,19.4,country,Hungary (HU332),river flood — Heavy rainfall,0,hanze,HANZE v3.0.1b id 2666; end 1974-06-20; persons affected 1630
hanze-2667,1980-07-22T12:00:00Z,day,47.16,19.4,country,Hungary (HU321;HU322;HU323;HU332;HU333),river flood — Heavy rainfall,0,hanze,HANZE v3.0.1b id 2667; end 1980-08-13; persons affected 4086
hanze-2668,1989-05-01T12:00:00Z,day,47.16,19.4,country,Hungary (HU311),river flood — Heavy rainfall,0,hanze,HANZE v3.0.1b id 2668; end 1989-05-01; persons affected 560
hanze-2718,1996-05-13T12:00:00Z,day,47.16,19.4,country,Hungary (HU312),flash flood — Extreme rainfall,0,hanze,HANZE v3.0.1b id 2718; end 1996-05-14; persons affected 200
hanze-413,1998-11-03T12:00:00Z,day,47.16,19.4,country,Hungary (HU323),river flood — Heavy rainfall up to 200 mm in 2 days,0,hanze,HANZE v3.0.1b id 413; end 1998-11-15; persons affected n/a
hanze-414,1999-02-21T12:00:00Z,day,47.16,19.4,country,Hungary (HU311;HU312;HU321;HU322;HU323;HU332;HU333),river flood — Heavy rainfall and snowmelt,2,hanze,HANZE v3.0.1b id 414; end 1999-03-18; persons affected 21000
hanze-415,1999-07-09T12:00:00Z,day,47.16,19.4,country,Hungary (HU311;HU312;HU322),river flood — Heavy rainfall,8,hanze,HANZE v3.0.1b id 415; end 1999-07-16; persons affected 40000
hanze-416,2000-04-05T12:00:00Z,day,47.16,19.4,country,Hungary (HU311;HU322;HU323),river flood — Heavy rainfall and snowmelt,1,hanze,HANZE v3.0.1b id 416; end 2000-04-25; persons affected 2000
hanze-417,2001-03-04T12:00:00Z,day,47.16,19.4,country,Hungary (HU323),river flood — Heavy rainfall up to 260 mm in 2 days and snowmelt,0,hanze,HANZE v3.0.1b id 417; end 2001-03-17; persons affected 35000
hanze-418,2002-08-07T12:00:00Z,day,47.16,19.4,country,Hungary (HU110;HU120),river flood — Heavy rainfall,0,hanze,HANZE v3.0.1b id 418; end 2002-08-19; persons affected 1430
hanze-419,2004-07-27T12:00:00Z,day,47.16,19.4,country,Hungary (HU311),river flood — Heavy rainfall,0,hanze,HANZE v3.0.1b id 419; end 2004-08-02; persons affected 393
hanze-420,2005-08-14T12:00:00Z,day,47.16,19.4,country,Hungary (HU311),river flood — Heavy rainfall,0,hanze,HANZE v3.0.1b id 420; end 2005-08-26; persons affected n/a
hanze-421,2006-03-28T12:00:00Z,day,47.16,19.4,country,Hungary (HU120;HU212;HU221;HU321;HU322;HU331;HU332;HU333),river flood — Heavy rainfall and snowmelt,0,hanze,HANZE v3.0.1b id 421; end 2006-05-09; persons affected 5400
hanze-422,2010-05-15T12:00:00Z,day,47.16,19.4,country,Hungary (HU311),river flood — Heavy rainfall,1,hanze,HANZE v3.0.1b id 422; end 2010-06-07; persons affected 5000
hanze-423,2013-06-03T12:00:00Z,day,47.16,19.4,country,Hungary (HU110;HU120;HU212;HU221),river flood — Heavy rainfall,0,hanze,HANZE v3.0.1b id 423; end 2013-06-09; persons affected 6000
hanze-424,2014-09-14T12:00:00Z,day,47.16,19.4,country,Hungary (HU211;HU213;HU221;HU222;HU223;HU231;HU313;HU322;HU331),river flood — Heavy rainfall,0,hanze,HANZE v3.0.1b id 424; end 2014-09-26; persons affected 6500
hanze-3102,2024-09-16T12:00:00Z,day,47.16,19.4,country,Hungary (HU120;HU212),river flood — Heavy rainfall,0,hanze,HANZE v3.0.1b id 3102; end 2024-09-22; persons affected 2700
hanze-2494,1930-03-01T12:00:00Z,day,64.98,-18.57,country,Iceland (IS002),river flood — Snowmelt,0,hanze,HANZE v3.0.1b id 2494; end 1930-03-01; persons affected n/a
hanze-2495,1948-03-05T12:00:00Z,day,64.98,-18.57,country,Iceland (IS002),river flood — Snowmelt,0,hanze,HANZE v3.0.1b id 2495; end 1948-03-05; persons affected n/a
hanze-2496,1953-03-23T12:00:00Z,day,64.98,-18.57,country,Iceland (IS002),river flood — Snowmelt,0,hanze,HANZE v3.0.1b id 2496; end 1953-03-23; persons affected n/a
hanze-2497,1960-02-08T12:00:00Z,day,64.98,-18.57,country,Iceland (IS002),river flood — Snowmelt,0,hanze,HANZE v3.0.1b id 2497; end 1960-02-08; persons affected n/a
hanze-2498,1962-04-15T12:00:00Z,day,64.98,-18.57,country,Iceland (IS002),river flood — Snowmelt,0,hanze,HANZE v3.0.1b id 2498; end 1962-04-15; persons affected n/a
hanze-2499,1968-02-28T12:00:00Z,day,64.98,-18.57,country,Iceland (IS002),river flood — Snowmelt,0,hanze,HANZE v3.0.1b id 2499; end 1968-02-29; persons affected 140
hanze-2500,1983-01-22T12:00:00Z,day,64.98,-18.57,country,Iceland (IS002),river flood — Snowmelt,0,hanze,HANZE v3.0.1b id 2500; end 1983-01-22; persons affected n/a
hanze-427,2006-12-19T12:00:00Z,day,64.98,-18.57,country,Iceland (IS002),river flood — Heavy rainfall and snowmelt,0,hanze,HANZE v3.0.1b id 427; end 2006-12-27; persons affected n/a
hanze-428,1931-11-23T12:00:00Z,day,53.18,-8.14,country,Ireland (IE052),river flood — Heavy rainfall,0,hanze,HANZE v3.0.1b id 428; end 1931-11-23; persons affected 400
hanze-429,1947-03-17T12:00:00Z,day,53.18,-8.14,country,Ireland (IE052),river flood — Snowmelt,0,hanze,HANZE v3.0.1b id 429; end 1947-03-17; persons affected 1600
hanze-430,1954-12-07T12:00:00Z,day,53.18,-8.14,country,Ireland (IE061;IE062),river flood — Heavy rainfall up to 80 mm in 3 days,0,hanze,HANZE v3.0.1b id 430; end 1954-12-09; persons affected 6000
hanze-2501,1958-12-15T12:00:00Z,day,53.18,-8.14,country,Ireland (IE062),flash flood — Extreme rainfall,2,hanze,HANZE v3.0.1b id 2501; end 1958-12-15; persons affected n/a
hanze-431,1959-12-27T12:00:00Z,day,53.18,-8.14,country,Ireland (IE051),river flood — Heavy rainfall,0,hanze,HANZE v3.0.1b id 431; end 1959-12-27; persons affected 400
hanze-2547,1965-11-17T12:00:00Z,day,53.18,-8.14,country,Ireland (IE052),river flood — Heavy rainfall,0,hanze,HANZE v3.0.1b id 2547; end 1965-11-17; persons affected 240
hanze-432,1980-10-31T12:00:00Z,day,53.18,-8.14,country,Ireland (IE053),river flood — Heavy rainfall,0,hanze,HANZE v3.0.1b id 432; end 1980-11-03; persons affected 800
hanze-433,1986-08-25T12:00:00Z,day,53.18,-8.14,country,Ireland (IE061),flash flood — Extreme rainfall up to 165 mm in 24 h,0,hanze,HANZE v3.0.1b id 433; end 1986-08-27; persons affected 1900
hanze-2146,1986-08-05T12:00:00Z,day,53.18,-8.14,country,Ireland (IE053),river flood — Heavy rainfall,0,hanze,HANZE v3.0.1b id 2146; end 1986-08-08; persons affected n/a
hanze-434,1993-06-11T12:00:00Z,day,53.18,-8.14,country,Ireland (IE061;IE062),flash flood — Extreme rainfall up to 100 mm in 24 h,3,hanze,HANZE v3.0.1b id 434; end 1993-06-12; persons affected 3500
hanze-2147,1995-01-01T12:00:00Z,day,53.18,-8.14,country,Ireland (IE042;IE051),river flood — Heavy rainfall,0,hanze,HANZE v3.0.1b id 2147; end 1995-01-27; persons affected 860
hanze-435,1996-01-04T12:00:00Z,day,53.18,-8.14,country,Ireland (IE052),river flood — Heavy rainfall up to 257 mm in 13 days,0,hanze,HANZE v3.0.1b id 435; end 1996-01-15; persons affected 1000
hanze-436,1997-08-03T12:00:00Z,day,53.18,-8.14,country,Ireland (IE051;IE052;IE053),river flood — Heavy rainfall up to 150 mm in 4 days,0,hanze,HANZE v3.0.1b id 436; end 1997-08-07; persons affected n/a
hanze-2358,1999-12-24T12:00:00Z,day,53.18,-8.14,country,Ireland (IE051),compound river/coastal flood — Heavy rainfall and storm surge,0,hanze,HANZE v3.0.1b id 2358; end 1999-12-31; persons affected 290
hanze-437,2000-11-05T12:00:00Z,day,53.18,-8.14,country,Ireland (IE052;IE061;IE062),flash flood — Extreme rainfall up to 95 mm in 24 h,0,hanze,HANZE v3.0.1b id 437; end 2000-11-06; persons affected 2800
hanze-438,2002-11-14T12:00:00Z,day,53.18,-8.14,country,Ireland (IE061;IE062),flash flood — Extreme rainfall up to 76 mm in 24 h,0,hanze,HANZE v3.0.1b id 438; end 2002-11-15; persons affected 300
hanze-2357,2002-02-01T12:00:00Z,day,53.18,-8.14,country,Ireland (IE051;IE061;IE062),coastal flood — Storm surge,0,hanze,HANZE v3.0.1b id 2357; end 2002-02-01; persons affected 600
hanze-439,2004-10-27T12:00:00Z,day,53.18,-8.14,country,Ireland (IE052;IE053),compound river/coastal flood — Heavy rainfall up to 76 mm in 24 h and storm surge,0,hanze,HANZE v3.0.1b id 439; end 2004-10-28; persons affected 200
hanze-440,2008-07-31T12:00:00Z,day,53.18,-8.14,country,Ireland (IE051;IE052;IE053;IE061;IE062;IE063),river flood — Heavy rainfall up to 85 mm in 24 h (several waves),1,hanze,HANZE v3.0.1b id 440; end 2008-08-19; persons affected n/a
hanze-441,2009-11-18T12:00:00Z,day,53.18,-8.14,country,Ireland (IE042;IE051;IE052;IE053),river flood — Heavy rainfall,0,hanze,HANZE v3.0.1b id 441; end 2009-11-20; persons affected 6800
hanze-442,2011-10-24T12:00:00Z,day,53.18,-8.14,country,Ireland (IE061;IE062),flash flood — Extreme rainfall up to 67 mm in 9 h,2,hanze,HANZE v3.0.1b id 442; end 2011-10-25; persons affected 600
hanze-2148,2014-02-01T12:00:00Z,day,53.18,-8.14,country,Ireland (IE051;IE053),compound river/coastal flood — Heavy rainfall and storm surge,0,hanze,HANZE v3.0.1b id 2148; end 2014-02-03; persons affected n/a
hanze-2356,2014-01-02T12:00:00Z,day,53.18,-8.14,country,Ireland (IE051;IE053;IE061),compound river/coastal flood — Heavy rainfall and storm surge (two waves),0,hanze,HANZE v3.0.1b id 2356; end 2014-01-06; persons affected n/a
hanze-2149,2015-09-13T12:00:00Z,day,53.18,-8.14,country,Ireland (IE042),flash flood — Extreme rainfall up to 49 mm in 24 h,1,hanze,HANZE v3.0.1b id 2149; end 2015-09-13; persons affected n/a
hanze-2150,2015-12-04T12:00:00Z,day,53.18,-8.14,country,Ireland (IE041;IE042;IE051;IE053;IE063),river flood — Heavy rainfall,1,hanze,HANZE v3.0.1b id 2150; end 2015-12-14; persons affected n/a
hanze-2151,2017-08-22T12:00:00Z,day,53.18,-8.14,country,Ireland (IE041),flash flood — Extreme rainfall up to 70 mm in 9 h,0,hanze,HANZE v3.0.1b id 2151; end 2017-08-26; persons affected 200
hanze-2152,2017-11-22T12:00:00Z,day,53.18,-8.14,country,Ireland (IE063),flash flood — Extreme rainfall up to 90 mm in 24 h,0,hanze,HANZE v3.0.1b id 2152; end 2017-11-23; persons affected 400
hanze-2154,2020-10-19T12:00:00Z,day,53.18,-8.14,country,Ireland (IE053),coastal flood — Storm surge and spring tide,0,hanze,HANZE v3.0.1b id 2154; end 2020-10-20; persons affected 400
hanze-3103,2023-10-18T12:00:00Z,day,53.18,-8.14,country,Ireland (IE053),river flood — Heavy rainfall up to 60-80 mm,0,hanze,HANZE v3.0.1b id 3103; end 2023-10-25; persons affected 2000
hanze-2360,2000-12-08T12:00:00Z,day,54.24,-4.55,country,Isle of Man (IM000),flash flood — Extreme rainfall,0,hanze,HANZE v3.0.1b id 2360; end 2000-12-08; persons affected 120
hanze-444,2002-02-01T12:00:00Z,day,54.24,-4.55,country,Isle of Man (IM000),coastal flood — Storm surge up to 0.79 m,0,hanze,HANZE v3.0.1b id 444; end 2002-02-01; persons affected 200
hanze-2155,2019-10-01T12:00:00Z,day,54.24,-4.55,country,Isle of Man (IM000),flash flood — Extreme rainfall up to 100 mm in 20 h,0,hanze,HANZE v3.0.1b id 2155; end 2019-10-01; persons affected 240
hanze-445,1872-05-28T12:00:00Z,day,42.8,12.07,country,Italy (ITH37;ITH56),river flood — Heavy rainfall,2,hanze,HANZE v3.0.1b id 445; end 1872-06-07; persons affected 45000
hanze-446,1872-06-17T12:00:00Z,day,42.8,12.07,country,Italy (ITF34),flash flood — Extreme rainfall,1,hanze,HANZE v3.0.1b id 446; end 1872-06-17; persons affected n/a
hanze-447,1872-10-01T12:00:00Z,day,42.8,12.07,country,Italy (ITC48;ITC4A;ITH36;ITH52;ITH57;ITI17),river flood — Heavy rainfall up to 857 mm in October,,hanze,HANZE v3.0.1b id 447; end 1872-10-31; persons affected n/a
hanze-448,1872-12-01T12:00:00Z,day,42.8,12.07,country,Italy (ITC18),river flood — Heavy rainfall,1,hanze,HANZE v3.0.1b id 448; end 1872-12-04; persons affected n/a
hanze-449,1873-07-10T12:00:00Z,day,42.8,12.07,country,Italy (ITC16),flash flood — Extreme rainfall,2,hanze,HANZE v3.0.1b id 449; end 1873-07-10; persons affected n/a
hanze-450,1878-10-08T12:00:00Z,day,42.8,12.07,country,Italy (ITC16;ITC32),river flood — Heavy rainfall,18,hanze,HANZE v3.0.1b id 450; end 1878-10-10; persons affected n/a
hanze-451,1882-09-14T12:00:00Z,day,42.8,12.07,country,Italy (ITH31;ITH32;ITH33;ITH37),river flood — Heavy rainfall and snowmelt,17,hanze,HANZE v3.0.1b id 451; end 1882-09-18; persons affected n/a
hanze-452,1885-01-12T12:00:00Z,day,42.8,12.07,country,Italy (ITC11;ITC16),river flood — Heavy rainfall,306,hanze,HANZE v3.0.1b id 452; end 1885-01-28; persons affected n/a
hanze-453,1885-08-13T12:00:00Z,day,42.8,12.07,country,Italy (ITC16),flash flood — Extreme rainfall,1,hanze,HANZE v3.0.1b id 453; end 1885-08-13; persons affected n/a
hanze-454,1885-09-28T12:00:00Z,day,42.8,12.07,country,Italy (ITC44),flash flood — Extreme rainfall,5,hanze,HANZE v3.0.1b id 454; end 1885-09-28; persons affected n/a
hanze-455,1885-11-22T12:00:00Z,day,42.8,12.07,country,Italy (ITC11),flash flood — Extreme rainfall,30,hanze,HANZE v3.0.1b id 455; end 1885-11-22; persons affected n/a
hanze-456,1888-02-20T12:00:00Z,day,42.8,12.07,country,Italy (ITC11;ITC12),river flood — Heavy rainfall,74,hanze,HANZE v3.0.1b id 456; end 1888-02-28; persons affected n/a
hanze-457,1888-09-10T12:00:00Z,day,42.8,12.07,country,Italy (ITC44),flash flood — Extreme rainfall,1,hanze,HANZE v3.0.1b id 457; end 1888-09-11; persons affected n/a
hanze-458,1889-06-28T12:00:00Z,day,42.8,12.07,country,Italy (ITC33),flash flood — Extreme rainfall,1,hanze,HANZE v3.0.1b id 458; end 1889-06-28; persons affected n/a
hanze-459,1889-10-05T12:00:00Z,day,42.8,12.07,country,Italy (ITG2F),flash flood — Extreme rainfall and hail,25,hanze,HANZE v3.0.1b id 459; end 1889-10-05; persons affected 2000
hanze-460,1890-05-18T12:00:00Z,day,42.8,12.07,country,Italy (ITC11),flash flood — Extreme rainfall,1,hanze,HANZE v3.0.1b id 460; end 1890-05-18; persons affected n/a
hanze-461,1890-08-29T12:00:00Z,day,42.8,12.07,country,Italy (ITH33),flash flood — Extreme rainfall,22,hanze,HANZE v3.0.1b id 461; end 1890-08-29; persons affected n/a
hanze-462,1892-10-20T12:00:00Z,day,42.8,12.07,country,Italy (ITG2F;ITG2H),flash flood — Extreme rainfall,203,hanze,HANZE v3.0.1b id 462; end 1892-10-20; persons affected n/a
hanze-463,1893-11-28T12:00:00Z,day,42.8,12.07,country,Italy (ITG2F),flash flood — Extreme rainfall,2,hanze,HANZE v3.0.1b id 463; end 1893-11-29; persons affected n/a
hanze-464,1895-01-15T12:00:00Z,day,42.8,12.07,country,Italy (ITC16),flash flood — Extreme rainfall,2,hanze,HANZE v3.0.1b id 464; end 1895-01-15; persons affected n/a
hanze-465,1896-10-02T12:00:00Z,day,42.8,12.07,country,Italy (ITF65),flash flood — Extreme rainfall,4,hanze,HANZE v3.0.1b id 465; end 1896-10-02; persons affected n/a
hanze-466,1900-09-27T12:00:00Z,day,42.8,12.07,country,Italy (ITC32),river flood — Heavy rainfall,10,hanze,HANZE v3.0.1b id 466; end 1900-09-30; persons affected n/a
hanze-2156,1901-10-23T12:00:00Z,day,42.8,12.07,country,Italy (ITC34),coastal flood — Storm surge,0,hanze,HANZE v3.0.1b id 2156; end 1901-10-23; persons affected n/a
hanze-467,1902-09-01T12:00:00Z,day,42.8,12.07,country,Italy (ITF34),flash flood — Extreme rainfall,1,hanze,HANZE v3.0.1b id 467; end 1902-09-01; persons affected n/a
hanze-468,1902-09-26T12:00:00Z,day,42.8,12.07,country,Italy (ITG18),flash flood — Extreme rainfall up to 395 mm in few hours,112,hanze,HANZE v3.0.1b id 468; end 1902-09-26; persons affected n/a
hanze-469,1903-10-31T12:00:00Z,day,42.8,12.07,country,Italy (ITH35),flash flood — Extreme rainfall,4,hanze,HANZE v3.0.1b id 469; end 1903-10-31; persons affected n/a
hanze-470,1905-09-23T12:00:00Z,day,42.8,12.07,country,Italy (ITI43),flash flood — Extreme rainfall,2,hanze,HANZE v3.0.1b id 470; end 1905-09-23; persons affected n/a
hanze-471,1906-06-24T12:00:00Z,day,42.8,12.07,country,Italy (ITG2E;ITG2F;ITH31),flash flood — Extreme rainfall,2,hanze,HANZE v3.0.1b id 471; end 1906-06-25; persons affected 500
hanze-472,1906-10-30T12:00:00Z,day,42.8,12.07,country,Italy (ITC33;ITH20;ITH31),river flood — Heavy rainfall,4,hanze,HANZE v3.0.1b id 472; end 1906-11-10; persons affected n/a
hanze-473,1907-10-18T12:00:00Z,day,42.8,12.07,country,Italy (ITC14;ITC15;ITC41),flash flood — Extreme rainfall,2,hanze,HANZE v3.0.1b id 473; end 1907-10-18; persons affected n/a
hanze-474,1907-10-27T12:00:00Z,day,42.8,12.07,country,Italy (ITH36),river flood — Heavy rainfall,1,hanze,HANZE v3.0.1b id 474; end 1907-11-03; persons affected n/a
hanze-475,1907-11-10T12:00:00Z,day,42.8,12.07,country,Italy (ITI43),flash flood — Extreme rainfall,2,hanze,HANZE v3.0.1b id 475; end 1907-11-10; persons affected n/a
hanze-476,1908-06-20T12:00:00Z,day,42.8,12.07,country,Italy (ITC11),flash flood — Extreme rainfall,2,hanze,HANZE v3.0.1b id 476; end 1908-06-20; persons affected n/a
hanze-477,1908-08-23T12:00:00Z,day,42.8,12.07,country,Italy (ITF31),flash flood — Extreme rainfall,3,hanze,HANZE v3.0.1b id 477; end 1908-08-23; persons affected n/a
hanze-478,1908-10-25T12:00:00Z,day,42.8,12.07,country,Italy (ITF33),flash flood — Extreme rainfall,3,hanze,HANZE v3.0.1b id 478; end 1908-10-25; persons affected n/a
hanze-479,1908-11-17T12:00:00Z,day,42.8,12.07,country,Italy (ITG13;ITG17;ITG18;ITG19;ITF63;ITF64),flash flood — Extreme rainfall up to 465 mm in 24 h,20,hanze,HANZE v3.0.1b id 479; end 1908-11-17; persons affected n/a
hanze-480,1910-10-13T12:00:00Z,day,42.8,12.07,country,Italy (ITC12;ITC13;ITC20),flash flood — Extreme rainfall,1,hanze,HANZE v3.0.1b id 480; end 1910-10-13; persons affected n/a
hanze-481,1910-10-24T12:00:00Z,day,42.8,12.07,country,Italy (ITF33;ITF35),flash flood — Extreme rainfall,200,hanze,HANZE v3.0.1b id 481; end 1910-10-24; persons affected n/a
hanze-482,1911-09-21T12:00:00Z,day,42.8,12.07,country,Italy (ITF33),flash flood — Extreme rainfall,40,hanze,HANZE v3.0.1b id 482; end 1911-09-21; persons affected n/a
hanze-483,1912-02-01T12:00:00Z,day,42.8,12.07,country,Italy (ITC16),flash flood — Extreme rainfall,2,hanze,HANZE v3.0.1b id 483; end 1912-02-01; persons affected n/a
hanze-484,1913-08-07T12:00:00Z,day,42.8,12.07,country,Italy (ITH36),flash flood — Extreme rainfall,1,hanze,HANZE v3.0.1b id 484; end 1913-08-08; persons affected n/a
hanze-485,1914-02-26T12:00:00Z,day,42.8,12.07,country,Italy (ITC31),flash flood — Extreme rainfall,1,hanze,HANZE v3.0.1b id 485; end 1914-02-26; persons affected n/a
hanze-486,1914-05-27T12:00:00Z,day,42.8,12.07,country,Italy (ITH41),river flood — Heavy rainfall,1,hanze,HANZE v3.0.1b id 486; end 1914-05-31; persons affected n/a
hanze-487,1914-11-02T12:00:00Z,day,42.8,12.07,country,Italy (ITH42),flash flood — Extreme rainfall,1,hanze,HANZE v3.0.1b id 487; end 1914-11-02; persons affected n/a
hanze-488,1915-11-01T12:00:00Z,day,42.8,12.07,country,Italy (ITG14;ITG16),river flood — Heavy rainfall,130,hanze,HANZE v3.0.1b id 488; end 1915-11-30; persons affected n/a
hanze-489,1917-02-11T12:00:00Z,day,42.8,12.07,country,Italy (ITG2E;ITG2F;ITG2G;ITG2H),flash flood — Extreme rainfall,1,hanze,HANZE v3.0.1b id 489; end 1917-02-11; persons affected n/a
hanze-490,1918-10-28T12:00:00Z,day,42.8,12.07,country,Italy (ITF33),flash flood — Extreme rainfall,13,hanze,HANZE v3.0.1b id 490; end 1918-10-28; persons affected n/a
hanze-491,1919-01-07T12:00:00Z,day,42.8,12.07,country,Italy (ITG14;ITG17),river flood — Heavy rainfall,5,hanze,HANZE v3.0.1b id 491; end 1919-01-09; persons affected 500
hanze-492,1919-02-01T12:00:00Z,day,42.8,12.07,country,Italy (ITG16),flash flood — Extreme rainfall,1,hanze,HANZE v3.0.1b id 492; end 1919-02-01; persons affected n/a
hanze-493,1919-08-31T12:00:00Z,day,42.8,12.07,country,Italy (ITH34;ITH41;ITH42),flash flood — Extreme rainfall,4,hanze,HANZE v3.0.1b id 493; end 1919-09-01; persons affected n/a
hanze-494,1920-01-06T12:00:00Z,day,42.8,12.07,country,Italy (ITC16;ITI17),river flood — Heavy rainfall,8,hanze,HANZE v3.0.1b id 494; end 1920-01-08; persons affected 3012
hanze-495,1920-09-17T12:00:00Z,day,42.8,12.07,country,Italy (ITH42),river flood — Heavy rainfall upto 604 mm in 1 week,7,hanze,HANZE v3.0.1b id 495; end 1920-09-22; persons affected n/a
hanze-496,1920-09-30T12:00:00Z,day,42.8,12.07,country,Italy (ITG17),flash flood — Extreme rainfall,2,hanze,HANZE v3.0.1b id 496; end 1920-09-30; persons affected n/a
hanze-497,1920-10-25T12:00:00Z,day,42.8,12.07,country,Italy (ITF47),flash flood — Extreme rainfall,1,hanze,HANZE v3.0.1b id 497; end 1920-10-26; persons affected n/a
hanze-498,1920-11-13T12:00:00Z,day,42.8,12.07,country,Italy (ITG12;ITG19),flash flood — Extreme rainfall,12,hanze,HANZE v3.0.1b id 498; end 1920-11-14; persons affected n/a
hanze-499,1920-11-21T12:00:00Z,day,42.8,12.07,country,Italy (ITG17),flash flood — Extreme rainfall,2,hanze,HANZE v3.0.1b id 499; end 1920-11-21; persons affected n/a
hanze-500,1920-12-07T12:00:00Z,day,42.8,12.07,country,Italy (ITF43;ITF44),flash flood — Extreme rainfall up to 246 mm in 24 h,23,hanze,HANZE v3.0.1b id 500; end 1920-12-08; persons affected n/a
hanze-501,1921-10-25T12:00:00Z,day,42.8,12.07,country,Italy (ITF63),flash flood — Extreme rainfall up to 398 mm in 24 h,7,hanze,HANZE v3.0.1b id 501; end 1921-10-26; persons affected n/a
hanze-502,1921-10-29T12:00:00Z,day,42.8,12.07,country,Italy (ITF63;ITF65),flash flood — Extreme rainfall,3,hanze,HANZE v3.0.1b id 502; end 1921-10-29; persons affected n/a
hanze-503,1921-11-22T12:00:00Z,day,42.8,12.07,country,Italy (ITG13),flash flood — Extreme rainfall,5,hanze,HANZE v3.0.1b id 503; end 1921-11-23; persons affected n/a
hanze-504,1922-11-04T12:00:00Z,day,42.8,12.07,country,Italy (ITF31;ITF33),river flood — Heavy rainfall,10,hanze,HANZE v3.0.1b id 504; end 1922-11-06; persons affected n/a
hanze-505,1923-01-16T12:00:00Z,day,42.8,12.07,country,Italy (ITH35),flash flood — Extreme rainfall,2,hanze,HANZE v3.0.1b id 505; end 1923-01-16; persons affected n/a
hanze-506,1923-11-01T12:00:00Z,day,42.8,12.07,country,Italy (ITG2F),flash flood — Extreme rainfall,1,hanze,HANZE v3.0.1b id 506; end 1923-11-01; persons affected n/a
hanze-507,1924-03-25T12:00:00Z,day,42.8,12.07,country,Italy (ITF35),river flood — Heavy rainfall up to 445 mm in 1 month,50,hanze,HANZE v3.0.1b id 507; end 1924-03-27; persons affected n/a
hanze-508,1924-08-14T12:00:00Z,day,42.8,12.07,country,Italy (ITC11;ITC14),flash flood — Extreme rainfall,5,hanze,HANZE v3.0.1b id 508; end 1924-08-14; persons affected n/a
hanze-509,1924-09-25T12:00:00Z,day,42.8,12.07,country,Italy (ITH20),flash flood — Extreme rainfall,13,hanze,HANZE v3.0.1b id 509; end 1924-09-25; persons affected n/a
hanze-510,1925-02-16T12:00:00Z,day,42.8,12.07,country,Italy (ITH33),flash flood — Extreme rainfall,1,hanze,HANZE v3.0.1b id 510; end 1925-02-16; persons affected n/a
hanze-511,1925-04-29T12:00:00Z,day,42.8,12.07,country,Italy (ITI42),flash flood — Extreme rainfall,1,hanze,HANZE v3.0.1b id 511; end 1925-04-29; persons affected n/a
hanze-512,1925-06-23T12:00:00Z,day,42.8,12.07,country,Italy (ITF11),flash flood — Extreme rainfall,5,hanze,HANZE v3.0.1b id 512; end 1925-06-23; persons affected n/a
hanze-513,1925-07-03T12:00:00Z,day,42.8,12.07,country,Italy (ITH32),flash flood — Extreme rainfall,1,hanze,HANZE v3.0.1b id 513; end 1925-07-04; persons affected n/a
hanze-514,1925-11-10T12:00:00Z,day,42.8,12.07,country,Italy (ITH43),flash flood — Extreme rainfall,2,hanze,HANZE v3.0.1b id 514; end 1925-11-11; persons affected n/a
hanze-515,1926-05-14T12:00:00Z,day,42.8,12.07,country,Italy (ITH31;ITH32),river flood — Heavy rainfall up to 449 mm in 8 days,2,hanze,HANZE v3.0.1b id 515; end 1926-05-17; persons affected 500
hanze-516,1926-08-26T12:00:00Z,day,42.8,12.07,country,Italy (ITF47),flash flood — Extreme rainfall,4,hanze,HANZE v3.0.1b id 516; end 1926-08-27; persons affected n/a
hanze-517,1926-09-27T12:00:00Z,day,42.8,12.07,country,Italy (ITF44;ITF45;ITH43;ITH44;ITH58),river flood — Heavy rainfall,4,hanze,HANZE v3.0.1b id 517; end 1926-10-13; persons affected n/a
hanze-518,1926-11-04T12:00:00Z,day,42.8,12.07,country,Italy (ITF47),flash flood — Extreme rainfall up to 103 mm in 24 h,25,hanze,HANZE v3.0.1b id 518; end 1926-11-06; persons affected 600
hanze-519,1926-11-22T12:00:00Z,day,42.8,12.07,country,Italy (ITC49;ITH10;ITH20;ITH51;ITI14),river flood — Heavy rainfall,3,hanze,HANZE v3.0.1b id 519; end 1926-11-25; persons affected 1800
hanze-520,1926-12-25T12:00:00Z,day,42.8,12.07,country,Italy (ITG17),flash flood — Extreme rainfall,3,hanze,HANZE v3.0.1b id 520; end 1926-12-26; persons affected n/a
hanze-521,1927-07-24T12:00:00Z,day,42.8,12.07,country,Italy (ITH31;ITH32;ITH35),compound river/coastal flood — Heavy rainfall and storm surge (acqua alta),5,hanze,HANZE v3.0.1b id 521; end 1927-07-26; persons affected n/a
hanze-522,1927-09-25T12:00:00Z,day,42.8,12.07,country,Italy (ITC44;ITH52),river flood — Heavy rainfall,17,hanze,HANZE v3.0.1b id 522; end 1927-09-28; persons affected n/a
hanze-523,1927-09-30T12:00:00Z,day,42.8,12.07,country,Italy (ITG13),flash flood — Extreme rainfall,1,hanze,HANZE v3.0.1b id 523; end 1927-09-30; persons affected n/a
hanze-524,1927-11-27T12:00:00Z,day,42.8,12.07,country,Italy (ITG17;ITG18),flash flood — Extreme rainfall,1,hanze,HANZE v3.0.1b id 524; end 1927-11-27; persons affected n/a
hanze-525,1927-12-29T12:00:00Z,day,42.8,12.07,country,Italy (ITH35),coastal flood — Storm surge (acqua alta),2,hanze,HANZE v3.0.1b id 525; end 1927-12-30; persons affected n/a
hanze-2157,1927-02-22T12:00:00Z,day,42.8,12.07,country,Italy (ITH56),coastal flood — Storm surge,0,hanze,HANZE v3.0.1b id 2157; end 1927-02-22; persons affected n/a
hanze-526,1928-03-26T12:00:00Z,day,42.8,12.07,country,Italy (ITH34;ITH35),river flood — Heavy rainfall,0,hanze,HANZE v3.0.1b id 526; end 1928-04-01; persons affected 6500
hanze-527,1928-09-02T12:00:00Z,day,42.8,12.07,country,Italy (ITH10),flash flood — Extreme rainfall,3,hanze,HANZE v3.0.1b id 527; end 1928-09-02; persons affected n/a
hanze-528,1928-09-18T12:00:00Z,day,42.8,12.07,country,Italy (ITH35),coastal flood — Storm surge (acqua alta),1,hanze,HANZE v3.0.1b id 528; end 1928-09-19; persons affected n/a
hanze-529,1928-10-16T12:00:00Z,day,42.8,12.07,country,Italy (ITH35),coastal flood — Storm surge (acqua alta),1,hanze,HANZE v3.0.1b id 529; end 1928-10-17; persons affected n/a
hanze-530,1928-10-24T12:00:00Z,day,42.8,12.07,country,Italy (ITF52),flash flood — Extreme rainfall,3,hanze,HANZE v3.0.1b id 530; end 1928-10-24; persons affected n/a
hanze-531,1928-10-31T12:00:00Z,day,42.8,12.07,country,Italy (ITC42;ITC43;ITC47;ITI43),river flood — Heavy rainfall,0,hanze,HANZE v3.0.1b id 531; end 1928-11-02; persons affected 1320
hanze-532,1929-01-03T12:00:00Z,day,42.8,12.07,country,Italy (ITI43),river flood — Heavy rainfall,0,hanze,HANZE v3.0.1b id 532; end 1929-01-08; persons affected 300
hanze-533,1929-09-21T12:00:00Z,day,42.8,12.07,country,Italy (ITF34;ITF35;ITF51;ITF52),river flood — Heavy rainfall up to 317 mm in 1 month,45,hanze,HANZE v3.0.1b id 533; end 1929-09-25; persons affected n/a
hanze-534,1929-10-07T12:00:00Z,day,42.8,12.07,country,Italy (ITG2F;ITG2H),flash flood — Extreme rainfall,4,hanze,HANZE v3.0.1b id 534; end 1929-10-08; persons affected 800
hanze-535,1929-11-05T12:00:00Z,day,42.8,12.07,country,Italy (ITF52),flash flood — Extreme rainfall,1,hanze,HANZE v3.0.1b id 535; end 1929-11-06; persons affected n/a
hanze-536,1929-11-17T12:00:00Z,day,42.8,12.07,country,Italy (ITG2D;ITG2E;ITG2G),flash flood — Extreme rainfall,8,hanze,HANZE v3.0.1b id 536; end 1929-11-17; persons affected n/a
hanze-537,1930-02-10T12:00:00Z,day,42.8,12.07,country,Italy (ITG2E;ITG2F;ITG2G;ITG2H),flash flood — Extreme rainfall,3,hanze,HANZE v3.0.1b id 537; end 1930-02-10; persons affected n/a
hanze-538,1930-08-15T12:00:00Z,day,42.8,12.07,country,Italy (ITF33),flash flood — Extreme rainfall,7,hanze,HANZE v3.0.1b id 538; end 1930-08-15; persons affected n/a
hanze-539,1930-10-14T12:00:00Z,day,42.8,12.07,country,Italy (ITI43),flash flood — Extreme rainfall,4,hanze,HANZE v3.0.1b id 539; end 1930-10-15; persons affected n/a
hanze-540,1930-10-19T12:00:00Z,day,42.8,12.07,country,Italy (ITG19),flash flood — Extreme rainfall,4,hanze,HANZE v3.0.1b id 540; end 1930-10-19; persons affected n/a
hanze-541,1930-12-26T12:00:00Z,day,42.8,12.07,country,Italy (ITG2E;ITG2F;ITG2H),flash flood — Extreme rainfall,1,hanze,HANZE v3.0.1b id 541; end 1930-12-26; persons affected 200
hanze-542,1930-12-27T12:00:00Z,day,42.8,12.07,country,Italy (ITF12),flash flood — Extreme rainfall,0,hanze,HANZE v3.0.1b id 542; end 1930-12-27; persons affected 100
hanze-543,1931-02-20T12:00:00Z,day,42.8,12.07,country,Italy (ITF52;ITF61;ITF64;ITF65;ITG12;ITG13;ITG14;ITG16;ITG19),river flood — Heavy rainfall up to 618 mm in 4 days,17,hanze,HANZE v3.0.1b id 543; end 1931-02-24; persons affected n/a
hanze-544,1931-08-07T12:00:00Z,day,42.8,12.07,country,Italy (ITH10),flash flood — Extreme rainfall,1,hanze,HANZE v3.0.1b id 544; end 1931-08-07; persons affected n/a
hanze-545,1932-07-24T12:00:00Z,day,42.8,12.07,country,Italy (ITH37),flash flood — Extreme rainfall,2,hanze,HANZE v3.0.1b id 545; end 1932-07-25; persons affected n/a
hanze-546,1932-09-01T12:00:00Z,day,42.8,12.07,country,Italy (ITH31),flash flood — Extreme rainfall,1,hanze,HANZE v3.0.1b id 546; end 1932-09-02; persons affected n/a
hanze-547,1932-09-05T12:00:00Z,day,42.8,12.07,country,Italy (ITG13),flash flood — Extreme rainfall,4,hanze,HANZE v3.0.1b id 547; end 1932-09-05; persons affected n/a
hanze-548,1932-09-26T12:00:00Z,day,42.8,12.07,country,Italy (ITI15),flash flood — Extreme rainfall,5,hanze,HANZE v3.0.1b id 548; end 1932-09-28; persons affected n/a
hanze-549,1932-11-09T12:00:00Z,day,42.8,12.07,country,Italy (ITF65),flash flood — Extreme rainfall up to 169 mm in 12 h,41,hanze,HANZE v3.0.1b id 549; end 1932-11-10; persons affected n/a
hanze-550,1933-09-22T12:00:00Z,day,42.8,12.07,country,Italy (ITH35),coastal flood — Storm surge (acqua alta),1,hanze,HANZE v3.0.1b id 550; end 1933-09-24; persons affected n/a
hanze-551,1933-09-26T12:00:00Z,day,42.8,12.07,country,Italy (ITC32),flash flood — Extreme rainfall,3,hanze,HANZE v3.0.1b id 551; end 1933-09-26; persons affected n/a
hanze-552,1933-11-30T12:00:00Z,day,42.8,12.07,country,Italy (ITG13;ITG14;ITG15),river flood — Heavy rainfall,12,hanze,HANZE v3.0.1b id 552; end 1933-12-05; persons affected n/a
hanze-553,1934-02-05T12:00:00Z,day,42.8,12.07,country,Italy (ITG2D),flash flood — Extreme rainfall,2,hanze,HANZE v3.0.1b id 553; end 1934-02-05; persons affected n/a
hanze-554,1934-03-01T12:00:00Z,day,42.8,12.07,country,Italy (ITC11),flash flood — Extreme rainfall,2,hanze,HANZE v3.0.1b id 554; end 1934-03-01; persons affected n/a
hanze-555,1934-06-16T12:00:00Z,day,42.8,12.07,country,Italy (ITF61),river flood — Heavy rainfall,3,hanze,HANZE v3.0.1b id 555; end 1934-06-19; persons affected n/a
hanze-556,1934-08-25T12:00:00Z,day,42.8,12.07,country,Italy (ITH31),river flood — Heavy rainfall,3,hanze,HANZE v3.0.1b id 556; end 1934-08-28; persons affected n/a
hanze-557,1934-10-10T12:00:00Z,day,42.8,12.07,country,Italy (ITF13),flash flood — Extreme rainfall,0,hanze,HANZE v3.0.1b id 557; end 1934-10-10; persons affected 1000
hanze-558,1935-03-02T12:00:00Z,day,42.8,12.07,country,Italy (ITF31;ITF32;ITF34),river flood — Heavy rainfall up to 314 mm in 1 month,2,hanze,HANZE v3.0.1b id 558; end 1935-03-06; persons affected n/a
hanze-559,1935-03-31T12:00:00Z,day,42.8,12.07,country,Italy (ITH32;ITH41),flash flood — Extreme rainfall,1,hanze,HANZE v3.0.1b id 559; end 1935-03-31; persons affected n/a
hanze-560,1935-05-03T12:00:00Z,day,42.8,12.07,country,Italy (ITC46),flash flood — Extreme rainfall,3,hanze,HANZE v3.0.1b id 560; end 1935-05-03; persons affected n/a
hanze-561,1935-06-04T12:00:00Z,day,42.8,12.07,country,Italy (ITH34),flash flood — Extreme rainfall,1,hanze,HANZE v3.0.1b id 561; end 1935-06-05; persons affected n/a
hanze-562,1935-07-04T12:00:00Z,day,42.8,12.07,country,Italy (ITH42),flash flood — Extreme rainfall,1,hanze,HANZE v3.0.1b id 562; end 1935-07-05; persons affected n/a
hanze-563,1935-08-13T12:00:00Z,day,42.8,12.07,country,Italy (ITC18),flash flood — Extreme rainfall up to 364 mm in 8 h,111,hanze,HANZE v3.0.1b id 563; end 1935-08-13; persons affected n/a
hanze-564,1935-08-20T12:00:00Z,day,42.8,12.07,country,Italy (ITF33),flash flood — Extreme rainfall,8,hanze,HANZE v3.0.1b id 564; end 1935-08-20; persons affected n/a
hanze-565,1935-08-25T12:00:00Z,day,42.8,12.07,country,Italy (ITC11;ITC18),flash flood — Extreme rainfall,14,hanze,HANZE v3.0.1b id 565; end 1935-08-26; persons affected n/a
hanze-566,1935-11-21T12:00:00Z,day,42.8,12.07,country,Italy (ITF62;ITF63;ITF64;ITF65),flash flood — Extreme rainfall up to 509 mm in 24 h,66,hanze,HANZE v3.0.1b id 566; end 1935-11-23; persons affected n/a
hanze-567,1936-05-06T12:00:00Z,day,42.8,12.07,country,Italy (ITH31),flash flood — Extreme rainfall,9,hanze,HANZE v3.0.1b id 567; end 1936-05-07; persons affected n/a
hanze-568,1936-10-12T12:00:00Z,day,42.8,12.07,country,Italy (ITG2D),flash flood — Extreme rainfall,0,hanze,HANZE v3.0.1b id 568; end 1936-10-12; persons affected 200
hanze-569,1937-04-16T12:00:00Z,day,42.8,12.07,country,Italy (ITH31;ITH32),flash flood — Extreme rainfall,1,hanze,HANZE v3.0.1b id 569; end 1937-04-17; persons affected n/a
hanze-570,1937-05-15T12:00:00Z,day,42.8,12.07,country,Italy (ITH34),flash flood — Extreme rainfall,8,hanze,HANZE v3.0.1b id 570; end 1937-05-16; persons affected n/a
hanze-571,1937-08-22T12:00:00Z,day,42.8,12.07,country,Italy (ITH32),flash flood — Extreme rainfall,1,hanze,HANZE v3.0.1b id 571; end 1937-08-23; persons affected n/a
hanze-572,1937-09-10T12:00:00Z,day,42.8,12.07,country,Italy (ITC33),flash flood — Extreme rainfall,1,hanze,HANZE v3.0.1b id 572; end 1937-09-10; persons affected n/a
hanze-573,1937-09-13T12:00:00Z,day,42.8,12.07,country,Italy (ITF47),flash flood — Extreme rainfall,1,hanze,HANZE v3.0.1b id 573; end 1937-09-14; persons affected n/a
hanze-574,1937-10-06T12:00:00Z,day,42.8,12.07,country,Italy (ITH42;ITH43),flash flood — Extreme rainfall,0,hanze,HANZE v3.0.1b id 574; end 1937-10-06; persons affected 200
hanze-575,1937-10-06T12:00:00Z,day,42.8,12.07,country,Italy (ITI13;ITI21),flash flood — Extreme rainfall up to 260 mm in 1 day,9,hanze,HANZE v3.0.1b id 575; end 1937-10-07; persons affected n/a
hanze-576,1937-11-01T12:00:00Z,day,42.8,12.07,country,Italy (ITC16;ITC18),flash flood — Extreme rainfall,3,hanze,HANZE v3.0.1b id 576; end 1937-11-02; persons affected n/a
hanze-577,1937-12-15T12:00:00Z,day,42.8,12.07,country,Italy (ITI21;ITI43;ITI45),river flood — Heavy rainfall,3,hanze,HANZE v3.0.1b id 577; end 1937-12-18; persons affected n/a
hanze-578,1938-02-18T12:00:00Z,day,42.8,12.07,country,Italy (ITF32;ITF34),flash flood — Extreme rainfall,1,hanze,HANZE v3.0.1b id 578; end 1938-02-18; persons affected n/a
hanze-579,1938-02-21T12:00:00Z,day,42.8,12.07,country,Italy (ITC11),flash flood — Extreme rainfall,2,hanze,HANZE v3.0.1b id 579; end 1938-02-21; persons affected n/a
hanze-580,1938-06-14T12:00:00Z,day,42.8,12.07,country,Italy (ITH31),flash flood — Extreme rainfall,1,hanze,HANZE v3.0.1b id 580; end 1938-06-16; persons affected n/a
hanze-581,1938-07-26T12:00:00Z,day,42.8,12.07,country,Italy (ITH37),flash flood — Extreme rainfall,1,hanze,HANZE v3.0.1b id 581; end 1938-07-27; persons affected n/a
hanze-582,1938-09-30T12:00:00Z,day,42.8,12.07,country,Italy (ITF31;ITF33),flash flood — Extreme rainfall,4,hanze,HANZE v3.0.1b id 582; end 1938-09-30; persons affected n/a
hanze-583,1938-11-23T12:00:00Z,day,42.8,12.07,country,Italy (ITH42),river flood — Heavy rainfall,4,hanze,HANZE v3.0.1b id 583; end 1938-11-25; persons affected n/a
hanze-584,1938-12-30T12:00:00Z,day,42.8,12.07,country,Italy (ITI43),flash flood — Extreme rainfall,0,hanze,HANZE v3.0.1b id 584; end 1938-12-30; persons affected 500
hanze-585,1939-08-31T12:00:00Z,day,42.8,12.07,country,Italy (ITG2F),flash flood — Extreme rainfall,2,hanze,HANZE v3.0.1b id 585; end 1939-08-31; persons affected n/a
hanze-586,1939-09-13T12:00:00Z,day,42.8,12.07,country,Italy (ITC16;ITC18;ITC46),flash flood — Extreme rainfall,4,hanze,HANZE v3.0.1b id 586; end 1939-09-13; persons affected n/a
hanze-587,1939-09-24T12:00:00Z,day,42.8,12.07,country,Italy (ITF33),flash flood — Extreme rainfall,1,hanze,HANZE v3.0.1b id 587; end 1939-09-24; persons affected n/a
hanze-588,1940-01-24T12:00:00Z,day,42.8,12.07,country,Italy (ITF46),river flood — Heavy rainfall,1,hanze,HANZE v3.0.1b id 588; end 1940-01-24; persons affected 2000
hanze-589,1940-05-01T12:00:00Z,day,42.8,12.07,country,Italy (ITC4C),flash flood — Extreme rainfall,1,hanze,HANZE v3.0.1b id 589; end 1940-05-01; persons affected n/a
hanze-590,1940-08-12T12:00:00Z,day,42.8,12.07,country,Italy (ITH10),flash flood — Extreme rainfall,3,hanze,HANZE v3.0.1b id 590; end 1940-08-12; persons affected n/a
hanze-591,1940-10-20T12:00:00Z,day,42.8,12.07,country,Italy (ITG2E;ITG2H),flash flood — Extreme rainfall,6,hanze,HANZE v3.0.1b id 591; end 1940-10-20; persons affected 410
hanze-592,1940-10-27T12:00:00Z,day,42.8,12.07,country,Italy (ITI17;ITI19),flash flood — Extreme rainfall,2,hanze,HANZE v3.0.1b id 592; end 1940-10-27; persons affected n/a
hanze-593,1941-02-05T12:00:00Z,day,42.8,12.07,country,Italy (ITI43),river flood — Heavy rainfall,0,hanze,HANZE v3.0.1b id 593; end 1941-02-08; persons affected 180
hanze-594,1941-03-03T12:00:00Z,day,42.8,12.07,country,Italy (ITF61),flash flood — Extreme rainfall,1,hanze,HANZE v3.0.1b id 594; end 1941-03-03; persons affected n/a
hanze-595,1941-11-26T12:00:00Z,day,42.8,12.07,country,Italy (ITG14),flash flood — Extreme rainfall,3,hanze,HANZE v3.0.1b id 595; end 1941-11-27; persons affected n/a
hanze-596,1942-10-28T12:00:00Z,day,42.8,12.07,country,Italy (ITH35),flash flood — Extreme rainfall,1,hanze,HANZE v3.0.1b id 596; end 1942-10-29; persons affected n/a
hanze-597,1942-11-03T12:00:00Z,day,42.8,12.07,country,Italy (ITC33),flash flood — Extreme rainfall,2,hanze,HANZE v3.0.1b id 597; end 1942-11-03; persons affected n/a
hanze-598,1945-10-29T12:00:00Z,day,42.8,12.07,country,Italy (ITC33),flash flood — Extreme rainfall,5,hanze,HANZE v3.0.1b id 598; end 1945-10-31; persons affected n/a
hanze-599,1946-10-26T12:00:00Z,day,42.8,12.07,country,Italy (ITG2D;ITG2F;ITG2H),flash flood — Extreme rainfall,45,hanze,HANZE v3.0.1b id 599; end 1946-10-26; persons affected 2000
hanze-600,1946-10-27T12:00:00Z,day,42.8,12.07,country,Italy (ITF65),flash flood — Extreme rainfall,1,hanze,HANZE v3.0.1b id 600; end 1946-10-27; persons affected n/a
hanze-601,1946-11-15T12:00:00Z,day,42.8,12.07,country,Italy (ITI43),river flood — Heavy rainfall,5,hanze,HANZE v3.0.1b id 601; end 1946-11-20; persons affected 210
hanze-602,1946-12-20T12:00:00Z,day,42.8,12.07,country,Italy (ITF46),river flood — Heavy rainfall,4,hanze,HANZE v3.0.1b id 602; end 1946-12-29; persons affected 1000
hanze-603,1947-03-30T12:00:00Z,day,42.8,12.07,country,Italy (ITH20),flash flood — Extreme rainfall,2,hanze,HANZE v3.0.1b id 603; end 1947-03-30; persons affected n/a
hanze-604,1947-09-06T12:00:00Z,day,42.8,12.07,country,Italy (ITF33),flash flood — Extreme rainfall,1,hanze,HANZE v3.0.1b id 604; end 1947-09-07; persons affected n/a
hanze-605,1947-10-07T12:00:00Z,day,42.8,12.07,country,Italy (ITG18),flash flood — Extreme rainfall,0,hanze,HANZE v3.0.1b id 605; end 1947-10-08; persons affected 200
hanze-606,1947-10-28T12:00:00Z,day,42.8,12.07,country,Italy (ITH44),flash flood — Extreme rainfall,2,hanze,HANZE v3.0.1b id 606; end 1947-10-29; persons affected n/a
hanze-607,1948-05-19T12:00:00Z,day,42.8,12.07,country,Italy (ITF52;ITG2G),flash flood — Extreme rainfall,2,hanze,HANZE v3.0.1b id 607; end 1948-05-21; persons affected n/a
hanze-608,1948-08-01T12:00:00Z,day,42.8,12.07,country,Italy (ITF51),river flood — Heavy rainfall,1,hanze,HANZE v3.0.1b id 608; end 1948-08-03; persons affected n/a
hanze-609,1948-09-04T12:00:00Z,day,42.8,12.07,country,Italy (ITC11;ITC12;ITC16;ITC17;ITC18;ITC20;ITF33),flash flood — Extreme rainfall,51,hanze,HANZE v3.0.1b id 609; end 1948-09-06; persons affected 5245
hanze-610,1948-10-30T12:00:00Z,day,42.8,12.07,country,Italy (ITF65),flash flood — Extreme rainfall,0,hanze,HANZE v3.0.1b id 610; end 1948-10-30; persons affected 300
hanze-611,1949-09-21T12:00:00Z,day,42.8,12.07,country,Italy (ITC18),flash flood — Extreme rainfall,1,hanze,HANZE v3.0.1b id 611; end 1949-09-21; persons affected n/a
hanze-612,1949-09-26T12:00:00Z,day,42.8,12.07,country,Italy (ITG2H),flash flood — Extreme rainfall,0,hanze,HANZE v3.0.1b id 612; end 1949-09-26; persons affected 200
hanze-613,1949-10-01T12:00:00Z,day,42.8,12.07,country,Italy (ITF31;ITF32;ITF34;ITF35),flash flood — Extreme rainfall up to 246 mm in 24 h,47,hanze,HANZE v3.0.1b id 613; end 1949-10-03; persons affected 3500
hanze-614,1949-10-08T12:00:00Z,day,42.8,12.07,country,Italy (ITF43;ITF45;ITF46),river flood — Heavy rainfall,2,hanze,HANZE v3.0.1b id 614; end 1949-10-12; persons affected 700
hanze-615,1949-10-13T12:00:00Z,day,42.8,12.07,country,Italy (ITF14),flash flood — Extreme rainfall,3,hanze,HANZE v3.0.1b id 615; end 1949-10-13; persons affected n/a
hanze-616,1949-10-27T12:00:00Z,day,42.8,12.07,country,Italy (ITI11),flash flood — Extreme rainfall,1,hanze,HANZE v3.0.1b id 616; end 1949-10-27; persons affected 1840
hanze-617,1949-11-27T12:00:00Z,day,42.8,12.07,country,Italy (ITG2D;ITG2G),flash flood — Extreme rainfall,2,hanze,HANZE v3.0.1b id 617; end 1949-11-27; persons affected 150
hanze-618,1950-01-20T12:00:00Z,day,42.8,12.07,country,Italy (ITH35),coastal flood — Storm surge (acqua alta),7,hanze,HANZE v3.0.1b id 618; end 1950-01-21; persons affected n/a
hanze-619,1950-02-17T12:00:00Z,day,42.8,12.07,country,Italy (ITF61),flash flood — Extreme rainfall,2,hanze,HANZE v3.0.1b id 619; end 1950-02-17; persons affected n/a
hanze-620,1950-04-15T12:00:00Z,day,42.8,12.07,country,Italy (ITI11),flash flood — Extreme rainfall,1,hanze,HANZE v3.0.1b id 620; end 1950-04-15; persons affected n/a
hanze-621,1950-04-22T12:00:00Z,day,42.8,12.07,country,Italy (ITG2G),flash flood — Extreme rainfall,1,hanze,HANZE v3.0.1b id 621; end 1950-04-22; persons affected n/a
hanze-622,1950-09-02T12:00:00Z,day,42.8,12.07,country,Italy (ITH36),flash flood — Extreme rainfall,1,hanze,HANZE v3.0.1b id 622; end 1950-09-03; persons affected n/a
hanze-624,1950-11-24T12:00:00Z,day,42.8,12.07,country,Italy (ITI19),flash flood — Extreme rainfall,1,hanze,HANZE v3.0.1b id 624; end 1950-11-24; persons affected n/a
hanze-625,1950-12-26T12:00:00Z,day,42.8,12.07,country,Italy (ITH35),coastal flood — Storm surge (acqua alta),0,hanze,HANZE v3.0.1b id 625; end 1950-12-29; persons affected 400
hanze-2502,1950-08-03T12:00:00Z,day,42.8,12.07,country,Italy (ITH35),coastal flood — Storm surge (acqua alta),0,hanze,HANZE v3.0.1b id 2502; end 1950-08-03; persons affected n/a
hanze-626,1951-01-04T12:00:00Z,day,42.8,12.07,country,Italy (ITH56),river flood — Heavy rainfall,0,hanze,HANZE v3.0.1b id 626; end 1951-01-04; persons affected 700
hanze-627,1951-02-05T12:00:00Z,day,42.8,12.07,country,Italy (ITI13;ITI14;ITI15),flash flood — Extreme rainfall,3,hanze,HANZE v3.0.1b id 627; end 1951-02-06; persons affected n/a
hanze-628,1951-02-06T12:00:00Z,day,42.8,12.07,country,Italy (ITH54;ITH55;ITH56;ITH58),river flood — Heavy rainfall (2 waves),1,hanze,HANZE v3.0.1b id 628; end 1951-02-15; persons affected 11144
hanze-629,1951-02-07T12:00:00Z,day,42.8,12.07,country,Italy (ITH41;ITH42),river flood — Heavy rainfall,9,hanze,HANZE v3.0.1b id 629; end 1951-02-10; persons affected n/a
hanze-630,1951-03-23T12:00:00Z,day,42.8,12.07,country,Italy (ITH35;ITH37),compound river/coastal flood — Heavy rainfall and storm surge (acqua alta),1,hanze,HANZE v3.0.1b id 630; end 1951-03-25; persons affected n/a
hanze-631,1951-05-01T12:00:00Z,day,42.8,12.07,country,Italy (ITC18),flash flood — Extreme rainfall,1,hanze,HANZE v3.0.1b id 631; end 1951-05-01; persons affected n/a
hanze-632,1951-07-26T12:00:00Z,day,42.8,12.07,country,Italy (ITF46),flash flood — Extreme rainfall up to 236 mm in 6 h,7,hanze,HANZE v3.0.1b id 632; end 1951-07-27; persons affected n/a
hanze-633,1951-09-13T12:00:00Z,day,42.8,12.07,country,Italy (ITF43),flash flood — Extreme rainfall,1,hanze,HANZE v3.0.1b id 633; end 1951-09-14; persons affected n/a
hanze-634,1951-09-26T12:00:00Z,day,42.8,12.07,country,Italy (ITF33;ITF34;ITF35),river flood — Heavy rainfall up to 187 mm in 1 month,1,hanze,HANZE v3.0.1b id 634; end 1951-09-27; persons affected n/a
hanze-635,1951-09-27T12:00:00Z,day,42.8,12.07,country,Italy (ITF46;ITF48),flash flood — Extreme rainfall,0,hanze,HANZE v3.0.1b id 635; end 1951-09-28; persons affected 270
hanze-636,1951-10-14T12:00:00Z,day,42.8,12.07,country,Italy (ITF62;ITF63;ITF64;ITF65;ITG13;ITG16;ITG17;ITG19;ITG2D;ITG2E;),river flood — Heavy rainfall up to 1770 mm in 4 days,70,hanze,HANZE v3.0.1b id 636; end 1951-10-19; persons affected 7400
hanze-637,1951-10-24T12:00:00Z,day,42.8,12.07,country,Italy (ITF65),flash flood — Extreme rainfall,7,hanze,HANZE v3.0.1b id 637; end 1951-10-25; persons affected n/a
hanze-638,1951-11-08T12:00:00Z,day,42.8,12.07,country,Italy (ITC42;ITC46;ITC48;ITC49;ITC4A;ITC4B;ITC4C;ITC4D),flash flood — Extreme rainfall,1,hanze,HANZE v3.0.1b id 638; end 1951-11-08; persons affected n/a
hanze-639,1951-11-12T12:00:00Z,day,42.8,12.07,country,Italy (ITH52;ITH53;ITH54),river flood — Heavy rainfall,0,hanze,HANZE v3.0.1b id 639; end 1951-11-14; persons affected 5400
hanze-640,1951-11-13T12:00:00Z,day,42.8,12.07,country,Italy (ITH31;ITH32;ITH34;ITH35;ITH37),compound river/coastal flood — Heavy rainfall throughout the month and storm surge (13-16 Nov) up to 1.51 m,100,hanze,HANZE v3.0.1b id 640; end 1951-11-27; persons affected 273000
hanze-641,1951-11-22T12:00:00Z,day,42.8,12.07,country,Italy (ITF35),flash flood — Extreme rainfall,3,hanze,HANZE v3.0.1b id 641; end 1951-11-22; persons affected 150
hanze-642,1951-12-11T12:00:00Z,day,42.8,12.07,country,Italy (ITH33),flash flood — Extreme rainfall,1,hanze,HANZE v3.0.1b id 642; end 1951-12-11; persons affected n/a
hanze-643,1951-12-30T12:00:00Z,day,42.8,12.07,country,Italy (ITF61),flash flood — Extreme rainfall up to 234 mm in 24 h,2,hanze,HANZE v3.0.1b id 643; end 1951-12-31; persons affected n/a
hanze-2510,1951-01-25T12:00:00Z,day,42.8,12.07,country,Italy (ITC33),flash flood — Extreme rainfall up to 167 mm in 24 h,0,hanze,HANZE v3.0.1b id 2510; end 1951-01-25; persons affected n/a
hanze-2511,1951-02-24T12:00:00Z,day,42.8,12.07,country,Italy (ITH55;ITH56),river flood — Heavy rainfall (2 waves),0,hanze,HANZE v3.0.1b id 2511; end 1951-03-08; persons affected 5000
hanze-2512,1951-02-26T12:00:00Z,day,42.8,12.07,country,Italy (ITI21;ITI22;ITI41;ITI42;ITI43),river flood — Heavy rainfall,0,hanze,HANZE v3.0.1b id 2512; end 1951-03-01; persons affected n/a
hanze-2513,1951-03-07T12:00:00Z,day,42.8,12.07,country,Italy (ITF35;ITF51;ITF61),river flood — Heavy rainfall up to 214 mm in 1 month,0,hanze,HANZE v3.0.1b id 2513; end 1951-03-14; persons affected n/a
hanze-644,1952-02-20T12:00:00Z,day,42.8,12.07,country,Italy (ITF63;ITF65),flash flood — Extreme rainfall,7,hanze,HANZE v3.0.1b id 644; end 1952-02-20; persons affected n/a
hanze-645,1952-08-05T12:00:00Z,day,42.8,12.07,country,Italy (ITH10),flash flood — Extreme rainfall,1,hanze,HANZE v3.0.1b id 645; end 1952-08-05; persons affected n/a
hanze-646,1952-10-21T12:00:00Z,day,42.8,12.07,country,Italy (ITH53;ITH54),river flood — Heavy rainfall,1,hanze,HANZE v3.0.1b id 646; end 1952-10-21; persons affected n/a
hanze-647,1952-12-05T12:00:00Z,day,42.8,12.07,country,Italy (ITH35;ITH37),compound river/coastal flood — Heavy rainfall and storm surge (acqua alta),0,hanze,HANZE v3.0.1b id 647; end 1952-12-10; persons affected 200
hanze-648,1952-12-05T12:00:00Z,day,42.8,12.07,country,Italy (ITH43;ITH44),river flood — Heavy rainfall,1,hanze,HANZE v3.0.1b id 648; end 1952-12-07; persons affected n/a
hanze-649,1952-12-13T12:00:00Z,day,42.8,12.07,country,Italy (ITF31;ITF32;ITF35;ITI45),river flood — Heavy rainfall up to 197 mm in 1 month,2,hanze,HANZE v3.0.1b id 649; end 1952-12-22; persons affected 1650
hanze-650,1952-12-28T12:00:00Z,day,42.8,12.07,country,Italy (ITG2G),river flood — Heavy rainfall,0,hanze,HANZE v3.0.1b id 650; end 1952-12-30; persons affected 400
hanze-2514,1952-11-19T12:00:00Z,day,42.8,12.07,country,Italy (ITH54;ITI12),flash flood — Extreme rainfall up to 214 mm in 1 month,0,hanze,HANZE v3.0.1b id 2514; end 1952-11-20; persons affected n/a
hanze-651,1953-01-14T12:00:00Z,day,42.8,12.07,country,Italy (ITC11),flash flood — Extreme rainfall,15,hanze,HANZE v3.0.1b id 651; end 1953-01-14; persons affected n/a
hanze-652,1953-02-14T12:00:00Z,day,42.8,12.07,country,Italy (ITG2D;ITG2E),river flood — Heavy rainfall,0,hanze,HANZE v3.0.1b id 652; end 1953-02-18; persons affected 750
hanze-653,1953-02-16T12:00:00Z,day,42.8,12.07,country,Italy (ITH35;ITH37),compound river/coastal flood — Heavy rainfall and storm surge (acqua alta),3,hanze,HANZE v3.0.1b id 653; end 1953-02-18; persons affected n/a
hanze-654,1953-03-01T12:00:00Z,day,42.8,12.07,country,Italy (ITG2E),river flood — Heavy rainfall,0,hanze,HANZE v3.0.1b id 654; end 1953-03-03; persons affected 500
hanze-655,1953-03-15T12:00:00Z,day,42.8,12.07,country,Italy (ITG17),flash flood — Extreme rainfall,0,hanze,HANZE v3.0.1b id 655; end 1953-03-16; persons affected 600
hanze-656,1953-06-11T12:00:00Z,day,42.8,12.07,country,Italy (ITG2D;ITG2G),river flood — Heavy rainfall,0,hanze,HANZE v3.0.1b id 656; end 1953-06-13; persons affected 400
hanze-657,1953-07-09T12:00:00Z,day,42.8,12.07,country,Italy (ITC47),flash flood — Extreme rainfall,16,hanze,HANZE v3.0.1b id 657; end 1953-07-09; persons affected n/a
hanze-658,1953-07-11T12:00:00Z,day,42.8,12.07,country,Italy (ITH34;ITH36;ITH37),flash flood — Extreme rainfall,1,hanze,HANZE v3.0.1b id 658; end 1953-07-12; persons affected n/a
hanze-659,1953-07-21T12:00:00Z,day,42.8,12.07,country,Italy (ITH10),flash flood — Extreme rainfall,2,hanze,HANZE v3.0.1b id 659; end 1953-07-21; persons affected n/a
hanze-660,1953-09-19T12:00:00Z,day,42.8,12.07,country,Italy (ITC33;ITH51),flash flood — Extreme rainfall up to 330 mm in 24 h,10,hanze,HANZE v3.0.1b id 660; end 1953-09-19; persons affected n/a
hanze-661,1953-09-20T12:00:00Z,day,42.8,12.07,country,Italy (ITI14),flash flood — Extreme rainfall,1,hanze,HANZE v3.0.1b id 661; end 1953-09-21; persons affected n/a
hanze-662,1953-10-18T12:00:00Z,day,42.8,12.07,country,Italy (ITH20),flash flood — Extreme rainfall,2,hanze,HANZE v3.0.1b id 662; end 1953-10-18; persons affected n/a
hanze-663,1953-10-21T12:00:00Z,day,42.8,12.07,country,Italy (ITF62;ITF63;ITF64;ITF65),flash flood — Extreme rainfall up to 83 mm in 1 h,100,hanze,HANZE v3.0.1b id 663; end 1953-10-21; persons affected 4000
hanze-664,1953-10-26T12:00:00Z,day,42.8,12.07,country,Italy (ITF31;ITF61;ITH31;ITH32;ITH33;ITH35;ITH36;ITH37;ITH41;ITH42),river flood — Heavy rainfall up to 433 mm in 7 days,7,hanze,HANZE v3.0.1b id 664; end 1953-11-01; persons affected n/a
hanze-2515,1953-10-14T12:00:00Z,day,42.8,12.07,country,Italy (ITC33),river flood — Heavy rainfall,1,hanze,HANZE v3.0.1b id 2515; end 1953-10-16; persons affected n/a
hanze-2516,1953-10-18T12:00:00Z,day,42.8,12.07,country,Italy (ITC11;ITC16;ITC17),river flood — Heavy rainfall,0,hanze,HANZE v3.0.1b id 2516; end 1953-10-20; persons affected n/a
hanze-666,1954-01-06T12:00:00Z,day,42.8,12.07,country,Italy (ITH37),river flood — Heavy rainfall,0,hanze,HANZE v3.0.1b id 666; end 1954-01-07; persons affected 200
hanze-667,1954-04-18T12:00:00Z,day,42.8,12.07,country,Italy (ITF46;ITF52),river flood — Heavy rainfall,1,hanze,HANZE v3.0.1b id 667; end 1954-04-20; persons affected n/a
hanze-668,1954-07-08T12:00:00Z,day,42.8,12.07,country,Italy (ITH20),flash flood — Extreme rainfall,1,hanze,HANZE v3.0.1b id 668; end 1954-07-08; persons affected n/a
hanze-669,1954-07-11T12:00:00Z,day,42.8,12.07,country,Italy (ITG2D),river flood — Heavy rainfall,1,hanze,HANZE v3.0.1b id 669; end 1954-07-13; persons affected n/a
hanze-670,1954-10-25T12:00:00Z,day,42.8,12.07,country,Italy (ITF35),flash flood — Extreme rainfall up to 320 mm in 6 h,322,hanze,HANZE v3.0.1b id 670; end 1954-10-26; persons affected 10000
hanze-671,1954-11-05T12:00:00Z,day,42.8,12.07,country,Italy (ITF33),flash flood — Extreme rainfall,0,hanze,HANZE v3.0.1b id 671; end 1954-11-06; persons affected 300
hanze-672,1954-11-16T12:00:00Z,day,42.8,12.07,country,Italy (ITF47),flash flood — Extreme rainfall up to 190 mm in 24 h,2,hanze,HANZE v3.0.1b id 672; end 1954-11-17; persons affected 772
hanze-673,1954-12-01T12:00:00Z,day,42.8,12.07,country,Italy (ITC33;ITC34),flash flood — Extreme rainfall,1,hanze,HANZE v3.0.1b id 673; end 1954-12-01; persons affected n/a
hanze-674,1955-01-18T12:00:00Z,day,42.8,12.07,country,Italy (ITF32;ITF34),flash flood — Extreme rainfall,0,hanze,HANZE v3.0.1b id 674; end 1955-01-19; persons affected 200
hanze-676,1955-07-06T12:00:00Z,day,42.8,12.07,country,Italy (ITF33),river flood — Heavy rainfall,4,hanze,HANZE v3.0.1b id 676; end 1955-07-09; persons affected n/a
hanze-677,1955-09-12T12:00:00Z,day,42.8,12.07,country,Italy (ITI31;ITI32),river flood — Heavy rainfall,1,hanze,HANZE v3.0.1b id 677; end 1955-09-15; persons affected n/a
hanze-678,1955-09-12T12:00:00Z,day,42.8,12.07,country,Italy (ITG2H),flash flood — Extreme rainfall,0,hanze,HANZE v3.0.1b id 678; end 1955-09-12; persons affected 200
hanze-679,1955-10-01T12:00:00Z,day,42.8,12.07,country,Italy (ITF65),flash flood — Extreme rainfall,0,hanze,HANZE v3.0.1b id 679; end 1955-10-01; persons affected 1200
hanze-680,1955-10-08T12:00:00Z,day,42.8,12.07,country,Italy (ITF45;ITF46),flash flood — Extreme rainfall,1,hanze,HANZE v3.0.1b id 680; end 1955-10-09; persons affected n/a
hanze-681,1955-11-17T12:00:00Z,day,42.8,12.07,country,Italy (ITG2D),flash flood — Extreme rainfall,1,hanze,HANZE v3.0.1b id 681; end 1955-11-18; persons affected n/a
hanze-2517,1955-03-01T12:00:00Z,day,42.8,12.07,country,Italy (ITI21),river flood — Heavy rainfall,0,hanze,HANZE v3.0.1b id 2517; end 1955-03-01; persons affected n/a
hanze-2518,1955-09-29T12:00:00Z,day,42.8,12.07,country,Italy (ITG2D),flash flood — Extreme rainfall,0,hanze,HANZE v3.0.1b id 2518; end 1955-09-29; persons affected 300
hanze-2519,1955-10-11T12:00:00Z,day,42.8,12.07,country,Italy (ITI32;ITI33),flash flood — Extreme rainfall,0,hanze,HANZE v3.0.1b id 2519; end 1955-10-11; persons affected n/a
hanze-682,1956-09-23T12:00:00Z,day,42.8,12.07,country,Italy (ITG17),coastal flood — Storm surge,0,hanze,HANZE v3.0.1b id 682; end 1956-09-23; persons affected 461
hanze-683,1956-11-13T12:00:00Z,day,42.8,12.07,country,Italy (ITI43),river flood — Heavy rainfall,1,hanze,HANZE v3.0.1b id 683; end 1956-11-16; persons affected 640
hanze-684,1956-11-29T12:00:00Z,day,42.8,12.07,country,Italy (ITH37),river flood — Heavy rainfall,0,hanze,HANZE v3.0.1b id 684; end 1956-12-06; persons affected 1000
hanze-2520,1956-02-25T12:00:00Z,day,42.8,12.07,country,Italy (ITF43;ITG2E),river flood — Heavy rainfall,0,hanze,HANZE v3.0.1b id 2520; end 1956-02-28; persons affected 210
hanze-2521,1956-04-29T12:00:00Z,day,42.8,12.07,country,Italy (ITH54;ITH55),river flood — Heavy rainfall,0,hanze,HANZE v3.0.1b id 2521; end 1956-05-01; persons affected n/a
hanze-685,1957-01-18T12:00:00Z,day,42.8,12.07,country,Italy (ITF22;ITF46),flash flood — Extreme rainfall,1,hanze,HANZE v3.0.1b id 685; end 1957-01-18; persons affected n/a
hanze-686,1957-01-22T12:00:00Z,day,42.8,12.07,country,Italy (ITG17;ITG2F),flash flood — Extreme rainfall,1,hanze,HANZE v3.0.1b id 686; end 1957-01-23; persons affected n/a
hanze-687,1957-06-12T12:00:00Z,day,42.8,12.07,country,Italy (ITC11;ITC16),river flood — Heavy rainfall,3,hanze,HANZE v3.0.1b id 687; end 1957-06-15; persons affected n/a
hanze-688,1957-07-24T12:00:00Z,day,42.8,12.07,country,Italy (ITH37),river flood — Heavy rainfall,0,hanze,HANZE v3.0.1b id 688; end 1957-07-27; persons affected 25000
hanze-689,1957-08-08T12:00:00Z,day,42.8,12.07,country,Italy (ITH10;ITH20),flash flood — Extreme rainfall,3,hanze,HANZE v3.0.1b id 689; end 1957-08-10; persons affected 200
hanze-690,1957-08-20T12:00:00Z,day,42.8,12.07,country,Italy (ITF48),flash flood — Extreme rainfall,3,hanze,HANZE v3.0.1b id 690; end 1957-08-21; persons affected n/a
hanze-691,1957-10-03T12:00:00Z,day,42.8,12.07,country,Italy (ITI43),river flood — Heavy rainfall,0,hanze,HANZE v3.0.1b id 691; end 1957-10-06; persons affected 700
hanze-692,1957-10-07T12:00:00Z,day,42.8,12.07,country,Italy (ITF45),flash flood — Extreme rainfall up to 315 mm in 24 h,0,hanze,HANZE v3.0.1b id 692; end 1957-10-08; persons affected 350
hanze-693,1957-10-27T12:00:00Z,day,42.8,12.07,country,Italy (ITF61),flash flood — Extreme rainfall,1,hanze,HANZE v3.0.1b id 693; end 1957-10-28; persons affected n/a
hanze-694,1957-11-06T12:00:00Z,day,42.8,12.07,country,Italy (ITH37),river flood — Heavy rainfall,0,hanze,HANZE v3.0.1b id 694; end 1957-11-18; persons affected 6000
hanze-695,1957-12-15T12:00:00Z,day,42.8,12.07,country,Italy (ITH37;ITH41;ITH44),compound river/coastal flood — Heavy rainfall and storm surge (acqua alta),1,hanze,HANZE v3.0.1b id 695; end 1957-12-18; persons affected 450
hanze-696,1957-12-29T12:00:00Z,day,42.8,12.07,country,Italy (ITG2E;ITG2F),flash flood — Extreme rainfall,1,hanze,HANZE v3.0.1b id 696; end 1957-12-29; persons affected 100
hanze-2361,1957-04-11T12:00:00Z,day,42.8,12.07,country,Italy (ITH35;ITH36;ITH37),compound river/coastal flood — Heavy rainfall and storm surge (0.8 m),1,hanze,HANZE v3.0.1b id 2361; end 1957-04-17; persons affected n/a
hanze-2522,1957-06-17T12:00:00Z,day,42.8,12.07,country,Italy (ITH37),river flood — Heavy rainfall,0,hanze,HANZE v3.0.1b id 2522; end 1957-06-29; persons affected n/a
hanze-2523,1957-06-13T12:00:00Z,day,42.8,12.07,country,Italy (ITF32),flash flood — Extreme rainfall,1,hanze,HANZE v3.0.1b id 2523; end 1957-06-14; persons affected n/a
hanze-2524,1957-12-11T12:00:00Z,day,42.8,12.07,country,Italy (ITC31),flash flood — Extreme rainfall,0,hanze,HANZE v3.0.1b id 2524; end 1957-12-11; persons affected n/a
hanze-697,1958-02-15T12:00:00Z,day,42.8,12.07,country,Italy (ITI41;ITI43),river flood — Heavy rainfall,5,hanze,HANZE v3.0.1b id 697; end 1958-02-18; persons affected n/a
hanze-698,1958-02-27T12:00:00Z,day,42.8,12.07,country,Italy (ITF35),flash flood — Extreme rainfall,2,hanze,HANZE v3.0.1b id 698; end 1958-02-28; persons affected n/a
hanze-699,1958-04-10T12:00:00Z,day,42.8,12.07,country,Italy (ITH35;ITH37),river flood — Heavy rainfall,0,hanze,HANZE v3.0.1b id 699; end 1958-04-20; persons affected 640
hanze-700,1958-08-07T12:00:00Z,day,42.8,12.07,country,Italy (ITG2E),flash flood — Extreme rainfall,0,hanze,HANZE v3.0.1b id 700; end 1958-08-07; persons affected 200
hanze-701,1958-10-02T12:00:00Z,day,42.8,12.07,country,Italy (ITH41;ITH42),flash flood — Extreme rainfall,1,hanze,HANZE v3.0.1b id 701; end 1958-10-02; persons affected n/a
hanze-702,1958-10-25T12:00:00Z,day,42.8,12.07,country,Italy (ITG16),flash flood — Extreme rainfall,4,hanze,HANZE v3.0.1b id 702; end 1958-10-25; persons affected n/a
hanze-703,1958-11-12T12:00:00Z,day,42.8,12.07,country,Italy (ITF43;ITF44),flash flood — Extreme rainfall,0,hanze,HANZE v3.0.1b id 703; end 1958-11-13; persons affected 250
hanze-704,1958-11-19T12:00:00Z,day,42.8,12.07,country,Italy (ITG17),flash flood — Extreme rainfall,1,hanze,HANZE v3.0.1b id 704; end 1958-11-19; persons affected n/a
hanze-705,1958-11-27T12:00:00Z,day,42.8,12.07,country,Italy (ITG2D;ITG2E),river flood — Heavy rainfall,0,hanze,HANZE v3.0.1b id 705; end 1958-12-01; persons affected 350
hanze-706,1958-12-09T12:00:00Z,day,42.8,12.07,country,Italy (ITG2F),flash flood — Extreme rainfall,0,hanze,HANZE v3.0.1b id 706; end 1958-12-09; persons affected 200
hanze-707,1958-12-14T12:00:00Z,day,42.8,12.07,country,Italy (ITH56;ITH58),river flood — Heavy rainfall,0,hanze,HANZE v3.0.1b id 707; end 1958-12-14; persons affected 3000
hanze-2525,1958-04-14T12:00:00Z,day,42.8,12.07,country,Italy (ITC11;ITC17;ITH36),river flood — Heavy rainfall,0,hanze,HANZE v3.0.1b id 2525; end 1958-04-19; persons affected n/a
hanze-2526,1958-04-15T12:00:00Z,day,42.8,12.07,country,Italy (ITG2E;ITG2G;ITG2H),river flood — Heavy rainfall,0,hanze,HANZE v3.0.1b id 2526; end 1958-04-19; persons affected 160
hanze-2527,1958-03-01T12:00:00Z,day,42.8,12.07,country,Italy (ITF46;ITF48),river flood — Heavy rainfall,0,hanze,HANZE v3.0.1b id 2527; end 1958-03-03; persons affected n/a
hanze-2528,1958-06-23T12:00:00Z,day,42.8,12.07,country,Italy (ITH37),river flood — Heavy rainfall,0,hanze,HANZE v3.0.1b id 2528; end 1958-06-23; persons affected n/a
hanze-2529,1958-11-27T12:00:00Z,day,42.8,12.07,country,Italy (ITG13),flash flood — Extreme rainfall,0,hanze,HANZE v3.0.1b id 2529; end 1958-11-27; persons affected 500
hanze-2530,1958-12-25T12:00:00Z,day,42.8,12.07,country,Italy (ITH35),compound river/coastal flood — Heavy rainfall and storm surge (acqua alta),0,hanze,HANZE v3.0.1b id 2530; end 1958-12-29; persons affected n/a
hanze-2546,1958-06-21T12:00:00Z,day,42.8,12.07,country,Italy (ITH42;ITH43),river flood — Heavy rainfall,1,hanze,HANZE v3.0.1b id 2546; end 1958-06-29; persons affected n/a
hanze-708,1959-04-01T12:00:00Z,day,42.8,12.07,country,Italy (ITF12;ITF14),river flood — Heavy rainfall,0,hanze,HANZE v3.0.1b id 708; end 1959-04-03; persons affected 270
hanze-709,1959-06-21T12:00:00Z,day,42.8,12.07,country,Italy (ITF34),flash flood — Extreme rainfall,1,hanze,HANZE v3.0.1b id 709; end 1959-06-22; persons affected n/a
hanze-710,1959-06-29T12:00:00Z,day,42.8,12.07,country,Italy (ITH10;ITH31),flash flood — Extreme rainfall,2,hanze,HANZE v3.0.1b id 710; end 1959-06-30; persons affected n/a
hanze-711,1959-09-05T12:00:00Z,day,42.8,12.07,country,Italy (ITI32;ITI33),flash flood — Extreme rainfall up to 234 mm in 24 h,12,hanze,HANZE v3.0.1b id 711; end 1959-09-07; persons affected n/a
hanze-712,1959-10-15T12:00:00Z,day,42.8,12.07,country,Italy (ITC46),flash flood — Extreme rainfall,0,hanze,HANZE v3.0.1b id 712; end 1959-10-15; persons affected 500
hanze-713,1959-10-29T12:00:00Z,day,42.8,12.07,country,Italy (ITH20),flash flood — Extreme rainfall,0,hanze,HANZE v3.0.1b id 713; end 1959-10-29; persons affected 209
hanze-714,1959-11-12T12:00:00Z,day,42.8,12.07,country,Italy (ITF63),river flood — Heavy rainfall,1,hanze,HANZE v3.0.1b id 714; end 1959-11-14; persons affected 2000
hanze-715,1959-11-23T12:00:00Z,day,42.8,12.07,country,Italy (ITF51;ITF52),river flood — Heavy rainfall,11,hanze,HANZE v3.0.1b id 715; end 1959-11-25; persons affected 450
hanze-716,1959-11-24T12:00:00Z,day,42.8,12.07,country,Italy (ITF61;ITF62;ITF63),flash flood — Extreme rainfall up to 250 mm in 24 h,7,hanze,HANZE v3.0.1b id 716; end 1959-11-25; persons affected 2600
hanze-717,1959-11-30T12:00:00Z,day,42.8,12.07,country,Italy (ITG16;ITG17),river flood — Heavy rainfall up to 88 mm in 3 days,10,hanze,HANZE v3.0.1b id 717; end 1959-12-02; persons affected n/a
hanze-718,1959-12-01T12:00:00Z,day,42.8,12.07,country,Italy (ITC11),flash flood — Extreme rainfall,16,hanze,HANZE v3.0.1b id 718; end 1959-12-01; persons affected n/a
hanze-719,1959-12-03T12:00:00Z,day,42.8,12.07,country,Italy (ITI43),flash flood — Extreme rainfall,0,hanze,HANZE v3.0.1b id 719; end 1959-12-03; persons affected 500
hanze-2531,1959-12-23T12:00:00Z,day,42.8,12.07,country,Italy (ITI21;ITI22;ITI41;ITI42;ITI43),river flood — Heavy rainfall,0,hanze,HANZE v3.0.1b id 2531; end 1959-12-30; persons affected n/a
hanze-720,1960-01-09T12:00:00Z,day,42.8,12.07,country,Italy (ITF33),flash flood — Extreme rainfall,1,hanze,HANZE v3.0.1b id 720; end 1960-01-10; persons affected n/a
hanze-721,1960-02-01T12:00:00Z,day,42.8,12.07,country,Italy (ITG17),flash flood — Extreme rainfall,3,hanze,HANZE v3.0.1b id 721; end 1960-02-02; persons affected n/a
hanze-722,1960-02-10T12:00:00Z,day,42.8,12.07,country,Italy (ITF45),flash flood — Extreme rainfall,0,hanze,HANZE v3.0.1b id 722; end 1960-02-11; persons affected 1000
hanze-723,1960-03-16T12:00:00Z,day,42.8,12.07,country,Italy (ITG2F),flash flood — Extreme rainfall,1,hanze,HANZE v3.0.1b id 723; end 1960-03-16; persons affected n/a
hanze-724,1960-08-12T12:00:00Z,day,42.8,12.07,country,Italy (ITI11),flash flood — Extreme rainfall,2,hanze,HANZE v3.0.1b id 724; end 1960-08-12; persons affected n/a
hanze-725,1960-09-17T12:00:00Z,day,42.8,12.07,country,Italy (ITC47),river flood — Heavy rainfall,0,hanze,HANZE v3.0.1b id 725; end 1960-09-19; persons affected 300
hanze-726,1960-09-17T12:00:00Z,day,42.8,12.07,country,Italy (ITH20),flash flood — Extreme rainfall,4,hanze,HANZE v3.0.1b id 726; end 1960-09-18; persons affected n/a
hanze-727,1960-09-19T12:00:00Z,day,42.8,12.07,country,Italy (ITC42;ITC44;ITC46;ITC49;ITC4A;ITC4B;ITF33;ITI1A),flash flood — Extreme rainfall,6,hanze,HANZE v3.0.1b id 727; end 1960-09-20; persons affected n/a
hanze-728,1960-09-20T12:00:00Z,day,42.8,12.07,country,Italy (ITI22;ITI41),river flood — Heavy rainfall,19,hanze,HANZE v3.0.1b id 728; end 1960-09-28; persons affected n/a
hanze-729,1960-10-06T12:00:00Z,day,42.8,12.07,country,Italy (ITG2D),flash flood — Extreme rainfall,2,hanze,HANZE v3.0.1b id 729; end 1960-10-06; persons affected n/a
hanze-730,1960-10-26T12:00:00Z,day,42.8,12.07,country,Italy (ITC49;ITC4C;ITH35;ITH37),river flood — Heavy rainfall,0,hanze,HANZE v3.0.1b id 730; end 1960-11-14; persons affected 10605
hanze-731,1960-12-18T12:00:00Z,day,42.8,12.07,country,Italy (ITC11;ITC16),flash flood — Extreme rainfall,1,hanze,HANZE v3.0.1b id 731; end 1960-12-19; persons affected n/a
hanze-2556,1960-02-15T12:00:00Z,day,42.8,12.07,country,Italy (ITI21;ITI32),river flood — Heavy rainfall,0,hanze,HANZE v3.0.1b id 2556; end 1960-02-19; persons affected n/a
hanze-2557,1960-04-19T12:00:00Z,day,42.8,12.07,country,Italy (ITH54),river flood — Heavy rainfall,0,hanze,HANZE v3.0.1b id 2557; end 1960-05-10; persons affected n/a
hanze-2558,1960-04-20T12:00:00Z,day,42.8,12.07,country,Italy (ITC4B),river flood — Heavy rainfall,0,hanze,HANZE v3.0.1b id 2558; end 1960-04-21; persons affected n/a
hanze-2559,1960-12-08T12:00:00Z,day,42.8,12.07,country,Italy (ITF31;ITF33),flash flood — Extreme rainfall,2,hanze,HANZE v3.0.1b id 2559; end 1960-12-09; persons affected n/a
hanze-2560,1960-12-23T12:00:00Z,day,42.8,12.07,country,Italy (ITI41;ITI43;ITI44),river flood — Heavy rainfall,0,hanze,HANZE v3.0.1b id 2560; end 1960-12-24; persons affected n/a
hanze-732,1961-01-16T12:00:00Z,day,42.8,12.07,country,Italy (ITG2E;ITG2G),flash flood — Extreme rainfall,0,hanze,HANZE v3.0.1b id 732; end 1961-01-16; persons affected 300
hanze-733,1961-02-04T12:00:00Z,day,42.8,12.07,country,Italy (ITC11),flash flood — Extreme rainfall,14,hanze,HANZE v3.0.1b id 733; end 1961-02-04; persons affected n/a
hanze-734,1961-03-16T12:00:00Z,day,42.8,12.07,country,Italy (ITI43),flash flood — Extreme rainfall,1,hanze,HANZE v3.0.1b id 734; end 1961-03-16; persons affected n/a
hanze-735,1961-06-05T12:00:00Z,day,42.8,12.07,country,Italy (ITG2D),flash flood — Extreme rainfall,1,hanze,HANZE v3.0.1b id 735; end 1961-06-05; persons affected n/a
hanze-736,1961-10-03T12:00:00Z,day,42.8,12.07,country,Italy (ITF44;ITG2H),flash flood — Extreme rainfall,3,hanze,HANZE v3.0.1b id 736; end 1961-10-05; persons affected n/a
hanze-737,1961-10-18T12:00:00Z,day,42.8,12.07,country,Italy (ITF32;ITF34;ITF35),river flood — Heavy rainfall up to 436 mm in 1 month,2,hanze,HANZE v3.0.1b id 737; end 1961-10-19; persons affected 1250
hanze-738,1961-11-12T12:00:00Z,day,42.8,12.07,country,Italy (ITF33),flash flood — Extreme rainfall,2,hanze,HANZE v3.0.1b id 738; end 1961-11-13; persons affected n/a
hanze-739,1961-11-13T12:00:00Z,day,42.8,12.07,country,Italy (ITG2D;ITG2F;ITG2G;ITG2H),flash flood — Extreme rainfall,0,hanze,HANZE v3.0.1b id 739; end 1961-11-14; persons affected 200
hanze-740,1961-11-14T12:00:00Z,day,42.8,12.07,country,Italy (ITH34;ITH35),river flood — Heavy rainfall,0,hanze,HANZE v3.0.1b id 740; end 1961-11-16; persons affected 700
hanze-741,1961-11-13T12:00:00Z,day,42.8,12.07,country,Italy (ITI21;ITI43),river flood — Heavy rainfall,1,hanze,HANZE v3.0.1b id 741; end 1961-11-17; persons affected n/a
hanze-742,1961-11-22T12:00:00Z,day,42.8,12.07,country,Italy (ITG2F;ITG2H),flash flood — Extreme rainfall,0,hanze,HANZE v3.0.1b id 742; end 1961-11-23; persons affected 1500
hanze-2561,1961-01-11T12:00:00Z,day,42.8,12.07,country,Italy (ITF35),flash flood — Extreme rainfall,0,hanze,HANZE v3.0.1b id 2561; end 1961-01-11; persons affected 100
hanze-2562,1961-10-06T12:00:00Z,day,42.8,12.07,country,Italy (ITF31;ITF32;ITF45),flash flood — Extreme rainfall,0,hanze,HANZE v3.0.1b id 2562; end 1961-10-08; persons affected n/a
hanze-743,1962-11-15T12:00:00Z,day,42.8,12.07,country,Italy (ITI43),flash flood — Extreme rainfall,0,hanze,HANZE v3.0.1b id 743; end 1962-11-16; persons affected 10000
hanze-744,1962-12-24T12:00:00Z,day,42.8,12.07,country,Italy (ITH35;ITH44),coastal flood — Storm surge (acqua alta),1,hanze,HANZE v3.0.1b id 744; end 1962-12-25; persons affected n/a
hanze-2563,1962-11-09T12:00:00Z,day,42.8,12.07,country,Italy (ITC48;ITI21;ITI22),river flood — Heavy rainfall,0,hanze,HANZE v3.0.1b id 2563; end 1962-11-16; persons affected n/a
hanze-745,1963-02-16T12:00:00Z,day,42.8,12.07,country,Italy (ITF33;ITF35;ITI21;ITI22),river flood — Heavy rainfall up to 406 mm in 1 month,9,hanze,HANZE v3.0.1b id 745; end 1963-02-21; persons affected n/a
hanze-746,1963-06-14T12:00:00Z,day,42.8,12.07,country,Italy (ITC4D),flash flood — Extreme rainfall,0,hanze,HANZE v3.0.1b id 746; end 1963-06-14; persons affected 250
hanze-747,1963-06-14T12:00:00Z,day,42.8,12.07,country,Italy (ITG2F),flash flood — Extreme rainfall,1,hanze,HANZE v3.0.1b id 747; end 1963-06-14; persons affected n/a
hanze-748,1963-07-30T12:00:00Z,day,42.8,12.07,country,Italy (ITG2H),flash flood — Extreme rainfall,2,hanze,HANZE v3.0.1b id 748; end 1963-07-30; persons affected n/a
hanze-749,1963-09-03T12:00:00Z,day,42.8,12.07,country,Italy (ITH44),river flood — Heavy rainfall,1,hanze,HANZE v3.0.1b id 749; end 1963-09-05; persons affected n/a
hanze-750,1963-09-25T12:00:00Z,day,42.8,12.07,country,Italy (ITF35),river flood — Heavy rainfall up to 281 mm in 1 month,1,hanze,HANZE v3.0.1b id 750; end 1963-09-26; persons affected n/a
hanze-751,1963-10-04T12:00:00Z,day,42.8,12.07,country,Italy (ITI43),flash flood — Extreme rainfall,0,hanze,HANZE v3.0.1b id 751; end 1963-10-04; persons affected 200
hanze-2564,1963-01-05T12:00:00Z,day,42.8,12.07,country,Italy (ITI21;ITI22),river flood — Heavy rainfall,0,hanze,HANZE v3.0.1b id 2564; end 1963-01-05; persons affected n/a
hanze-2565,1963-10-07T12:00:00Z,day,42.8,12.07,country,Italy (ITF33;ITF34;ITF35),flash flood — Extreme rainfall,0,hanze,HANZE v3.0.1b id 2565; end 1963-10-08; persons affected n/a
hanze-2566,1963-11-03T12:00:00Z,day,42.8,12.07,country,Italy (ITC18;ITC41;ITC46;ITC4C),river flood — Heavy rainfall,2,hanze,HANZE v3.0.1b id 2566; end 1963-11-08; persons affected n/a
hanze-2567,1963-11-04T12:00:00Z,day,42.8,12.07,country,Italy (ITC49;ITH37;ITH42),river flood — Heavy rainfall,0,hanze,HANZE v3.0.1b id 2567; end 1963-11-10; persons affected n/a
hanze-2568,1963-12-12T12:00:00Z,day,42.8,12.07,country,Italy (ITF31;ITF32;ITF34;ITF35),river flood — Heavy rainfall,0,hanze,HANZE v3.0.1b id 2568; end 1963-12-15; persons affected n/a
hanze-752,1964-01-28T12:00:00Z,day,42.8,12.07,country,Italy (ITG17),coastal flood — Storm surge,0,hanze,HANZE v3.0.1b id 752; end 1964-01-29; persons affected 500
hanze-753,1964-02-28T12:00:00Z,day,42.8,12.07,country,Italy (ITG2E),flash flood — Extreme rainfall,0,hanze,HANZE v3.0.1b id 753; end 1964-02-28; persons affected 200
hanze-754,1964-06-25T12:00:00Z,day,42.8,12.07,country,Italy (ITF52),flash flood — Extreme rainfall,1,hanze,HANZE v3.0.1b id 754; end 1964-06-26; persons affected n/a
hanze-755,1964-08-24T12:00:00Z,day,42.8,12.07,country,Italy (ITF33),flash flood — Extreme rainfall,1,hanze,HANZE v3.0.1b id 755; end 1964-08-25; persons affected n/a
hanze-756,1964-09-01T12:00:00Z,day,42.8,12.07,country,Italy (ITF51),flash flood — Extreme rainfall,1,hanze,HANZE v3.0.1b id 756; end 1964-09-02; persons affected n/a
hanze-757,1964-09-28T12:00:00Z,day,42.8,12.07,country,Italy (ITG17),flash flood — Extreme rainfall,3,hanze,HANZE v3.0.1b id 757; end 1964-09-29; persons affected n/a
hanze-758,1964-10-24T12:00:00Z,day,42.8,12.07,country,Italy (ITF32;ITF34;ITF35),flash flood — Extreme rainfall,3,hanze,HANZE v3.0.1b id 758; end 1964-10-25; persons affected n/a
hanze-759,1964-11-10T12:00:00Z,day,42.8,12.07,country,Italy (ITG2D;ITG2E;ITG2F;ITG2H),flash flood — Extreme rainfall,1,hanze,HANZE v3.0.1b id 759; end 1964-11-10; persons affected 500
hanze-760,1964-12-20T12:00:00Z,day,42.8,12.07,country,Italy (ITF31;ITF35),flash flood — Extreme rainfall,0,hanze,HANZE v3.0.1b id 760; end 1964-12-21; persons affected 500
hanze-761,1964-12-30T12:00:00Z,day,42.8,12.07,country,Italy (ITI43),river flood — Heavy rainfall,0,hanze,HANZE v3.0.1b id 761; end 1964-12-30; persons affected 200
hanze-2569,1964-03-16T12:00:00Z,day,42.8,12.07,country,Italy (ITH57),river flood — Heavy rainfall,0,hanze,HANZE v3.0.1b id 2569; end 1964-03-19; persons affected n/a
hanze-2570,1964-10-05T12:00:00Z,day,42.8,12.07,country,Italy (ITF32;ITF34),river flood — Heavy rainfall,1,hanze,HANZE v3.0.1b id 2570; end 1964-10-13; persons affected n/a
hanze-2571,1964-12-28T12:00:00Z,day,42.8,12.07,country,Italy (ITI21;ITI22;ITI43),river flood — Heavy rainfall,0,hanze,HANZE v3.0.1b id 2571; end 1964-12-30; persons affected n/a
hanze-762,1965-07-06T12:00:00Z,day,42.8,12.07,country,Italy (ITH44),flash flood — Extreme rainfall,0,hanze,HANZE v3.0.1b id 762; end 1965-07-07; persons affected 200
hanze-763,1965-08-24T12:00:00Z,day,42.8,12.07,country,Italy (ITH35),river flood — Heavy rainfall,0,hanze,HANZE v3.0.1b id 763; end 1965-08-26; persons affected 300
hanze-764,1965-09-01T12:00:00Z,day,42.8,12.07,country,Italy (ITI14;ITI16;ITI17;ITI19;ITI1A),flash flood — Extreme rainfall,11,hanze,HANZE v3.0.1b id 764; end 1965-09-02; persons affected n/a
hanze-765,1965-09-01T12:00:00Z,day,42.8,12.07,country,Italy (ITI21;ITI22),river flood — Heavy rainfall,9,hanze,HANZE v3.0.1b id 765; end 1965-09-04; persons affected n/a
hanze-766,1965-09-02T12:00:00Z,day,42.8,12.07,country,Italy (ITH32;ITH34;ITH35;ITH41;ITH42),river flood — Heavy rainfall up to 828 mm in 48 h,2,hanze,HANZE v3.0.1b id 766; end 1965-09-04; persons affected 11150
hanze-767,1965-09-02T12:00:00Z,day,42.8,12.07,country,Italy (ITI41;ITI43),river flood — Heavy rainfall,13,hanze,HANZE v3.0.1b id 767; end 1965-09-08; persons affected 1500
hanze-768,1965-09-02T12:00:00Z,day,42.8,12.07,country,Italy (ITG11),flash flood — Extreme rainfall up to 144 mm in 1 day,11,hanze,HANZE v3.0.1b id 768; end 1965-09-04; persons affected 600
hanze-769,1965-09-02T12:00:00Z,day,42.8,12.07,country,Italy (ITH10;ITH20),flash flood — Extreme rainfall,4,hanze,HANZE v3.0.1b id 769; end 1965-09-02; persons affected n/a
hanze-770,1965-09-07T12:00:00Z,day,42.8,12.07,country,Italy (ITF22),flash flood — Extreme rainfall,1,hanze,HANZE v3.0.1b id 770; end 1965-09-07; persons affected n/a
hanze-771,1965-09-10T12:00:00Z,day,42.8,12.07,country,Italy (ITC14),flash flood — Extreme rainfall,2,hanze,HANZE v3.0.1b id 771; end 1965-09-10; persons affected n/a
hanze-772,1965-09-28T12:00:00Z,day,42.8,12.07,country,Italy (ITH41;ITH42;ITH43),river flood — Heavy rainfall,0,hanze,HANZE v3.0.1b id 772; end 1965-09-30; persons affected 10000
hanze-773,1965-09-28T12:00:00Z,day,42.8,12.07,country,Italy (ITI21;ITI22;ITI33),flash flood — Extreme rainfall up to 164 mm in 10 h,3,hanze,HANZE v3.0.1b id 773; end 1965-09-28; persons affected n/a
hanze-774,1965-10-19T12:00:00Z,day,42.8,12.07,country,Italy (ITG18),flash flood — Extreme rainfall,4,hanze,HANZE v3.0.1b id 774; end 1965-10-19; persons affected n/a
hanze-775,1965-11-29T12:00:00Z,day,42.8,12.07,country,Italy (ITH36),flash flood — Extreme rainfall,1,hanze,HANZE v3.0.1b id 775; end 1965-11-30; persons affected n/a
hanze-2572,1965-07-05T12:00:00Z,day,42.8,12.07,country,Italy (ITH31;ITH32),flash flood — Extreme rainfall,0,hanze,HANZE v3.0.1b id 2572; end 1965-07-06; persons affected n/a
hanze-2573,1965-07-05T12:00:00Z,day,42.8,12.07,country,Italy (ITH34;ITH35;ITH36),flash flood — Extreme rainfall,1,hanze,HANZE v3.0.1b id 2573; end 1965-07-06; persons affected 200
hanze-2574,1965-07-06T12:00:00Z,day,42.8,12.07,country,Italy (ITH37),flash flood — Extreme rainfall,1,hanze,HANZE v3.0.1b id 2574; end 1965-07-07; persons affected n/a
hanze-776,1966-02-21T12:00:00Z,day,42.8,12.07,country,Italy (ITC16),flash flood — Extreme rainfall,1,hanze,HANZE v3.0.1b id 776; end 1966-02-21; persons affected n/a
hanze-777,1966-08-15T12:00:00Z,day,42.8,12.07,country,Italy (ITH10;ITH20;ITH31;ITH32;ITH33;ITH35;ITH37;ITH42),river flood — Heavy rainfall,2,hanze,HANZE v3.0.1b id 777; end 1966-08-20; persons affected n/a
hanze-778,1966-10-03T12:00:00Z,day,42.8,12.07,country,Italy (ITC34),flash flood — Extreme rainfall,0,hanze,HANZE v3.0.1b id 778; end 1966-10-03; persons affected 350
hanze-779,1966-10-05T12:00:00Z,day,42.8,12.07,country,Italy (ITG2E),flash flood — Extreme rainfall,0,hanze,HANZE v3.0.1b id 779; end 1966-10-06; persons affected 600
hanze-780,1966-10-11T12:00:00Z,day,42.8,12.07,country,Italy (ITC16),river flood — Heavy rainfall,1,hanze,HANZE v3.0.1b id 780; end 1966-10-11; persons affected n/a
hanze-781,1966-10-15T12:00:00Z,day,42.8,12.07,country,Italy (ITC16;ITC17;ITC18),river flood — Heavy rainfall,2,hanze,HANZE v3.0.1b id 781; end 1966-10-17; persons affected n/a
hanze-782,1966-10-25T12:00:00Z,day,42.8,12.07,country,Italy (ITF31;ITF32;ITF35),flash flood — Extreme rainfall up to 300 mm in 24 h,7,hanze,HANZE v3.0.1b id 782; end 1966-10-26; persons affected 1000
hanze-783,1966-11-03T12:00:00Z,day,42.8,12.07,country,Italy (ITC47;ITG2G;ITH10;ITH20;ITH31;ITH32;ITH33;ITH34;ITH36;ITH41;),river flood — Heavy rainfall up to 344.5 mm in 24 h and 751.4 mm in 2 days,85,hanze,HANZE v3.0.1b id 783; end 1966-11-09; persons affected 77600
hanze-784,1966-11-18T12:00:00Z,day,42.8,12.07,country,Italy (ITH37),river flood — Heavy rainfall,2,hanze,HANZE v3.0.1b id 784; end 1966-11-29; persons affected 9000
hanze-785,1966-11-24T12:00:00Z,day,42.8,12.07,country,Italy (ITI43),river flood — Heavy rainfall,0,hanze,HANZE v3.0.1b id 785; end 1966-11-26; persons affected 450
hanze-2398,1966-11-04T12:00:00Z,day,42.8,12.07,country,Italy (ITH35;ITH37),compound river/coastal flood — Heavy rainfall and storm surge (acqua alta - 194 cm),3,hanze,HANZE v3.0.1b id 2398; end 1966-11-05; persons affected 11000
hanze-2575,1966-07-16T12:00:00Z,day,42.8,12.07,country,Italy (ITH32;ITH34;ITH35;ITH41),river flood — Heavy rainfall,1,hanze,HANZE v3.0.1b id 2575; end 1966-07-19; persons affected n/a
hanze-2576,1966-12-01T12:00:00Z,day,42.8,12.07,country,Italy (ITI14;ITI43;ITI45),river flood — Heavy rainfall,0,hanze,HANZE v3.0.1b id 2576; end 1966-12-08; persons affected 985
hanze-786,1967-02-08T12:00:00Z,day,42.8,12.07,country,Italy (ITG2E),flash flood — Extreme rainfall,1,hanze,HANZE v3.0.1b id 786; end 1967-02-08; persons affected n/a
hanze-787,1967-04-10T12:00:00Z,day,42.8,12.07,country,Italy (ITH42),flash flood — Extreme rainfall,1,hanze,HANZE v3.0.1b id 787; end 1967-04-11; persons affected n/a
hanze-788,1967-09-18T12:00:00Z,day,42.8,12.07,country,Italy (ITG2D),river flood — Heavy rainfall,1,hanze,HANZE v3.0.1b id 788; end 1967-09-20; persons affected 200
hanze-2577,1967-02-18T12:00:00Z,day,42.8,12.07,country,Italy (ITH35;ITH37),compound river/coastal flood — Heavy rainfall (60 mm) and storm surge (140 cm),0,hanze,HANZE v3.0.1b id 2577; end 1967-02-18; persons affected 6800
hanze-2578,1967-06-11T12:00:00Z,day,42.8,12.07,country,Italy (ITH35;ITH37),river flood — Heavy rainfall up to 300 mm in 48 h,1,hanze,HANZE v3.0.1b id 2578; end 1967-06-12; persons affected n/a
hanze-2579,1967-12-12T12:00:00Z,day,42.8,12.07,country,Italy (ITG2D;ITG2E;ITG2G),flash flood — Extreme rainfall,2,hanze,HANZE v3.0.1b id 2579; end 1967-12-13; persons affected 50
hanze-789,1968-08-24T12:00:00Z,day,42.8,12.07,country,Italy (ITF46),flash flood — Extreme rainfall,1,hanze,HANZE v3.0.1b id 789; end 1968-08-25; persons affected n/a
hanze-790,1968-11-01T12:00:00Z,day,42.8,12.07,country,Italy (ITC12;ITC13;ITC15;ITC16;ITC17;ITC32;ITC33;ITC41;ITC48;ITC49;),flash flood — Extreme rainfall up to 395 mm in 24 h,76,hanze,HANZE v3.0.1b id 790; end 1968-11-03; persons affected 4000
hanze-791,1968-11-18T12:00:00Z,day,42.8,12.07,country,Italy (ITF44),flash flood — Extreme rainfall,3,hanze,HANZE v3.0.1b id 791; end 1968-11-19; persons affected n/a
hanze-792,1968-12-17T12:00:00Z,day,42.8,12.07,country,Italy (ITG2E;ITG2G),flash flood — Extreme rainfall,0,hanze,HANZE v3.0.1b id 792; end 1968-12-17; persons affected 200
hanze-2580,1968-08-29T12:00:00Z,day,42.8,12.07,country,Italy (ITC47;ITC4A),flash flood — Extreme rainfall,2,hanze,HANZE v3.0.1b id 2580; end 1968-08-30; persons affected n/a
hanze-2581,1968-12-16T12:00:00Z,day,42.8,12.07,country,Italy (ITF31;ITF32;ITF34;ITF35;ITI21;ITI22;ITI45),river flood — Heavy rainfall up to 423 mm in 4 days,3,hanze,HANZE v3.0.1b id 2581; end 1968-12-20; persons affected n/a
hanze-793,1969-01-07T12:00:00Z,day,42.8,12.07,country,Italy (ITF31;ITF32;ITF33),flash flood — Extreme rainfall,4,hanze,HANZE v3.0.1b id 793; end 1969-01-08; persons affected n/a
hanze-794,1969-09-21T12:00:00Z,day,42.8,12.07,country,Italy (ITH20),flash flood — Extreme rainfall,1,hanze,HANZE v3.0.1b id 794; end 1969-09-21; persons affected n/a
hanze-795,1969-10-13T12:00:00Z,day,42.8,12.07,country,Italy (ITF61;ITF62),river flood — Heavy rainfall,0,hanze,HANZE v3.0.1b id 795; end 1969-10-17; persons affected 250
hanze-796,1969-11-26T12:00:00Z,day,42.8,12.07,country,Italy (ITH35;ITH42;ITH43;ITH44),coastal flood — Storm surge (acqua alta up to 1.4 m),1,hanze,HANZE v3.0.1b id 796; end 1969-11-29; persons affected n/a
hanze-797,1969-12-01T12:00:00Z,day,42.8,12.07,country,Italy (ITF33),river flood — Heavy rainfall,0,hanze,HANZE v3.0.1b id 797; end 1969-12-09; persons affected 3500
hanze-2582,1969-01-13T12:00:00Z,day,42.8,12.07,country,Italy (ITH54),river flood — Heavy rainfall,0,hanze,HANZE v3.0.1b id 2582; end 1969-01-16; persons affected n/a
hanze-2583,1969-05-07T12:00:00Z,day,42.8,12.07,country,Italy (ITC48),flash flood — Extreme rainfall,0,hanze,HANZE v3.0.1b id 2583; end 1969-05-08; persons affected 10
hanze-798,1970-02-19T12:00:00Z,day,42.8,12.07,country,Italy (ITF48),flash flood — Extreme rainfall,3,hanze,HANZE v3.0.1b id 798; end 1970-02-20; persons affected n/a
hanze-799,1970-09-01T12:00:00Z,day,42.8,12.07,country,Italy (ITF44),flash flood — Extreme rainfall,0,hanze,HANZE v3.0.1b id 799; end 1970-09-02; persons affected 200
hanze-800,1970-10-07T12:00:00Z,day,42.8,12.07,country,Italy (ITC33),flash flood — Extreme rainfall up to 580 mm in 72 h; and up to 349 mm in 24 h,43,hanze,HANZE v3.0.1b id 800; end 1970-10-09; persons affected 2200
hanze-801,1970-09-18T12:00:00Z,day,42.8,12.07,country,Italy (ITF44;ITF46;ITF48),river flood — Heavy rainfall,0,hanze,HANZE v3.0.1b id 801; end 1970-09-20; persons affected 250
hanze-802,1970-10-01T12:00:00Z,day,42.8,12.07,country,Italy (ITF33),flash flood — Extreme rainfall,1,hanze,HANZE v3.0.1b id 802; end 1970-10-02; persons affected 450
hanze-803,1970-10-07T12:00:00Z,day,42.8,12.07,country,Italy (ITC18),river flood — Heavy rainfall,4,hanze,HANZE v3.0.1b id 803; end 1970-10-07; persons affected 600
hanze-804,1970-10-15T12:00:00Z,day,42.8,12.07,country,Italy (ITI33;ITI34),flash flood — Extreme rainfall,1,hanze,HANZE v3.0.1b id 804; end 1970-10-15; persons affected n/a
hanze-2616,1970-04-18T12:00:00Z,day,42.8,12.07,country,Italy (ITC11),flash flood — Extreme rainfall,0,hanze,HANZE v3.0.1b id 2616; end 1970-04-18; persons affected n/a
hanze-805,1971-01-03T12:00:00Z,day,42.8,12.07,country,Italy (ITF31;ITF33),flash flood — Extreme rainfall,0,hanze,HANZE v3.0.1b id 805; end 1971-01-04; persons affected 200
hanze-806,1971-09-25T12:00:00Z,day,42.8,12.07,country,Italy (ITG2E;ITG2F;ITG2H),river flood — Heavy rainfall,0,hanze,HANZE v3.0.1b id 806; end 1971-09-28; persons affected 1500
hanze-807,1971-09-27T12:00:00Z,day,42.8,12.07,country,Italy (ITG14;ITG15),flash flood — Extreme rainfall up to 200 mm in 24 h,6,hanze,HANZE v3.0.1b id 807; end 1971-09-28; persons affected 5000
hanze-808,1971-10-15T12:00:00Z,day,42.8,12.07,country,Italy (ITF33),flash flood — Extreme rainfall,1,hanze,HANZE v3.0.1b id 808; end 1971-10-16; persons affected n/a
hanze-809,1971-11-27T12:00:00Z,day,42.8,12.07,country,Italy (ITG2H),flash flood — Extreme rainfall,1,hanze,HANZE v3.0.1b id 809; end 1971-11-27; persons affected n/a
hanze-810,1971-11-29T12:00:00Z,day,42.8,12.07,country,Italy (ITF31;ITF32;ITF33;ITF34),flash flood — Extreme rainfall,3,hanze,HANZE v3.0.1b id 810; end 1971-11-29; persons affected 142
hanze-811,1972-02-19T12:00:00Z,day,42.8,12.07,country,Italy (ITC16),flash flood — Extreme rainfall,3,hanze,HANZE v3.0.1b id 811; end 1972-02-19; persons affected n/a
hanze-812,1972-03-10T12:00:00Z,day,42.8,12.07,country,Italy (ITC12;ITC17;ITC18),flash flood — Extreme rainfall,3,hanze,HANZE v3.0.1b id 812; end 1972-03-10; persons affected n/a
hanze-813,1972-03-14T12:00:00Z,day,42.8,12.07,country,Italy (ITC11),flash flood — Extreme rainfall,2,hanze,HANZE v3.0.1b id 813; end 1972-03-14; persons affected n/a
hanze-814,1972-07-15T12:00:00Z,day,42.8,12.07,country,Italy (ITF46),flash flood — Extreme rainfall up to 203 mm in 12 h,4,hanze,HANZE v3.0.1b id 814; end 1972-07-16; persons affected 1020
hanze-815,1972-12-20T12:00:00Z,day,42.8,12.07,country,Italy (ITF31;ITF33;ITF35;ITF52;ITF62;ITF63;ITF64;ITF65;ITG11;ITG13;),river flood — Heavy rainfall up to 1500 mm in 2 weeks,20,hanze,HANZE v3.0.1b id 815; end 1973-01-05; persons affected 64000
hanze-2617,1972-09-10T12:00:00Z,day,42.8,12.07,country,Italy (ITH52;ITH53;ITH54),river flood — Heavy rainfall,0,hanze,HANZE v3.0.1b id 2617; end 1972-09-16; persons affected n/a
hanze-816,1973-03-08T12:00:00Z,day,42.8,12.07,country,Italy (ITH52;ITH53;ITH55),flash flood — Extreme rainfall,1,hanze,HANZE v3.0.1b id 816; end 1973-03-08; persons affected n/a
hanze-817,1973-06-09T12:00:00Z,day,42.8,12.07,country,Italy (ITH53),flash flood — Extreme rainfall,2,hanze,HANZE v3.0.1b id 817; end 1973-06-09; persons affected 200
hanze-818,1973-09-18T12:00:00Z,day,42.8,12.07,country,Italy (ITF33;ITH52),flash flood — Extreme rainfall up to 112 mm in 6 h,4,hanze,HANZE v3.0.1b id 818; end 1973-09-20; persons affected n/a
hanze-819,1973-09-24T12:00:00Z,day,42.8,12.07,country,Italy (ITG2F;ITG2H),flash flood — Extreme rainfall,0,hanze,HANZE v3.0.1b id 819; end 1973-09-25; persons affected 1300
hanze-820,1973-09-25T12:00:00Z,day,42.8,12.07,country,Italy (ITH54),river flood — Heavy rainfall up to 218 mm in 2 days,0,hanze,HANZE v3.0.1b id 820; end 1973-09-27; persons affected 1500
hanze-2618,1973-03-24T12:00:00Z,day,42.8,12.07,country,Italy (ITF52),river flood — Heavy rainfall,0,hanze,HANZE v3.0.1b id 2618; end 1973-03-31; persons affected n/a
hanze-2619,1973-06-22T12:00:00Z,day,42.8,12.07,country,Italy (ITH31;ITH32;ITH35;ITH44),compound river/coastal flood — Heavy rainfall up to 80 mm in 24 h and storm surge,0,hanze,HANZE v3.0.1b id 2619; end 1973-06-25; persons affected n/a
hanze-2620,1973-08-31T12:00:00Z,day,42.8,12.07,country,Italy (ITG2D;ITG2E),flash flood — Extreme rainfall,0,hanze,HANZE v3.0.1b id 2620; end 1973-08-31; persons affected 50
hanze-2621,1973-11-06T12:00:00Z,day,42.8,12.07,country,Italy (ITH52;ITI33),flash flood — Extreme rainfall,0,hanze,HANZE v3.0.1b id 2621; end 1973-11-07; persons affected n/a
hanze-821,1974-09-21T12:00:00Z,day,42.8,12.07,country,Italy (ITF31;ITF33),flash flood — Extreme rainfall,4,hanze,HANZE v3.0.1b id 821; end 1974-09-22; persons affected 1000
hanze-822,1974-10-13T12:00:00Z,day,42.8,12.07,country,Italy (ITF47;ITG11),flash flood — Extreme rainfall,2,hanze,HANZE v3.0.1b id 822; end 1974-10-14; persons affected n/a
hanze-823,1974-11-06T12:00:00Z,day,42.8,12.07,country,Italy (ITG13;ITG17),flash flood — Extreme rainfall,3,hanze,HANZE v3.0.1b id 823; end 1974-11-07; persons affected n/a
hanze-2622,1974-03-31T12:00:00Z,day,42.8,12.07,country,Italy (ITG2E;ITG2H),river flood — Heavy rainfall (5 days),0,hanze,HANZE v3.0.1b id 2622; end 1974-04-01; persons affected n/a
hanze-2623,1974-05-01T12:00:00Z,day,42.8,12.07,country,Italy (ITH35;ITH37;ITI21;ITI43),river flood — Heavy rainfall,0,hanze,HANZE v3.0.1b id 2623; end 1974-05-07; persons affected n/a
hanze-824,1975-11-18T12:00:00Z,day,42.8,12.07,country,Italy (ITI45),river flood — Heavy rainfall,0,hanze,HANZE v3.0.1b id 824; end 1975-11-21; persons affected 300
hanze-2624,1975-10-20T12:00:00Z,day,42.8,12.07,country,Italy (ITG2G),river flood — Heavy rainfall,0,hanze,HANZE v3.0.1b id 2624; end 1975-10-20; persons affected n/a
hanze-2625,1975-11-08T12:00:00Z,day,42.8,12.07,country,Italy (ITF61;ITF65),flash flood — Extreme rainfall,0,hanze,HANZE v3.0.1b id 2625; end 1975-11-09; persons affected n/a
hanze-2626,1975-11-13T12:00:00Z,day,42.8,12.07,country,Italy (ITI21;ITI22;ITI41),river flood — Heavy rainfall,0,hanze,HANZE v3.0.1b id 2626; end 1975-11-19; persons affected n/a
hanze-825,1976-02-16T12:00:00Z,day,42.8,12.07,country,Italy (ITI21;ITI22;ITI41;ITI43),river flood — Heavy rainfall,1,hanze,HANZE v3.0.1b id 825; end 1976-02-18; persons affected 450
hanze-826,1976-07-08T12:00:00Z,day,42.8,12.07,country,Italy (ITG2D;ITG2E),flash flood — Extreme rainfall,3,hanze,HANZE v3.0.1b id 826; end 1976-07-09; persons affected 200
hanze-827,1976-07-30T12:00:00Z,day,42.8,12.07,country,Italy (ITF51),flash flood — Extreme rainfall,4,hanze,HANZE v3.0.1b id 827; end 1976-07-31; persons affected n/a
hanze-828,1976-08-08T12:00:00Z,day,42.8,12.07,country,Italy (ITH37),river flood — Heavy rainfall,0,hanze,HANZE v3.0.1b id 828; end 1976-08-10; persons affected 400
hanze-829,1976-08-17T12:00:00Z,day,42.8,12.07,country,Italy (ITH59;ITI31;ITI32),flash flood — Extreme rainfall up to 209 mm in 24 h,6,hanze,HANZE v3.0.1b id 829; end 1976-08-20; persons affected 100
hanze-830,1976-10-25T12:00:00Z,day,42.8,12.07,country,Italy (ITG14),flash flood — Extreme rainfall,1,hanze,HANZE v3.0.1b id 830; end 1976-10-26; persons affected 150
hanze-831,1976-10-27T12:00:00Z,day,42.8,12.07,country,Italy (ITC49;ITC4C;ITC4D),river flood — Heavy rainfall,0,hanze,HANZE v3.0.1b id 831; end 1976-10-30; persons affected 770
hanze-832,1976-11-05T12:00:00Z,day,42.8,12.07,country,Italy (ITG11;ITG14),flash flood — Extreme rainfall up to 103 mm in 24 h,33,hanze,HANZE v3.0.1b id 832; end 1976-11-05; persons affected 5100
hanze-833,1976-11-18T12:00:00Z,day,42.8,12.07,country,Italy (ITG17),flash flood — Extreme rainfall,1,hanze,HANZE v3.0.1b id 833; end 1976-11-18; persons affected n/a
hanze-2627,1976-02-17T12:00:00Z,day,42.8,12.07,country,Italy (ITG12),flash flood — Extreme rainfall,0,hanze,HANZE v3.0.1b id 2627; end 1976-02-17; persons affected n/a
hanze-2628,1976-11-04T12:00:00Z,day,42.8,12.07,country,Italy (ITF52),flash flood — Extreme rainfall,0,hanze,HANZE v3.0.1b id 2628; end 1976-11-05; persons affected 150
hanze-834,1977-05-18T12:00:00Z,day,42.8,12.07,country,Italy (ITC11;ITC16;ITC18),flash flood — Extreme rainfall,7,hanze,HANZE v3.0.1b id 834; end 1977-05-20; persons affected n/a
hanze-835,1977-08-22T12:00:00Z,day,42.8,12.07,country,Italy (ITI21),flash flood — Extreme rainfall,1,hanze,HANZE v3.0.1b id 835; end 1977-08-23; persons affected n/a
hanze-836,1977-08-29T12:00:00Z,day,42.8,12.07,country,Italy (ITC11;ITC15;ITC16),river flood — Heavy rainfall,2,hanze,HANZE v3.0.1b id 836; end 1977-08-29; persons affected n/a
hanze-837,1977-10-07T12:00:00Z,day,42.8,12.07,country,Italy (ITC11;ITC14;ITC17;ITC18;ITC20;ITC33;ITC48;ITG2E;ITG2F;ITH53),river flood — Heavy rainfall,9,hanze,HANZE v3.0.1b id 837; end 1977-10-10; persons affected 1370
hanze-2629,1977-12-08T12:00:00Z,day,42.8,12.07,country,Italy (ITC31),flash flood — Extreme rainfall,0,hanze,HANZE v3.0.1b id 2629; end 1977-12-08; persons affected n/a
hanze-838,1978-01-17T12:00:00Z,day,42.8,12.07,country,Italy (ITC11),flash flood — Extreme rainfall,1,hanze,HANZE v3.0.1b id 838; end 1978-01-17; persons affected n/a
hanze-839,1978-08-06T12:00:00Z,day,42.8,12.07,country,Italy (ITC12;ITC14;ITC20),river flood — Heavy rainfall,15,hanze,HANZE v3.0.1b id 839; end 1978-08-10; persons affected n/a
hanze-840,1978-12-20T12:00:00Z,day,42.8,12.07,country,Italy (ITH35;ITH43;ITH44),flash flood — Extreme rainfall,3,hanze,HANZE v3.0.1b id 840; end 1978-12-21; persons affected n/a
hanze-2630,1978-01-30T12:00:00Z,day,42.8,12.07,country,Italy (ITF31;ITF34;ITI45),river flood — Heavy rainfall,0,hanze,HANZE v3.0.1b id 2630; end 1978-02-02; persons affected n/a
hanze-2631,1978-06-24T12:00:00Z,day,42.8,12.07,country,Italy (ITH41;ITH42),flash flood — Extreme rainfall,1,hanze,HANZE v3.0.1b id 2631; end 1978-06-25; persons affected 150
hanze-2632,1978-10-20T12:00:00Z,day,42.8,12.07,country,Italy (ITF12;ITG2D;ITI34;ITI35),river flood — Heavy rainfall,0,hanze,HANZE v3.0.1b id 2632; end 1978-10-23; persons affected 40
hanze-2920,1978-10-01T12:00:00Z,day,42.8,12.07,country,Italy (ITI43),river flood — Heavy rainfall,0,hanze,HANZE v3.0.1b id 2920; end 1978-10-03; persons affected 200
hanze-841,1979-01-12T12:00:00Z,day,42.8,12.07,country,Italy (ITF51),flash flood — Extreme rainfall,2,hanze,HANZE v3.0.1b id 841; end 1979-01-13; persons affected n/a
hanze-842,1979-01-27T12:00:00Z,day,42.8,12.07,country,Italy (ITC46),flash flood — Extreme rainfall,5,hanze,HANZE v3.0.1b id 842; end 1979-01-27; persons affected n/a
hanze-843,1979-09-21T12:00:00Z,day,42.8,12.07,country,Italy (ITC33),flash flood — Extreme rainfall,1,hanze,HANZE v3.0.1b id 843; end 1979-09-21; persons affected n/a
hanze-844,1979-10-14T12:00:00Z,day,42.8,12.07,country,Italy (ITC14;ITC18),river flood — Heavy rainfall,1,hanze,HANZE v3.0.1b id 844; end 1979-10-20; persons affected n/a
hanze-845,1979-10-29T12:00:00Z,day,42.8,12.07,country,Italy (ITF33),flash flood — Extreme rainfall up to 106 mm in 4 h,1,hanze,HANZE v3.0.1b id 845; end 1979-10-30; persons affected 400
hanze-2633,1979-01-09T12:00:00Z,day,42.8,12.07,country,Italy (ITI13;ITI15),river flood — Heavy rainfall up to 130 mm in 3 days,0,hanze,HANZE v3.0.1b id 2633; end 1979-01-12; persons affected 120
hanze-2634,1979-09-22T12:00:00Z,day,42.8,12.07,country,Italy (ITC46),flash flood — Extreme rainfall,0,hanze,HANZE v3.0.1b id 2634; end 1979-09-22; persons affected n/a
hanze-2635,1979-09-25T12:00:00Z,day,42.8,12.07,country,Italy (ITH35;ITH42),coastal flood — Storm surge (acqua alta) up to 133 cm,1,hanze,HANZE v3.0.1b id 2635; end 1979-09-28; persons affected n/a
hanze-2636,1979-09-29T12:00:00Z,day,42.8,12.07,country,Italy (ITG19),flash flood — Extreme rainfall,2,hanze,HANZE v3.0.1b id 2636; end 1979-09-29; persons affected n/a
hanze-2637,1979-10-29T12:00:00Z,day,42.8,12.07,country,Italy (ITG14),flash flood — Extreme rainfall,0,hanze,HANZE v3.0.1b id 2637; end 1979-10-30; persons affected n/a
hanze-2638,1979-11-05T12:00:00Z,day,42.8,12.07,country,Italy (ITF61),flash flood — Extreme rainfall,0,hanze,HANZE v3.0.1b id 2638; end 1979-11-06; persons affected n/a
hanze-2639,1979-11-15T12:00:00Z,day,42.8,12.07,country,Italy (ITF31;ITF32;ITI45),flash flood — Extreme rainfall,0,hanze,HANZE v3.0.1b id 2639; end 1979-11-17; persons affected n/a
hanze-2926,1979-12-22T12:00:00Z,day,42.8,12.07,country,Italy (ITH35),compound river/coastal flood — Heavy rainfall and storm surge (acqua alta) up to 168 cm,0,hanze,HANZE v3.0.1b id 2926; end 1979-12-23; persons affected n/a
hanze-846,1980-10-15T12:00:00Z,day,42.8,12.07,country,Italy (ITH52),flash flood — Extreme rainfall,1,hanze,HANZE v3.0.1b id 846; end 1980-10-16; persons affected n/a
hanze-847,1980-11-03T12:00:00Z,day,42.8,12.07,country,Italy (ITI18;ITI21),river flood — Heavy rainfall up to 74 mm in 3 days,1,hanze,HANZE v3.0.1b id 847; end 1980-11-06; persons affected n/a
hanze-2693,1980-10-16T12:00:00Z,day,42.8,12.07,country,Italy (ITC18),flash flood — Extreme rainfall,0,hanze,HANZE v3.0.1b id 2693; end 1980-10-16; persons affected n/a
hanze-848,1981-07-19T12:00:00Z,day,42.8,12.07,country,Italy (ITH10;ITH20),river flood — Heavy rainfall,0,hanze,HANZE v3.0.1b id 848; end 1981-07-21; persons affected 500
hanze-849,1981-10-02T12:00:00Z,day,42.8,12.07,country,Italy (ITI41;ITI43),flash flood — Extreme rainfall,5,hanze,HANZE v3.0.1b id 849; end 1981-10-03; persons affected 400
hanze-2694,1981-03-31T12:00:00Z,day,42.8,12.07,country,Italy (ITC11),river flood — Heavy rainfall,1,hanze,HANZE v3.0.1b id 2694; end 1981-04-02; persons affected n/a
hanze-850,1982-08-11T12:00:00Z,day,42.8,12.07,country,Italy (ITI34),flash flood — Extreme rainfall up to 70 mm in 1.5 h,1,hanze,HANZE v3.0.1b id 850; end 1982-08-11; persons affected n/a
hanze-851,1982-11-06T12:00:00Z,day,42.8,12.07,country,Italy (ITI11;ITI12;ITI13;ITI17),river flood — Heavy rainfall,0,hanze,HANZE v3.0.1b id 851; end 1982-11-14; persons affected 1030
hanze-852,1982-11-09T12:00:00Z,day,42.8,12.07,country,Italy (ITH52;ITH54),river flood — Heavy rainfall up to 396 mm in 2 days,1,hanze,HANZE v3.0.1b id 852; end 1982-11-14; persons affected n/a
hanze-853,1982-12-01T12:00:00Z,day,42.8,12.07,country,Italy (ITI31;ITI32;ITI33),flash flood — Extreme rainfall up to 78 mm in 2 h,1,hanze,HANZE v3.0.1b id 853; end 1982-12-01; persons affected n/a
hanze-854,1982-12-19T12:00:00Z,day,42.8,12.07,country,Italy (ITF33),flash flood — Extreme rainfall,2,hanze,HANZE v3.0.1b id 854; end 1982-12-20; persons affected n/a
hanze-2695,1982-06-28T12:00:00Z,day,42.8,12.07,country,Italy (ITH41;ITH44),flash flood — Extreme rainfall,0,hanze,HANZE v3.0.1b id 2695; end 1982-06-28; persons affected n/a
hanze-855,1983-08-24T12:00:00Z,day,42.8,12.07,country,Italy (ITI16),flash flood — Extreme rainfall,3,hanze,HANZE v3.0.1b id 855; end 1983-08-25; persons affected n/a
hanze-856,1983-09-11T12:00:00Z,day,42.8,12.07,country,Italy (ITC14;ITH42),flash flood — Extreme rainfall,6,hanze,HANZE v3.0.1b id 856; end 1983-09-11; persons affected n/a
hanze-857,1983-11-07T12:00:00Z,day,42.8,12.07,country,Italy (ITG2D;ITG2H),flash flood — Extreme rainfall,0,hanze,HANZE v3.0.1b id 857; end 1983-11-08; persons affected 650
hanze-858,1984-02-26T12:00:00Z,day,42.8,12.07,country,Italy (ITI43),river flood — Heavy rainfall,0,hanze,HANZE v3.0.1b id 858; end 1984-03-01; persons affected 413
hanze-859,1984-08-23T12:00:00Z,day,42.8,12.07,country,Italy (ITC33;ITC34),flash flood — Extreme rainfall up to 500 mm in 24 h,1,hanze,HANZE v3.0.1b id 859; end 1984-08-24; persons affected n/a
hanze-860,1984-08-30T12:00:00Z,day,42.8,12.07,country,Italy (ITF35),flash flood — Extreme rainfall,2,hanze,HANZE v3.0.1b id 860; end 1984-08-31; persons affected n/a
hanze-861,1984-10-20T12:00:00Z,day,42.8,12.07,country,Italy (ITG2E),flash flood — Extreme rainfall,1,hanze,HANZE v3.0.1b id 861; end 1984-10-20; persons affected n/a
hanze-862,1984-12-29T12:00:00Z,day,42.8,12.07,country,Italy (ITF51;ITF52;ITG15;ITG17;ITG19),compound river/coastal flood — Heavy rainfall and snowmelt (two waves); storm surge in Sicily,3,hanze,HANZE v3.0.1b id 862; end 1985-01-16; persons affected n/a
hanze-2696,1984-02-25T12:00:00Z,day,42.8,12.07,country,Italy (ITI21;ITI22),river flood — Heavy rainfall,0,hanze,HANZE v3.0.1b id 2696; end 1984-02-27; persons affected n/a
hanze-863,1985-01-18T12:00:00Z,day,42.8,12.07,country,Italy (ITC11),flash flood — Extreme rainfall,5,hanze,HANZE v3.0.1b id 863; end 1985-01-18; persons affected n/a
hanze-864,1985-11-18T12:00:00Z,day,42.8,12.07,country,Italy (ITF32;ITF33;ITF34),river flood — Heavy rainfall,0,hanze,HANZE v3.0.1b id 864; end 1985-11-29; persons affected 500
hanze-865,1986-01-30T12:00:00Z,day,42.8,12.07,country,Italy (ITI22;ITI43),river flood — Heavy rainfall,0,hanze,HANZE v3.0.1b id 865; end 1986-02-03; persons affected 670
hanze-866,1986-01-31T12:00:00Z,day,42.8,12.07,country,Italy (ITH34;ITH35;ITH37;ITI32),compound river/coastal flood — Storm surge (acqua alta) up to 159 cm and heavy rainfall,6,hanze,HANZE v3.0.1b id 866; end 1986-02-02; persons affected n/a
hanze-867,1986-06-04T12:00:00Z,day,42.8,12.07,country,Italy (ITH41;ITH42),flash flood — Extreme rainfall,1,hanze,HANZE v3.0.1b id 867; end 1986-06-05; persons affected n/a
hanze-868,1986-06-23T12:00:00Z,day,42.8,12.07,country,Italy (ITH10),flash flood — Extreme rainfall,0,hanze,HANZE v3.0.1b id 868; end 1986-06-23; persons affected n/a
hanze-869,1986-07-20T12:00:00Z,day,42.8,12.07,country,Italy (ITG2F;ITG2G),flash flood — Extreme rainfall,0,hanze,HANZE v3.0.1b id 869; end 1986-07-20; persons affected 400
hanze-870,1986-10-13T12:00:00Z,day,42.8,12.07,country,Italy (ITG2F;ITG2H),flash flood — Extreme rainfall,3,hanze,HANZE v3.0.1b id 870; end 1986-10-14; persons affected n/a
hanze-871,1986-11-03T12:00:00Z,day,42.8,12.07,country,Italy (ITF44),flash flood — Extreme rainfall,0,hanze,HANZE v3.0.1b id 871; end 1986-11-04; persons affected 1000
hanze-872,1986-11-13T12:00:00Z,day,42.8,12.07,country,Italy (ITG2F;ITG2H),flash flood — Extreme rainfall,5,hanze,HANZE v3.0.1b id 872; end 1986-11-13; persons affected n/a
hanze-873,1987-01-11T12:00:00Z,day,42.8,12.07,country,Italy (ITG2D;ITG2G;ITG2H),compound river/coastal flood — Heavy rainfall and storm surge,0,hanze,HANZE v3.0.1b id 873; end 1987-01-13; persons affected 200
hanze-874,1987-07-01T12:00:00Z,day,42.8,12.07,country,Italy (ITC33),flash flood — Extreme rainfall,1,hanze,HANZE v3.0.1b id 874; end 1987-07-01; persons affected n/a
hanze-875,1987-07-18T12:00:00Z,day,42.8,12.07,country,Italy (ITC42;ITC44;ITC46),flash flood — Extreme rainfall up to 305 mm in 24 h,53,hanze,HANZE v3.0.1b id 875; end 1987-07-19; persons affected 3000
hanze-876,1987-07-23T12:00:00Z,day,42.8,12.07,country,Italy (ITH10),flash flood — Extreme rainfall,3,hanze,HANZE v3.0.1b id 876; end 1987-07-23; persons affected n/a
hanze-877,1987-08-24T12:00:00Z,day,42.8,12.07,country,Italy (ITH52),river flood — Heavy rainfall,2,hanze,HANZE v3.0.1b id 877; end 1987-08-26; persons affected n/a
hanze-878,1987-08-23T12:00:00Z,day,42.8,12.07,country,Italy (ITC44;ITC47),river flood — Heavy rainfall up to 100 mm in 30 h,1,hanze,HANZE v3.0.1b id 878; end 1987-08-28; persons affected n/a
hanze-879,1987-08-24T12:00:00Z,day,42.8,12.07,country,Italy (ITI12),river flood — Heavy rainfall,1,hanze,HANZE v3.0.1b id 879; end 1987-08-26; persons affected n/a
hanze-880,1987-10-29T12:00:00Z,day,42.8,12.07,country,Italy (ITI41;ITI43),flash flood — Extreme rainfall,0,hanze,HANZE v3.0.1b id 880; end 1987-10-30; persons affected 180
hanze-2362,1987-01-12T12:00:00Z,day,42.8,12.07,country,Italy (ITF33;ITF35),compound river/coastal flood — Heavy rainfall and storm surge (150 km/h winds),3,hanze,HANZE v3.0.1b id 2362; end 1987-01-16; persons affected 80
hanze-2697,1987-10-06T12:00:00Z,day,42.8,12.07,country,Italy (ITG2G;ITH41),flash flood — Extreme rainfall up to 325 mm in 24 h,0,hanze,HANZE v3.0.1b id 2697; end 1987-10-07; persons affected n/a
hanze-881,1988-02-26T12:00:00Z,day,42.8,12.07,country,Italy (ITC12),flash flood — Extreme rainfall,7,hanze,HANZE v3.0.1b id 881; end 1988-02-26; persons affected n/a
hanze-882,1988-06-27T12:00:00Z,day,42.8,12.07,country,Italy (ITG2D),flash flood — Extreme rainfall,1,hanze,HANZE v3.0.1b id 882; end 1988-06-27; persons affected n/a
hanze-883,1988-08-20T12:00:00Z,day,42.8,12.07,country,Italy (ITG12),flash flood — Extreme rainfall,1,hanze,HANZE v3.0.1b id 883; end 1988-08-20; persons affected n/a
hanze-2698,1988-06-17T12:00:00Z,day,42.8,12.07,country,Italy (ITH52),flash flood — Extreme rainfall,0,hanze,HANZE v3.0.1b id 2698; end 1988-06-17; persons affected n/a
hanze-884,1989-07-11T12:00:00Z,day,42.8,12.07,country,Italy (ITH20),flash flood — Extreme rainfall,3,hanze,HANZE v3.0.1b id 884; end 1989-07-11; persons affected n/a
hanze-885,1989-12-31T12:00:00Z,day,42.8,12.07,country,Italy (ITG18;ITG19),flash flood — Extreme rainfall,4,hanze,HANZE v3.0.1b id 885; end 1990-01-01; persons affected n/a
hanze-886,1990-06-07T12:00:00Z,day,42.8,12.07,country,Italy (ITC47),flash flood — Extreme rainfall,1,hanze,HANZE v3.0.1b id 886; end 1990-06-08; persons affected n/a
hanze-887,1990-11-13T12:00:00Z,day,42.8,12.07,country,Italy (ITG19),flash flood — Extreme rainfall,3,hanze,HANZE v3.0.1b id 887; end 1990-11-13; persons affected n/a
hanze-888,1990-11-25T12:00:00Z,day,42.8,12.07,country,Italy (ITI12;ITI13;ITI16),river flood — Heavy rainfall,1,hanze,HANZE v3.0.1b id 888; end 1990-11-26; persons affected 720
hanze-2363,1990-12-10T12:00:00Z,day,42.8,12.07,country,Italy (ITI31;ITI32;ITI34;ITI35),compound river/coastal flood — Heavy rainfall; snowmelt and storm surge blocking outflow,0,hanze,HANZE v3.0.1b id 2363; end 1990-12-14; persons affected n/a
hanze-889,1991-04-05T12:00:00Z,day,42.8,12.07,country,Italy (ITG13),flash flood — Extreme rainfall,1,hanze,HANZE v3.0.1b id 889; end 1991-04-05; persons affected n/a
hanze-890,1991-10-12T12:00:00Z,day,42.8,12.07,country,Italy (ITG14;ITG15;ITG16;ITI12;ITI16;ITI17),flash flood — Extreme rainfall,14,hanze,HANZE v3.0.1b id 890; end 1991-10-12; persons affected n/a
hanze-891,1991-10-19T12:00:00Z,day,42.8,12.07,country,Italy (ITI44),flash flood — Extreme rainfall,3,hanze,HANZE v3.0.1b id 891; end 1991-10-19; persons affected n/a
hanze-892,1991-11-15T12:00:00Z,day,42.8,12.07,country,Italy (ITI12;ITI13;ITI14;ITI18),flash flood — Extreme rainfall,4,hanze,HANZE v3.0.1b id 892; end 1991-11-16; persons affected n/a
hanze-893,1991-11-16T12:00:00Z,day,42.8,12.07,country,Italy (ITI21;ITI43;ITI45),flash flood — Extreme rainfall up to 100 mm in 24 h,2,hanze,HANZE v3.0.1b id 893; end 1991-11-17; persons affected n/a
hanze-2744,1991-06-17T12:00:00Z,day,42.8,12.07,country,Italy (ITC42;ITC44;ITC46;ITH10;ITH20),flash flood — Extreme rainfall,2,hanze,HANZE v3.0.1b id 2744; end 1991-06-18; persons affected n/a
hanze-2745,1991-11-22T12:00:00Z,day,42.8,12.07,country,Italy (ITI31;ITI32;ITI33),river flood — Heavy rainfall,0,hanze,HANZE v3.0.1b id 2745; end 1991-11-25; persons affected n/a
hanze-894,1992-04-10T12:00:00Z,day,42.8,12.07,country,Italy (ITF11;ITF12;ITF13;ITF14),flash flood — Extreme rainfall,3,hanze,HANZE v3.0.1b id 894; end 1992-04-10; persons affected n/a
hanze-895,1992-04-10T12:00:00Z,day,42.8,12.07,country,Italy (ITI33;ITI34;ITI35),river flood — Heavy rainfall up to 300 mm in 3 days,0,hanze,HANZE v3.0.1b id 895; end 1992-04-13; persons affected 200
hanze-896,1992-06-02T12:00:00Z,day,42.8,12.07,country,Italy (ITC41),flash flood — Extreme rainfall up to 120 mm in 5 hours,1,hanze,HANZE v3.0.1b id 896; end 1992-06-02; persons affected n/a
hanze-897,1992-07-11T12:00:00Z,day,42.8,12.07,country,Italy (ITI12),flash flood — Extreme rainfall,3,hanze,HANZE v3.0.1b id 897; end 1992-07-11; persons affected n/a
hanze-898,1992-09-22T12:00:00Z,day,42.8,12.07,country,Italy (ITC18;ITC32),flash flood — Extreme rainfall,5,hanze,HANZE v3.0.1b id 898; end 1992-09-22; persons affected n/a
hanze-899,1992-09-28T12:00:00Z,day,42.8,12.07,country,Italy (ITC33),flash flood — Extreme rainfall,2,hanze,HANZE v3.0.1b id 899; end 1992-09-28; persons affected n/a
hanze-900,1992-10-17T12:00:00Z,day,42.8,12.07,country,Italy (ITI12;ITI14;ITI15;ITI17;ITI18),river flood — Heavy rainfall throughout the month (more that 500 mm),3,hanze,HANZE v3.0.1b id 900; end 1992-10-31; persons affected 3530
hanze-901,1992-11-02T12:00:00Z,day,42.8,12.07,country,Italy (ITI43),flash flood — Extreme rainfall,1,hanze,HANZE v3.0.1b id 901; end 1992-11-02; persons affected n/a
hanze-2746,1992-10-06T12:00:00Z,day,42.8,12.07,country,Italy (ITC11;ITC20),river flood — Heavy rainfall up to 235 mm in 6 days,1,hanze,HANZE v3.0.1b id 2746; end 1992-10-06; persons affected n/a
hanze-902,1993-08-20T12:00:00Z,day,42.8,12.07,country,Italy (ITF34),flash flood — Extreme rainfall,2,hanze,HANZE v3.0.1b id 902; end 1993-08-20; persons affected n/a
hanze-903,1993-09-23T12:00:00Z,day,42.8,12.07,country,Italy (ITC11;ITC20;ITC33;ITC42;ITC48;ITC4A;ITC4B;ITC4C;ITC4D),river flood — Heavy rainfall; up to 525 mm in 4 days in Genoa,9,hanze,HANZE v3.0.1b id 903; end 1993-10-01; persons affected 1500
hanze-904,1993-10-08T12:00:00Z,day,42.8,12.07,country,Italy (ITI14;ITI17),flash flood — Extreme rainfall up to 50 mm in 4 h,3,hanze,HANZE v3.0.1b id 904; end 1993-10-09; persons affected 800
hanze-905,1993-10-31T12:00:00Z,day,42.8,12.07,country,Italy (ITG14;ITG2F;ITG2H),flash flood — Extreme rainfall,1,hanze,HANZE v3.0.1b id 905; end 1993-11-02; persons affected n/a
hanze-906,1993-11-03T12:00:00Z,day,42.8,12.07,country,Italy (ITF45),flash flood — Extreme rainfall,1,hanze,HANZE v3.0.1b id 906; end 1993-11-04; persons affected n/a
hanze-907,1993-11-25T12:00:00Z,day,42.8,12.07,country,Italy (ITG17;ITG19),flash flood — Extreme rainfall,3,hanze,HANZE v3.0.1b id 907; end 1993-11-25; persons affected n/a
hanze-908,1993-12-26T12:00:00Z,day,42.8,12.07,country,Italy (ITF31;ITF32;ITF34;ITF35),flash flood — Extreme rainfall,1,hanze,HANZE v3.0.1b id 908; end 1993-12-26; persons affected 150
hanze-2747,1993-10-08T12:00:00Z,day,42.8,12.07,country,Italy (ITC16;ITC18;ITC47;ITH42),flash flood — Extreme rainfall up to 70 mm in 24 h,2,hanze,HANZE v3.0.1b id 2747; end 1993-10-09; persons affected n/a
hanze-909,1994-02-18T12:00:00Z,day,42.8,12.07,country,Italy (ITG11),flash flood — Extreme rainfall,1,hanze,HANZE v3.0.1b id 909; end 1994-02-18; persons affected n/a
hanze-910,1994-09-02T12:00:00Z,day,42.8,12.07,country,Italy (ITH52),flash flood — Extreme rainfall,3,hanze,HANZE v3.0.1b id 910; end 1994-09-02; persons affected n/a
hanze-911,1994-09-22T12:00:00Z,day,42.8,12.07,country,Italy (ITI12),flash flood — Extreme rainfall up to 115 mm in 6 h,1,hanze,HANZE v3.0.1b id 911; end 1994-09-22; persons affected n/a
hanze-912,1994-11-01T12:00:00Z,day,42.8,12.07,country,Italy (ITC11;ITC12;ITC13;ITC16;ITC17;ITC18;ITC31;ITC32;ITC48;ITC49;),river flood — Heavy rainfall up to 220 mm in 36 h; up to 55 mm in 1 h,46,hanze,HANZE v3.0.1b id 912; end 1994-11-10; persons affected 17300
hanze-913,1994-11-07T12:00:00Z,day,42.8,12.07,country,Italy (ITI11),flash flood — Extreme rainfall,0,hanze,HANZE v3.0.1b id 913; end 1994-11-07; persons affected 2000
hanze-914,1995-03-13T12:00:00Z,day,42.8,12.07,country,Italy (ITG17),flash flood — Extreme rainfall up to 351 mm in 6 h,6,hanze,HANZE v3.0.1b id 914; end 1995-03-13; persons affected n/a
hanze-915,1995-05-31T12:00:00Z,day,42.8,12.07,country,Italy (ITH36),river flood — Heavy rainfall,1,hanze,HANZE v3.0.1b id 915; end 1995-06-12; persons affected n/a
hanze-916,1995-08-14T12:00:00Z,day,42.8,12.07,country,Italy (ITF51;ITF62;ITF63;ITF65),river flood — Heavy rainfall,3,hanze,HANZE v3.0.1b id 916; end 1995-08-18; persons affected n/a
hanze-918,1995-09-07T12:00:00Z,day,42.8,12.07,country,Italy (ITC32),flash flood — Extreme rainfall,1,hanze,HANZE v3.0.1b id 918; end 1995-09-08; persons affected n/a
hanze-919,1995-09-12T12:00:00Z,day,42.8,12.07,country,Italy (ITC41;ITC42;ITC4C),river flood — Heavy rainfall up to 376 mm in 30 h,1,hanze,HANZE v3.0.1b id 919; end 1995-09-13; persons affected n/a
hanze-920,1995-09-19T12:00:00Z,day,42.8,12.07,country,Italy (ITH43),flash flood — Extreme rainfall,1,hanze,HANZE v3.0.1b id 920; end 1995-09-19; persons affected n/a
hanze-921,1995-10-04T12:00:00Z,day,42.8,12.07,country,Italy (ITC33;ITI16;ITI1A),flash flood — Extreme rainfall up to 225 mm in 7 h,1,hanze,HANZE v3.0.1b id 921; end 1995-10-07; persons affected n/a
hanze-922,1996-06-19T12:00:00Z,day,42.8,12.07,country,Italy (ITI12),flash flood — Extreme rainfall up to 478 mm in 13 h,1,hanze,HANZE v3.0.1b id 922; end 1996-06-20; persons affected 1500
hanze-923,1996-06-22T12:00:00Z,day,42.8,12.07,country,Italy (ITH42),flash flood — Extreme rainfall up to 180 mm in 18 h,1,hanze,HANZE v3.0.1b id 923; end 1996-06-22; persons affected 325
hanze-924,1996-07-08T12:00:00Z,day,42.8,12.07,country,Italy (ITC14;ITC15),flash flood — Extreme rainfall,2,hanze,HANZE v3.0.1b id 924; end 1996-07-08; persons affected 145
hanze-925,1996-08-11T12:00:00Z,day,42.8,12.07,country,Italy (ITI12),flash flood — Extreme rainfall,2,hanze,HANZE v3.0.1b id 925; end 1996-08-12; persons affected n/a
hanze-926,1996-10-03T12:00:00Z,day,42.8,12.07,country,Italy (ITF63;ITF65),flash flood — Extreme rainfall,0,hanze,HANZE v3.0.1b id 926; end 1996-10-03; persons affected 300
hanze-927,1996-10-06T12:00:00Z,day,42.8,12.07,country,Italy (ITH53;ITH54;ITH55;ITH57;ITH58;ITH59),river flood — Heavy rainfall up to 180 mm in 36 h,2,hanze,HANZE v3.0.1b id 927; end 1996-10-08; persons affected 2000
hanze-928,1996-10-14T12:00:00Z,day,42.8,12.07,country,Italy (ITF62),flash flood — Extreme rainfall up to 120 mm in 3 h,6,hanze,HANZE v3.0.1b id 928; end 1996-10-14; persons affected 1600
hanze-929,1996-10-15T12:00:00Z,day,42.8,12.07,country,Italy (ITC48;ITC4C;ITC4D),river flood — Heavy rainfall,1,hanze,HANZE v3.0.1b id 929; end 1996-10-18; persons affected n/a
hanze-930,1996-11-13T12:00:00Z,day,42.8,12.07,country,Italy (ITC14;ITC47;ITF11;ITF35;ITG2H;ITH35;ITH42;ITI43),river flood — Heavy rainfall (several waves),0,hanze,HANZE v3.0.1b id 930; end 1996-11-27; persons affected 810
hanze-2748,1996-01-13T12:00:00Z,day,42.8,12.07,country,Italy (ITG16),flash flood — Extreme rainfall,1,hanze,HANZE v3.0.1b id 2748; end 1996-01-13; persons affected n/a
hanze-2749,1996-10-06T12:00:00Z,day,42.8,12.07,country,Italy (ITC16),river flood — Heavy rainfall up to 340 mm in 2 days,2,hanze,HANZE v3.0.1b id 2749; end 1996-10-11; persons affected 200
hanze-931,1997-06-27T12:00:00Z,day,42.8,12.07,country,Italy (ITC42;ITC44;ITC46;ITH31),river flood — Heavy rainfall,1,hanze,HANZE v3.0.1b id 931; end 1997-06-30; persons affected 483
hanze-932,1997-12-04T12:00:00Z,day,42.8,12.07,country,Italy (ITG17),flash flood — Extreme rainfall,1,hanze,HANZE v3.0.1b id 932; end 1997-12-04; persons affected n/a
hanze-933,1998-05-04T12:00:00Z,day,42.8,12.07,country,Italy (ITF31),flash flood — Extreme rainfall up to 140 mm in 48 h,1,hanze,HANZE v3.0.1b id 933; end 1998-05-06; persons affected 35
hanze-934,1998-09-05T12:00:00Z,day,42.8,12.07,country,Italy (ITF33;ITF34;ITF35),river flood — Heavy rainfall,0,hanze,HANZE v3.0.1b id 934; end 1998-09-14; persons affected 350
hanze-935,1998-09-27T12:00:00Z,day,42.8,12.07,country,Italy (ITG13),river flood — Heavy rainfall,4,hanze,HANZE v3.0.1b id 935; end 1998-09-29; persons affected n/a
hanze-936,1998-09-29T12:00:00Z,day,42.8,12.07,country,Italy (ITC31;ITI12),flash flood — Extreme rainfall,1,hanze,HANZE v3.0.1b id 936; end 1998-09-29; persons affected n/a
hanze-937,1998-10-06T12:00:00Z,day,42.8,12.07,country,Italy (ITH34;ITH36),river flood — Heavy rainfall,0,hanze,HANZE v3.0.1b id 937; end 1998-10-09; persons affected 270
hanze-938,1999-09-28T12:00:00Z,day,42.8,12.07,country,Italy (ITI41),flash flood — Extreme rainfall,1,hanze,HANZE v3.0.1b id 938; end 1999-09-28; persons affected n/a
hanze-939,1999-10-23T12:00:00Z,day,42.8,12.07,country,Italy (ITC31;ITC33),flash flood — Extreme rainfall up to 100 mm in 12 h,0,hanze,HANZE v3.0.1b id 939; end 1999-10-24; persons affected n/a
hanze-940,1999-11-12T12:00:00Z,day,42.8,12.07,country,Italy (ITG2E;ITG2F;ITG2H),flash flood — Extreme rainfall up to 56 mm in 2 h,2,hanze,HANZE v3.0.1b id 940; end 1999-11-13; persons affected 800
hanze-941,1999-12-14T12:00:00Z,day,42.8,12.07,country,Italy (ITF31;ITF32;ITF34;ITF35;ITI33;ITI42;ITI43;ITI45),river flood — Heavy rainfall up to 135 mm in 2 days,6,hanze,HANZE v3.0.1b id 941; end 1999-12-18; persons affected 815
hanze-2750,1999-08-07T12:00:00Z,day,42.8,12.07,country,Italy (ITC44),flash flood — Extreme rainfall,3,hanze,HANZE v3.0.1b id 2750; end 1999-08-07; persons affected n/a
hanze-942,2000-09-08T12:00:00Z,day,42.8,12.07,country,Italy (ITF63;ITF65),river flood — Heavy rainfall up to 402 mm in 3 days,13,hanze,HANZE v3.0.1b id 942; end 2000-09-10; persons affected 700
hanze-943,2000-09-29T12:00:00Z,day,42.8,12.07,country,Italy (ITF65),river flood — Heavy rainfall,0,hanze,HANZE v3.0.1b id 943; end 2000-10-03; persons affected 1350
hanze-944,2000-10-13T12:00:00Z,day,42.8,12.07,country,Italy (ITC11;ITC12;ITC14;ITC18;ITC20;ITC48;ITC49;ITC4A;ITC4B;ITH10;),river flood — Heavy rainfall up to 740 mm in 4 days,34,hanze,HANZE v3.0.1b id 944; end 2000-10-16; persons affected 43000
hanze-945,2000-11-06T12:00:00Z,day,42.8,12.07,country,Italy (ITC31;ITC32;ITC46;ITC48;ITH10;ITH42;ITI11;ITI12;ITI13),river flood — Heavy rainfall,6,hanze,HANZE v3.0.1b id 945; end 2000-11-26; persons affected 5600
hanze-947,2000-12-27T12:00:00Z,day,42.8,12.07,country,Italy (ITF31;ITF33;ITF35),river flood — Heavy rainfall,0,hanze,HANZE v3.0.1b id 947; end 2000-12-31; persons affected 1525
hanze-948,2001-09-14T12:00:00Z,day,42.8,12.07,country,Italy (ITF33),flash flood — Extreme rainfall,2,hanze,HANZE v3.0.1b id 948; end 2001-09-15; persons affected n/a
hanze-2810,2001-05-26T12:00:00Z,day,42.8,12.07,country,Italy (ITG13),flash flood — Extreme rainfall,0,hanze,HANZE v3.0.1b id 2810; end 2001-05-26; persons affected 120
hanze-949,2002-04-21T12:00:00Z,day,42.8,12.07,country,Italy (ITF14;ITF22),flash flood — Extreme rainfall,1,hanze,HANZE v3.0.1b id 949; end 2002-04-21; persons affected n/a
hanze-950,2002-08-19T12:00:00Z,day,42.8,12.07,country,Italy (ITG16),flash flood — Extreme rainfall,1,hanze,HANZE v3.0.1b id 950; end 2002-08-19; persons affected n/a
hanze-951,2002-09-04T12:00:00Z,day,42.8,12.07,country,Italy (ITI16),flash flood — Extreme rainfall,1,hanze,HANZE v3.0.1b id 951; end 2002-09-04; persons affected n/a
hanze-952,2002-11-17T12:00:00Z,day,42.8,12.07,country,Italy (ITC18;ITC33;ITC42;ITC44;ITC49;ITC4C;ITC4D;ITH20;ITH34;ITH35;),river flood — Heavy rainfall up to 536 mm in 36 h,2,hanze,HANZE v3.0.1b id 952; end 2002-12-07; persons affected 10000
hanze-2811,2002-05-02T12:00:00Z,day,42.8,12.07,country,Italy (ITC15;ITC41;ITC46),river flood — Heavy rainfall,0,hanze,HANZE v3.0.1b id 2811; end 2002-05-04; persons affected 473
hanze-2812,2002-07-15T12:00:00Z,day,42.8,12.07,country,Italy (ITC16),river flood — Heavy rainfall,1,hanze,HANZE v3.0.1b id 2812; end 2002-07-15; persons affected 150
hanze-954,2003-01-23T12:00:00Z,day,42.8,12.07,country,Italy (ITF13;ITF14;ITF21;ITF22;ITF46;ITF51),river flood — Heavy rainfall up to 354 mm in 24 h,1,hanze,HANZE v3.0.1b id 954; end 2003-01-26; persons affected 40000
hanze-955,2003-06-08T12:00:00Z,day,42.8,12.07,country,Italy (ITF46),flash flood — Extreme rainfall,2,hanze,HANZE v3.0.1b id 955; end 2003-06-08; persons affected n/a
hanze-956,2003-08-29T12:00:00Z,day,42.8,12.07,country,Italy (ITH42),flash flood — Extreme rainfall up to 400 mm in 4 h,2,hanze,HANZE v3.0.1b id 956; end 2003-08-30; persons affected 5000
hanze-957,2003-09-08T12:00:00Z,day,42.8,12.07,country,Italy (ITF43),flash flood — Extreme rainfall up to 224 mm in 3 h,2,hanze,HANZE v3.0.1b id 957; end 2003-09-10; persons affected 4900
hanze-958,2003-09-09T12:00:00Z,day,42.8,12.07,country,Italy (ITF33),flash flood — Extreme rainfall up to 87 mm in 4 h,1,hanze,HANZE v3.0.1b id 958; end 2003-09-09; persons affected n/a
hanze-959,2003-09-14T12:00:00Z,day,42.8,12.07,country,Italy (ITG17;ITG19),river flood — Heavy rainfall up to 642 mm in 5 days,0,hanze,HANZE v3.0.1b id 959; end 2003-09-18; persons affected 30000
hanze-960,2003-09-23T12:00:00Z,day,42.8,12.07,country,Italy (ITI11;ITI12;ITI17),flash flood — Extreme rainfall up to 333 mm in 20 h,1,hanze,HANZE v3.0.1b id 960; end 2003-09-24; persons affected 10000
hanze-961,2003-10-15T12:00:00Z,day,42.8,12.07,country,Italy (ITG17),river flood — Heavy rainfall up to 109 mm in 24 h,1,hanze,HANZE v3.0.1b id 961; end 2003-10-18; persons affected n/a
hanze-962,2003-12-11T12:00:00Z,day,42.8,12.07,country,Italy (ITF62;ITF64;ITF65),river flood — Heavy rainfall up to 320 mm in 24 h,1,hanze,HANZE v3.0.1b id 962; end 2003-12-13; persons affected n/a
hanze-2813,2003-09-29T12:00:00Z,day,42.8,12.07,country,Italy (ITH42),flash flood — Extreme rainfall,0,hanze,HANZE v3.0.1b id 2813; end 2003-09-29; persons affected 200
hanze-963,2004-12-06T12:00:00Z,day,42.8,12.07,country,Italy (ITG2D;ITG2E;ITG2H),river flood — Heavy rainfall up to 250 mm in 24 h,1,hanze,HANZE v3.0.1b id 963; end 2004-12-09; persons affected 15000
hanze-2417,2004-10-24T12:00:00Z,day,42.8,12.07,country,Italy (ITF14),flash flood — Extreme rainfall,0,hanze,HANZE v3.0.1b id 2417; end 2004-10-24; persons affected 6000
hanze-2418,2004-10-29T12:00:00Z,day,42.8,12.07,country,Italy (ITH41;ITH42;ITI18;ITI19;ITI1A),flash flood — Extreme rainfall up to 180 mm in 2 h,0,hanze,HANZE v3.0.1b id 2418; end 2004-11-01; persons affected 18000
hanze-2419,2004-11-09T12:00:00Z,day,42.8,12.07,country,Italy (ITF43;ITF45;ITF47;ITF52;ITF61;ITF62;ITF63;ITF65),river flood — Heavy rainfall up to 162 mm in 24 h,1,hanze,HANZE v3.0.1b id 2419; end 2004-11-14; persons affected 60000
hanze-2420,2004-12-04T12:00:00Z,day,42.8,12.07,country,Italy (ITI22;ITI41;ITI43),river flood — Heavy rainfall up to 84 mm in 24 h,0,hanze,HANZE v3.0.1b id 2420; end 2004-12-07; persons affected n/a
hanze-965,2005-10-22T12:00:00Z,day,42.8,12.07,country,Italy (ITF35;ITF44;ITF47;ITG17),river flood — Heavy rainfall up to 270 mm in 24 h,7,hanze,HANZE v3.0.1b id 965; end 2005-10-24; persons affected n/a
hanze-2421,2005-03-04T12:00:00Z,day,42.8,12.07,country,Italy (ITF34;ITF35),flash flood — Extreme rainfall,4,hanze,HANZE v3.0.1b id 2421; end 2005-03-05; persons affected n/a
hanze-2422,2005-03-04T12:00:00Z,day,42.8,12.07,country,Italy (ITF22;ITF46),river flood — Heavy rainfall,0,hanze,HANZE v3.0.1b id 2422; end 2005-03-06; persons affected n/a
hanze-2423,2005-11-14T12:00:00Z,day,42.8,12.07,country,Italy (ITI16;ITI19;ITI1A;ITI41;ITI45),river flood — Heavy rainfall up to 185 mm in 24 h,0,hanze,HANZE v3.0.1b id 2423; end 2005-11-16; persons affected n/a
hanze-2424,2005-12-03T12:00:00Z,day,42.8,12.07,country,Italy (ITI18),flash flood — Extreme rainfall,0,hanze,HANZE v3.0.1b id 2424; end 2005-12-03; persons affected n/a
hanze-2425,2005-12-12T12:00:00Z,day,42.8,12.07,country,Italy (ITG14;ITG16;ITG17;ITG19),river flood — Heavy rainfall up to 305 mm in 24 h,0,hanze,HANZE v3.0.1b id 2425; end 2005-12-14; persons affected n/a
hanze-2426,2005-12-31T12:00:00Z,day,42.8,12.07,country,Italy (ITI19),flash flood — Extreme rainfall,0,hanze,HANZE v3.0.1b id 2426; end 2006-01-01; persons affected 2000
hanze-2814,2005-11-25T12:00:00Z,day,42.8,12.07,country,Italy (ITI21;ITI22),river flood — Heavy rainfall up to 149 mm in 24 h,0,hanze,HANZE v3.0.1b id 2814; end 2005-11-27; persons affected n/a
hanze-967,2006-07-03T12:00:00Z,day,42.8,12.07,country,Italy (ITF64),flash flood — Extreme rainfall up to 190 mm in 2 h,3,hanze,HANZE v3.0.1b id 967; end 2006-07-03; persons affected 600
hanze-2427,2006-01-30T12:00:00Z,day,42.8,12.07,country,Italy (ITG2E;ITG2H),river flood — Heavy rainfall up to 432 mm in 36 h,0,hanze,HANZE v3.0.1b id 2427; end 2006-01-31; persons affected 18000
hanze-2428,2006-08-25T12:00:00Z,day,42.8,12.07,country,Italy (ITI19),flash flood — Extreme rainfall up to 145 mm in 3 h,0,hanze,HANZE v3.0.1b id 2428; end 2006-08-25; persons affected n/a
hanze-2429,2006-09-16T12:00:00Z,day,42.8,12.07,country,Italy (ITF47;ITI14;ITI16;ITI17;ITI18),flash flood — Extreme rainfall up to 180 mm in 12 h,2,hanze,HANZE v3.0.1b id 2429; end 2006-09-17; persons affected n/a
hanze-2430,2006-10-19T12:00:00Z,day,42.8,12.07,country,Italy (ITI1A),river flood — Heavy rainfall (3 days),0,hanze,HANZE v3.0.1b id 2430; end 2006-10-22; persons affected n/a
hanze-2431,2006-12-21T12:00:00Z,day,42.8,12.07,country,Italy (ITF61),river flood — Heavy rainfall up to 216 mm in 24 h,0,hanze,HANZE v3.0.1b id 2431; end 2006-12-25; persons affected n/a
hanze-2815,2006-09-16T12:00:00Z,day,42.8,12.07,country,Italy (ITI31;ITI32;ITI33),river flood — Heavy rainfall up to 145 mm in 24 h (two waves),0,hanze,HANZE v3.0.1b id 2815; end 2006-09-26; persons affected n/a
hanze-2432,2007-05-01T12:00:00Z,day,42.8,12.07,country,Italy (ITC11),river flood — Heavy rainfall up to 158 mm in 24 h,0,hanze,HANZE v3.0.1b id 2432; end 2007-05-04; persons affected n/a
hanze-2433,2007-05-26T12:00:00Z,day,42.8,12.07,country,Italy (ITH41;ITH43;ITH44),flash flood — Extreme rainfall up to 170 mm in 24 h,1,hanze,HANZE v3.0.1b id 2433; end 2007-05-28; persons affected n/a
hanze-2434,2007-09-26T12:00:00Z,day,42.8,12.07,country,Italy (ITH34;ITH35;ITH36),flash flood — Extreme rainfall up to 326 mm in 24 h,0,hanze,HANZE v3.0.1b id 2434; end 2007-09-27; persons affected 18000
hanze-2435,2007-10-06T12:00:00Z,day,42.8,12.07,country,Italy (ITI34),flash flood — Extreme rainfall up to 211 mm in 2 h,1,hanze,HANZE v3.0.1b id 2435; end 2007-10-07; persons affected n/a
hanze-968,2008-07-12T12:00:00Z,day,42.8,12.07,country,Italy (ITC44),flash flood — Extreme rainfall up to 139 mm in 24 h,0,hanze,HANZE v3.0.1b id 968; end 2008-07-13; persons affected 300
hanze-969,2008-10-22T12:00:00Z,day,42.8,12.07,country,Italy (ITG2F),flash flood — Extreme rainfall up to 350 mm in 24 h,5,hanze,HANZE v3.0.1b id 969; end 2008-10-22; persons affected n/a
hanze-970,2008-12-01T12:00:00Z,day,42.8,12.07,country,Italy (ITH35),compound river/coastal flood — Heavy rainfall and storm surge (acqua alta),0,hanze,HANZE v3.0.1b id 970; end 2008-12-04; persons affected n/a
hanze-971,2008-12-11T12:00:00Z,day,42.8,12.07,country,Italy (ITI43),river flood — Heavy rainfall up to 106 mm in 24 h,1,hanze,HANZE v3.0.1b id 971; end 2008-12-15; persons affected n/a
hanze-2436,2008-05-28T12:00:00Z,day,42.8,12.07,country,Italy (ITC11;ITC14;ITC15;ITC16;ITC20),river flood — Heavy rainfall up to 325 mm in 24 h,0,hanze,HANZE v3.0.1b id 2436; end 2008-05-31; persons affected n/a
hanze-2437,2008-06-17T12:00:00Z,day,42.8,12.07,country,Italy (ITC33),flash flood — Extreme rainfall up to 263 mm in 2 h,0,hanze,HANZE v3.0.1b id 2437; end 2008-06-17; persons affected n/a
hanze-2438,2008-07-21T12:00:00Z,day,42.8,12.07,country,Italy (ITI31;ITI32;ITI33),flash flood — Extreme rainfall up to 157 mm in 3 h,0,hanze,HANZE v3.0.1b id 2438; end 2008-07-22; persons affected n/a
hanze-2816,2008-05-19T12:00:00Z,day,42.8,12.07,country,Italy (ITI43;ITI44;ITI45),river flood — Heavy rainfall up to 214 mm in 24 h,0,hanze,HANZE v3.0.1b id 2816; end 2008-05-22; persons affected n/a
hanze-972,2009-01-25T12:00:00Z,day,42.8,12.07,country,Italy (ITG11;ITG13;ITG14;ITG15;ITG16;ITG17),river flood — Heavy rainfall up to 126 mm in 24 h,1,hanze,HANZE v3.0.1b id 972; end 2009-02-03; persons affected n/a
hanze-973,2009-10-01T12:00:00Z,day,42.8,12.07,country,Italy (ITG11;ITG12;ITG13;ITG17),flash flood — Extreme rainfall up to 226 mm in 24 h,35,hanze,HANZE v3.0.1b id 973; end 2009-10-02; persons affected 5140
hanze-2439,2009-04-24T12:00:00Z,day,42.8,12.07,country,Italy (ITC11;ITC16;ITC17;ITC18;ITC48;ITC49),river flood — Heavy rainfall up to 193 mm in 24 h,1,hanze,HANZE v3.0.1b id 2439; end 2009-04-29; persons affected n/a
hanze-2440,2009-06-21T12:00:00Z,day,42.8,12.07,country,Italy (ITF33),flash flood — Extreme rainfall up to 70 mm in 35 min,2,hanze,HANZE v3.0.1b id 2440; end 2009-06-23; persons affected n/a
hanze-2441,2009-07-15T12:00:00Z,day,42.8,12.07,country,Italy (ITC43;ITH33),flash flood — Extreme rainfall up to 156 mm in 24 h,1,hanze,HANZE v3.0.1b id 2441; end 2009-07-18; persons affected n/a
hanze-2442,2009-12-22T12:00:00Z,day,42.8,12.07,country,Italy (ITC31;ITC32;ITC33;ITC34;ITH52;ITH53;ITH54;ITI12;ITI13;ITI21;),river flood — Heavy rainfall up to 665 mm in 4 days,1,hanze,HANZE v3.0.1b id 2442; end 2010-01-02; persons affected n/a
hanze-974,2010-09-09T12:00:00Z,day,42.8,12.07,country,Italy (ITF35),flash flood — Extreme rainfall,1,hanze,HANZE v3.0.1b id 974; end 2010-09-09; persons affected n/a
hanze-975,2010-10-04T12:00:00Z,day,42.8,12.07,country,Italy (ITC32;ITC33),flash flood — Extreme rainfall up to 400 mm in 6 h,1,hanze,HANZE v3.0.1b id 975; end 2010-10-04; persons affected n/a
hanze-976,2010-10-05T12:00:00Z,day,42.8,12.07,country,Italy (ITI15),flash flood — Extreme rainfall up to 100 mm in 2 h,3,hanze,HANZE v3.0.1b id 976; end 2010-10-05; persons affected n/a
hanze-977,2010-10-31T12:00:00Z,day,42.8,12.07,country,Italy (ITH31;ITH32;ITH33;ITH34;ITH36),river flood — Heavy rainfall up to 540 mm in 24 h,3,hanze,HANZE v3.0.1b id 977; end 2010-11-02; persons affected 30800
hanze-2443,2010-06-17T12:00:00Z,day,42.8,12.07,country,Italy (ITI12),river flood — Heavy rainfall up to 230 mm in 24 h,0,hanze,HANZE v3.0.1b id 2443; end 2010-06-19; persons affected n/a
hanze-2444,2010-11-02T12:00:00Z,day,42.8,12.07,country,Italy (ITF45;ITF62;ITF64),river flood — Heavy rainfall up to 187 mm in 24 h,1,hanze,HANZE v3.0.1b id 2444; end 2010-11-03; persons affected n/a
hanze-2445,2010-11-08T12:00:00Z,day,42.8,12.07,country,Italy (ITF35),river flood — Heavy rainfall up to 211 mm in 24 h,0,hanze,HANZE v3.0.1b id 2445; end 2010-11-10; persons affected n/a
hanze-978,2011-02-18T12:00:00Z,day,42.8,12.07,country,Italy (ITG13),flash flood — Extreme rainfall,1,hanze,HANZE v3.0.1b id 978; end 2011-02-19; persons affected n/a
hanze-979,2011-03-01T12:00:00Z,day,42.8,12.07,country,Italy (ITF12;ITG13;ITH57;ITI32;ITI33;ITI34;ITI35),river flood — Heavy rainfall up to 270 mm in 24 h,3,hanze,HANZE v3.0.1b id 979; end 2011-03-05; persons affected n/a
hanze-981,2011-06-11T12:00:00Z,day,42.8,12.07,country,Italy (ITH52),flash flood — Extreme rainfall,1,hanze,HANZE v3.0.1b id 981; end 2011-06-11; persons affected 740
hanze-982,2011-10-25T12:00:00Z,day,42.8,12.07,country,Italy (ITI11;ITC34),flash flood — Extreme rainfall up to 520 mm in 6 h,13,hanze,HANZE v3.0.1b id 982; end 2011-10-26; persons affected n/a
hanze-983,2011-11-04T12:00:00Z,day,42.8,12.07,country,Italy (ITC31;ITC32;ITC33;ITC34),flash flood — Extreme rainfall up to 450 mm in 5 h,6,hanze,HANZE v3.0.1b id 983; end 2011-11-04; persons affected n/a
hanze-984,2011-11-22T12:00:00Z,day,42.8,12.07,country,Italy (ITF65;ITG13),flash flood — Extreme rainfall up to 366 mm in 24 h,4,hanze,HANZE v3.0.1b id 984; end 2011-11-23; persons affected n/a
hanze-2446,2011-11-06T12:00:00Z,day,42.8,12.07,country,Italy (ITF52;ITI16),flash flood — Extreme rainfall up to 243 mm in 24 h,3,hanze,HANZE v3.0.1b id 2446; end 2011-11-06; persons affected n/a
hanze-2817,2011-01-30T12:00:00Z,day,42.8,12.07,country,Italy (ITG15),river flood — Heavy rainfall (2 days),1,hanze,HANZE v3.0.1b id 2817; end 2011-02-01; persons affected n/a
hanze-2818,2011-10-20T12:00:00Z,day,42.8,12.07,country,Italy (ITI43),flash flood — Extreme rainfall up to 130 mm in 2 h,1,hanze,HANZE v3.0.1b id 2818; end 2011-10-20; persons affected n/a
hanze-985,2012-11-11T12:00:00Z,day,42.8,12.07,country,Italy (ITC4B;ITH35;ITI11;ITI16;ITI17;ITI19;ITI1A;ITI22;ITI43),river flood — Heavy rainfall up to 430 mm in 48 h,6,hanze,HANZE v3.0.1b id 985; end 2012-11-12; persons affected 20000
hanze-2447,2012-03-06T12:00:00Z,day,42.8,12.07,country,Italy (ITG17;ITG19),river flood — Heavy rainfall up to 191 mm in 24 h,0,hanze,HANZE v3.0.1b id 2447; end 2012-03-12; persons affected n/a
hanze-2819,2012-10-31T12:00:00Z,day,42.8,12.07,country,Italy (ITF31;ITI44),river flood — Heavy rainfall up to 81 mm in 24 h,1,hanze,HANZE v3.0.1b id 2819; end 2012-11-01; persons affected n/a
hanze-986,2013-02-15T12:00:00Z,day,42.8,12.07,country,Italy (ITG12),flash flood — Extreme rainfall,1,hanze,HANZE v3.0.1b id 986; end 2013-02-15; persons affected n/a
hanze-987,2013-11-18T12:00:00Z,day,42.8,12.07,country,Italy (ITG2D;ITG2E;ITG2G;ITG2H),flash flood — Extreme rainfall up to 450 mm in 2 h,18,hanze,HANZE v3.0.1b id 987; end 2013-11-19; persons affected 2700
hanze-2158,2013-10-06T12:00:00Z,day,42.8,12.07,country,Italy (ITI1A),flash flood — Extreme rainfall up to 200 mm in 24 h,2,hanze,HANZE v3.0.1b id 2158; end 2013-10-07; persons affected n/a
hanze-2159,2013-10-07T12:00:00Z,day,42.8,12.07,country,Italy (ITF43;ITF45;ITF46;ITF51;ITF52),flash flood — Extreme rainfall up to 250 mm in 24 h,7,hanze,HANZE v3.0.1b id 2159; end 2013-10-08; persons affected n/a
hanze-2160,2013-10-20T12:00:00Z,day,42.8,12.07,country,Italy (ITI19),river flood — Heavy rainfall up to 333 mm in 24 h,1,hanze,HANZE v3.0.1b id 2160; end 2013-10-24; persons affected 400
hanze-2161,2013-11-10T12:00:00Z,day,42.8,12.07,country,Italy (ITF12;ITF13;ITF14;ITI21;ITI22;ITI31;ITI32;ITI33;ITI34),river flood — Heavy rainfall up to 341 mm in 24 h,4,hanze,HANZE v3.0.1b id 2161; end 2013-11-13; persons affected n/a
hanze-2162,2013-11-30T12:00:00Z,day,42.8,12.07,country,Italy (ITF43;ITF51;ITF52),river flood — Heavy rainfall up to 310 mm in 36 h,4,hanze,HANZE v3.0.1b id 2162; end 2013-12-03; persons affected 800
hanze-2163,2013-12-02T12:00:00Z,day,42.8,12.07,country,Italy (ITF61),coastal flood — Storm surge,1,hanze,HANZE v3.0.1b id 2163; end 2013-12-02; persons affected 40
hanze-2448,2013-10-20T12:00:00Z,day,42.8,12.07,country,Italy (ITC33;ITC34),river flood — Heavy rainfall up to 187 mm in 24 h,2,hanze,HANZE v3.0.1b id 2448; end 2013-10-24; persons affected n/a
hanze-2449,2013-10-23T12:00:00Z,day,42.8,12.07,country,Italy (ITC42;ITC44;ITC46;ITC47),flash flood — Extreme rainfall up to 90 mm in 1 h,0,hanze,HANZE v3.0.1b id 2449; end 2013-10-24; persons affected n/a
hanze-2450,2013-03-18T12:00:00Z,day,42.8,12.07,country,Italy (ITI11;ITI12;ITI13;ITI14;ITI15;ITI16;ITI18;ITI31),flash flood — Extreme rainfall,0,hanze,HANZE v3.0.1b id 2450; end 2013-03-19; persons affected n/a
hanze-2451,2013-04-27T12:00:00Z,day,42.8,12.07,country,Italy (ITC11;ITC13;ITC14),river flood — Heavy rainfall up to 410 mm in 4 days,0,hanze,HANZE v3.0.1b id 2451; end 2013-05-01; persons affected n/a
hanze-2452,2013-05-16T12:00:00Z,day,42.8,12.07,country,Italy (ITH31;ITH32;ITH34;ITH36),river flood — Heavy rainfall up to 221 mm in 2 days,1,hanze,HANZE v3.0.1b id 2452; end 2013-05-24; persons affected n/a
hanze-2453,2013-06-25T12:00:00Z,day,42.8,12.07,country,Italy (ITH57;ITH59),flash flood — Extreme rainfall up to 148 mm in 24 h,2,hanze,HANZE v3.0.1b id 2453; end 2013-06-25; persons affected n/a
hanze-2454,2013-08-20T12:00:00Z,day,42.8,12.07,country,Italy (ITF52),flash flood — Extreme rainfall up to 75 mm in 10 min,1,hanze,HANZE v3.0.1b id 2454; end 2013-08-22; persons affected n/a
hanze-2820,2013-12-01T12:00:00Z,day,42.8,12.07,country,Italy (ITF12;ITF13;ITF14),flash flood — Extreme rainfall up to 100 mm in 12 h,2,hanze,HANZE v3.0.1b id 2820; end 2013-12-03; persons affected 1500
hanze-988,2014-01-18T12:00:00Z,day,42.8,12.07,country,Italy (ITC31;ITC32;ITC33;ITH52;ITH54;ITH55;ITI17),river flood — Heavy rainfall up to 334 mm in 24 h,2,hanze,HANZE v3.0.1b id 988; end 2014-01-20; persons affected 1000
hanze-989,2014-01-29T12:00:00Z,day,42.8,12.07,country,Italy (ITG17;ITG19;ITH36;ITI14;ITI17;ITI21;ITI22;ITI43),river flood — Heavy rainfall up to 196 mm in 24 h,4,hanze,HANZE v3.0.1b id 989; end 2014-02-02; persons affected n/a
hanze-990,2014-05-02T12:00:00Z,day,42.8,12.07,country,Italy (ITI31;ITI32;ITI33;ITI34;ITI35),river flood — Heavy rainfall up to 105 mm in 24 h,3,hanze,HANZE v3.0.1b id 990; end 2014-05-04; persons affected 250
hanze-991,2014-08-02T12:00:00Z,day,42.8,12.07,country,Italy (ITC44;ITC47;ITH33;ITH34),river flood — Heavy rainfall up to 74 mm in 24 h,4,hanze,HANZE v3.0.1b id 991; end 2014-08-05; persons affected n/a
hanze-992,2014-09-01T12:00:00Z,day,42.8,12.07,country,Italy (ITF46),river flood — Heavy rainfall up to 336 mm in 24 h,2,hanze,HANZE v3.0.1b id 992; end 2014-09-06; persons affected n/a
hanze-993,2014-10-09T12:00:00Z,day,42.8,12.07,country,Italy (ITC33),flash flood — Extreme rainfall up to 398 mm in 24 h,1,hanze,HANZE v3.0.1b id 993; end 2014-10-10; persons affected n/a
hanze-994,2014-10-12T12:00:00Z,day,42.8,12.07,country,Italy (ITH51;ITH52;ITI11;ITI16;ITI17;ITI1A),river flood — Heavy rainfall up to 307 mm in 26 h,2,hanze,HANZE v3.0.1b id 994; end 2014-10-14; persons affected n/a
hanze-995,2014-11-04T12:00:00Z,day,42.8,12.07,country,Italy (ITI11;ITI12),flash flood — Extreme rainfall up to 301 mm in 24 h,1,hanze,HANZE v3.0.1b id 995; end 2014-11-06; persons affected n/a
hanze-996,2014-11-09T12:00:00Z,day,42.8,12.07,country,Italy (ITC32;ITC33;ITC34;ITC41;ITC46;ITC49;ITC4A;ITC4C;ITC4D),river flood — Heavy rainfall (2 waves); up to 231 mm in 24 h,3,hanze,HANZE v3.0.1b id 996; end 2014-11-16; persons affected n/a
hanze-2471,2014-07-07T12:00:00Z,day,42.8,12.07,country,Italy (ITC11;ITC12;ITC13;ITC18;ITC42;ITC4C),flash flood — Extreme rainfall up to 170 mm in 11 h,1,hanze,HANZE v3.0.1b id 2471; end 2014-07-08; persons affected n/a
hanze-2472,2014-07-28T12:00:00Z,day,42.8,12.07,country,Italy (ITC41;ITC42;ITC4C),flash flood — Extreme rainfall up to 154 mm in 24 h,0,hanze,HANZE v3.0.1b id 2472; end 2014-07-29; persons affected n/a
hanze-997,2015-08-11T12:00:00Z,day,42.8,12.07,country,Italy (ITF61;ITF62;ITF63),flash flood — Extreme rainfall up to 200 mm in 24 h,0,hanze,HANZE v3.0.1b id 997; end 2015-08-12; persons affected 500
hanze-998,2015-09-13T12:00:00Z,day,42.8,12.07,country,Italy (ITC33;ITH51;ITH52),flash flood — Extreme rainfall up to 153 mm in 20 h,3,hanze,HANZE v3.0.1b id 998; end 2015-09-14; persons affected n/a
hanze-999,2015-10-14T12:00:00Z,day,42.8,12.07,country,Italy (ITF11;ITF31;ITF32;ITF43;ITF46;ITG11;ITG12;ITG13;ITI45),river flood — Heavy rainfall up to 187 mm in 24 h,1,hanze,HANZE v3.0.1b id 999; end 2015-10-16; persons affected n/a
hanze-1000,2015-10-31T12:00:00Z,day,42.8,12.07,country,Italy (ITF63;ITF64;ITF65),river flood — Heavy rainfall up to 720 mm in 3 days,1,hanze,HANZE v3.0.1b id 1000; end 2015-11-02; persons affected n/a
hanze-2457,2015-02-04T12:00:00Z,day,42.8,12.07,country,Italy (ITH55;ITH56;ITH57;ITH58;ITH59),river flood — Heavy rainfall up to 114 mm in 24 h,0,hanze,HANZE v3.0.1b id 2457; end 2015-02-07; persons affected n/a
hanze-2458,2015-03-04T12:00:00Z,day,42.8,12.07,country,Italy (ITF21;ITF22),river flood — Heavy rainfall up to 152 mm in 24 h,0,hanze,HANZE v3.0.1b id 2458; end 2015-03-06; persons affected n/a
hanze-2459,2015-03-15T12:00:00Z,day,42.8,12.07,country,Italy (ITC11;ITC16;ITC17;ITC18),river flood — Heavy rainfall up to 72 mm in 24 h,0,hanze,HANZE v3.0.1b id 2459; end 2015-03-25; persons affected n/a
hanze-2460,2015-08-03T12:00:00Z,day,42.8,12.07,country,Italy (ITH33),flash flood — Extreme rainfall up to 45 mm in 6 h,0,hanze,HANZE v3.0.1b id 2460; end 2015-08-04; persons affected n/a
hanze-2461,2015-08-24T12:00:00Z,day,42.8,12.07,country,Italy (ITI11;ITI17;ITI19;ITI1A),flash flood — Extreme rainfall up to 329 mm in 48 h,0,hanze,HANZE v3.0.1b id 2461; end 2015-08-25; persons affected n/a
hanze-2462,2015-09-30T12:00:00Z,day,42.8,12.07,country,Italy (ITG2D),flash flood — Extreme rainfall up to 175 mm in 24 h,0,hanze,HANZE v3.0.1b id 2462; end 2015-10-01; persons affected n/a
hanze-2821,2015-02-26T12:00:00Z,day,42.8,12.07,country,Italy (ITF12;ITF13;ITF14),river flood — Heavy rainfall up to 214 mm in 48 h,0,hanze,HANZE v3.0.1b id 2821; end 2015-03-06; persons affected n/a
hanze-1001,2016-11-19T12:00:00Z,day,42.8,12.07,country,Italy (ITC31;ITC32;ITC33;ITC34;ITF62;ITF65;ITG13;ITG14),river flood — Heavy rainfall up to 583 mm in 24 h and snowfall,4,hanze,HANZE v3.0.1b id 1001; end 2016-11-25; persons affected n/a
hanze-2164,2016-02-27T12:00:00Z,day,42.8,12.07,country,Italy (ITH31;ITI33),flash flood — Extreme rainfall up to 200 mm in 24 h,2,hanze,HANZE v3.0.1b id 2164; end 2016-02-28; persons affected n/a
hanze-2165,2016-11-21T12:00:00Z,day,42.8,12.07,country,Italy (ITC11;ITC16;ITC17;ITC18),river flood — Heavy rainfall up to 663 mm in 3 days,1,hanze,HANZE v3.0.1b id 2165; end 2016-11-25; persons affected 400
hanze-2169,2016-09-05T12:00:00Z,day,42.8,12.07,country,Italy (ITF22;ITF46;ITF47;ITF48),river flood — Heavy rainfall up to 134 mm in 24 h (several episodes),1,hanze,HANZE v3.0.1b id 2169; end 2016-09-19; persons affected n/a
hanze-2463,2016-03-11T12:00:00Z,day,42.8,12.07,country,Italy (ITF46),river flood — Heavy rainfall up to 66 mm in 24 h,0,hanze,HANZE v3.0.1b id 2463; end 2016-03-18; persons affected n/a
hanze-2464,2016-06-12T12:00:00Z,day,42.8,12.07,country,Italy (ITI21),flash flood — Extreme rainfall up to 120 mm in 3 h,0,hanze,HANZE v3.0.1b id 2464; end 2016-06-12; persons affected n/a
hanze-2822,2016-02-27T12:00:00Z,day,42.8,12.07,country,Italy (ITH51;ITH52;ITH53;ITH54;ITH55;ITH56;ITH57;ITH58),river flood — Heavy rainfall up to 60 mm in 24 h and snowmelt,0,hanze,HANZE v3.0.1b id 2822; end 2016-03-27; persons affected n/a
hanze-2166,2017-01-21T12:00:00Z,day,42.8,12.07,country,Italy (ITF63;ITF65;ITG12;ITG14;ITG17;ITG19),flash flood — Extreme rainfall up to 149 mm in 15 h,1,hanze,HANZE v3.0.1b id 2166; end 2017-01-22; persons affected n/a
hanze-2167,2017-09-09T12:00:00Z,day,42.8,12.07,country,Italy (ITI16),flash flood — Extreme rainfall up to 230 mm in 3 h,8,hanze,HANZE v3.0.1b id 2167; end 2017-09-10; persons affected n/a
hanze-2168,2017-12-10T12:00:00Z,day,42.8,12.07,country,Italy (ITH51;ITH52;ITH53;ITH54;ITH55),river flood — Heavy rainfall up to 507 mm in 2 days and snowfall,1,hanze,HANZE v3.0.1b id 2168; end 2017-12-12; persons affected 1000
hanze-2465,2017-01-15T12:00:00Z,day,42.8,12.07,country,Italy (ITF22),river flood — Heavy rainfall up to 120 mm in 3 h,0,hanze,HANZE v3.0.1b id 2465; end 2017-01-20; persons affected n/a
hanze-2466,2017-04-26T12:00:00Z,day,42.8,12.07,country,Italy (ITH41;ITH42;ITH44),river flood — Heavy rainfall up to 575 mm in 3 days,0,hanze,HANZE v3.0.1b id 2466; end 2017-04-28; persons affected n/a
hanze-2467,2017-11-05T12:00:00Z,day,42.8,12.07,country,Italy (ITF31;ITF32;ITF34;ITF35),river flood — Heavy rainfall up to 213 mm in 24 h,0,hanze,HANZE v3.0.1b id 2467; end 2017-11-07; persons affected n/a
hanze-2468,2017-08-08T12:00:00Z,day,42.8,12.07,country,Italy (ITC20),flash flood — Extreme rainfall up to 68 mm in 24 h,0,hanze,HANZE v3.0.1b id 2468; end 2017-08-08; persons affected n/a
hanze-2170,2018-10-02T12:00:00Z,day,42.8,12.07,country,Italy (ITF63),river flood — Heavy rainfall up to 387 mm in 24 h,3,hanze,HANZE v3.0.1b id 2170; end 2018-10-06; persons affected n/a
hanze-2171,2018-10-10T12:00:00Z,day,42.8,12.07,country,Italy (ITG2F;ITG2H),flash flood — Extreme rainfall up to 353 mm in 24 h,2,hanze,HANZE v3.0.1b id 2171; end 2018-10-11; persons affected n/a
hanze-2172,2018-10-27T12:00:00Z,day,42.8,12.07,country,Italy (ITC34;ITC46;ITC47;ITH10;ITH20;ITH33;ITH34;ITH35;ITH36;ITH42;),compound river/coastal flood — Heavy rainfall up to 716 mm in 4 days and storm surge in Venice,3,hanze,HANZE v3.0.1b id 2172; end 2018-10-31; persons affected 2200
hanze-2173,2018-11-03T12:00:00Z,day,42.8,12.07,country,Italy (ITG12;ITG14),river flood — Heavy rainfall up to 230 mm in 24 h,13,hanze,HANZE v3.0.1b id 2173; end 2018-11-04; persons affected n/a
hanze-2174,2019-04-23T12:00:00Z,day,42.8,12.07,country,Italy (ITC32;ITI17),flash flood — Extreme rainfall,3,hanze,HANZE v3.0.1b id 2174; end 2019-04-23; persons affected n/a
hanze-2175,2019-05-11T12:00:00Z,day,42.8,12.07,country,Italy (ITH54;ITH55;ITH58),river flood — Heavy rainfall up to 170 mm in 2 days,0,hanze,HANZE v3.0.1b id 2175; end 2019-05-13; persons affected 1200
hanze-2176,2019-10-21T12:00:00Z,day,42.8,12.07,country,Italy (ITC18),flash flood — Extreme rainfall up to 253 mm in 12 h,1,hanze,HANZE v3.0.1b id 2176; end 2019-10-22; persons affected 130
hanze-2177,2019-11-11T12:00:00Z,day,42.8,12.07,country,Italy (ITH35),coastal flood — Storm surge up to 187 cm,2,hanze,HANZE v3.0.1b id 2177; end 2019-11-18; persons affected n/a
hanze-2178,2019-11-16T12:00:00Z,day,42.8,12.07,country,Italy (ITH55),river flood — Heavy rainfall and snowfall,0,hanze,HANZE v3.0.1b id 2178; end 2019-11-18; persons affected 300
hanze-2179,2019-11-24T12:00:00Z,day,42.8,12.07,country,Italy (ITC18),flash flood — Extreme rainfall,1,hanze,HANZE v3.0.1b id 2179; end 2019-11-24; persons affected 200
hanze-2823,2019-07-03T12:00:00Z,day,42.8,12.07,country,Italy (ITH20),flash flood — Extreme rainfall,1,hanze,HANZE v3.0.1b id 2823; end 2019-07-03; persons affected n/a
hanze-2824,2019-10-25T12:00:00Z,day,42.8,12.07,country,Italy (ITG19),flash flood — Extreme rainfall,1,hanze,HANZE v3.0.1b id 2824; end 2019-10-25; persons affected n/a
hanze-2825,2019-12-21T12:00:00Z,day,42.8,12.07,country,Italy (ITH41),flash flood — Extreme rainfall,1,hanze,HANZE v3.0.1b id 2825; end 2019-12-21; persons affected n/a
hanze-2180,2020-10-01T12:00:00Z,day,42.8,12.07,country,Italy (ITC12;ITC13;ITC14;ITC15;ITC16;ITC20;ITC31;ITC48),river flood — Heavy rainfall up to 620 mm in 24 h,3,hanze,HANZE v3.0.1b id 2180; end 2020-10-04; persons affected 10000
hanze-2181,2020-11-20T12:00:00Z,day,42.8,12.07,country,Italy (ITF61;ITF62),river flood — Heavy rainfall up to 457 mm in 2 days,0,hanze,HANZE v3.0.1b id 2181; end 2020-11-23; persons affected 200
hanze-2182,2020-11-28T12:00:00Z,day,42.8,12.07,country,Italy (ITG2E),flash flood — Extreme rainfall up to 501 mm in 24 h,3,hanze,HANZE v3.0.1b id 2182; end 2020-11-29; persons affected 250
hanze-2183,2020-12-04T12:00:00Z,day,42.8,12.07,country,Italy (ITF51;ITH32;ITH33;ITH54),river flood — Heavy rainfall up to 770 mm in 4 days,1,hanze,HANZE v3.0.1b id 2183; end 2020-12-08; persons affected 510
hanze-2469,2020-09-24T12:00:00Z,day,42.8,12.07,country,Italy (ITC41),flash flood — Extreme rainfall up to 60 mm in 30 min,1,hanze,HANZE v3.0.1b id 2469; end 2020-09-24; persons affected n/a
hanze-2470,2020-10-07T12:00:00Z,day,42.8,12.07,country,Italy (ITF35),flash flood — Extreme rainfall up to 83 mm in 24 h,1,hanze,HANZE v3.0.1b id 2470; end 2020-10-07; persons affected n/a
hanze-2473,2020-08-29T12:00:00Z,day,42.8,12.07,country,Italy (ITC18;ITC41;ITH10;ITH32;ITH33),flash flood — Extreme rainfall up to 279 mm in 24 h,1,hanze,HANZE v3.0.1b id 2473; end 2020-08-30; persons affected n/a
hanze-3104,2021-10-24T12:00:00Z,day,42.8,12.07,country,Italy (ITG17;ITG19),river flood — Heavy rainfall up to 500 mm in 48 h,3,hanze,HANZE v3.0.1b id 3104; end 2021-10-29; persons affected n/a
hanze-3105,2021-11-15T12:00:00Z,day,42.8,12.07,country,Italy (ITG2F),flash flood — Extreme rainfall up to 104 mm in 4 h,1,hanze,HANZE v3.0.1b id 3105; end 2021-11-15; persons affected n/a
hanze-3106,2022-09-15T12:00:00Z,day,42.8,12.07,country,Italy (ITI31;ITI32),flash flood — Extreme rainfall up to 384 mm in 6 h and 419 mm in 12 h,13,hanze,HANZE v3.0.1b id 3106; end 2022-09-16; persons affected n/a
hanze-3107,2023-01-25T12:00:00Z,day,42.8,12.07,country,Italy (ITG2D),flash flood — Extreme rainfall up to 57 mm in less than 24 h,1,hanze,HANZE v3.0.1b id 3107; end 2023-01-25; persons affected n/a
hanze-3108,2023-02-08T12:00:00Z,day,42.8,12.07,country,Italy (ITG12;ITG19),river flood — Heavy rainfall up to 292 mm in 24 h (540 mm total in less than 48 h),0,hanze,HANZE v3.0.1b id 3108; end 2023-02-10; persons affected n/a
hanze-3109,2023-04-03T12:00:00Z,day,42.8,12.07,country,Italy (ITF61;ITF62),flash flood — Extreme rainfall up to 100 mm in 12 h (118 mm of rain on 03 April),1,hanze,HANZE v3.0.1b id 3109; end 2023-04-03; persons affected n/a
hanze-3110,2023-05-01T12:00:00Z,day,42.8,12.07,country,Italy (ITH54;ITH55;ITH57;ITH58),river flood — Heavy rainfall up to 206 mm in 24 h (274 mm total in less than 48 h),2,hanze,HANZE v3.0.1b id 3110; end 2023-05-03; persons affected 1700
hanze-3111,2023-05-02T12:00:00Z,day,42.8,12.07,country,Italy (ITG13),river flood — Heavy rainfall up to 205 mm in 24 h,0,hanze,HANZE v3.0.1b id 3111; end 2023-05-03; persons affected n/a
hanze-3112,2023-05-15T12:00:00Z,day,42.8,12.07,country,Italy (ITH54;ITH55;ITH57;ITH58;ITH59;ITI31),river flood — Heavy rainfall up to 94 mm in 24 (146 mm total in 48 h),15,hanze,HANZE v3.0.1b id 3112; end 2023-05-20; persons affected 36000
hanze-3113,2023-10-20T12:00:00Z,day,42.8,12.07,country,Italy (ITC31),flash flood — Extreme rainfall up to 154 mm in 24 h,1,hanze,HANZE v3.0.1b id 3113; end 2023-10-20; persons affected n/a
hanze-3114,2023-10-30T12:00:00Z,day,42.8,12.07,country,Italy (ITC42;ITC4C;ITC4D),flash flood — Extreme rainfall up to 31 mm in 1 h (45 mm in 7 h),0,hanze,HANZE v3.0.1b id 3114; end 2023-10-31; persons affected n/a
hanze-3115,2023-11-02T12:00:00Z,day,42.8,12.07,country,Italy (ITI14;ITI15;ITI16;ITI17;ITH33),flash flood — Extreme rainfall up to 200 mm in 4 h,9,hanze,HANZE v3.0.1b id 3115; end 2023-11-03; persons affected n/a
hanze-3116,2024-06-24T12:00:00Z,day,42.8,12.07,country,Italy (ITH52),flash flood — Extreme rainfall,1,hanze,HANZE v3.0.1b id 3116; end 2024-06-25; persons affected n/a
hanze-3117,2024-09-04T12:00:00Z,day,42.8,12.07,country,Italy (ITC11),river flood — Heavy rainfall up to 329 mm in 16 h,1,hanze,HANZE v3.0.1b id 3117; end 2024-09-05; persons affected n/a
hanze-3118,2024-09-17T12:00:00Z,day,42.8,12.07,country,Italy (ITI32;ITH55;ITH56;ITH57;ITH58;ITH59),river flood — Heavy rainfall up to 285 mm in 24 h,0,hanze,HANZE v3.0.1b id 3118; end 2024-09-19; persons affected 1300
hanze-3119,2024-09-17T12:00:00Z,day,42.8,12.07,country,Italy (ITF46),flash flood — Extreme rainfall up to 34 mm in 1 h,1,hanze,HANZE v3.0.1b id 3119; end 2024-09-17; persons affected n/a
hanze-3120,2024-09-23T12:00:00Z,day,42.8,12.07,country,Italy (ITI17),flash flood — Extreme rainfall up to 126 mm in 6 h,2,hanze,HANZE v3.0.1b id 3120; end 2024-09-23; persons affected n/a
hanze-3121,2024-10-16T12:00:00Z,day,42.8,12.07,country,Italy (ITC33;ITC32;ITI16;ITI19),river flood — Heavy rainfall up to 200 mm in 18 h,1,hanze,HANZE v3.0.1b id 3121; end 2024-10-18; persons affected n/a
hanze-3122,2024-10-19T12:00:00Z,day,42.8,12.07,country,Italy (ITH55;ITH53),river flood — Heavy rainfall in only six hours; more than 150 mm of rain fell,1,hanze,HANZE v3.0.1b id 3122; end 2024-10-20; persons affected 3100
hanze-3123,2024-10-26T12:00:00Z,day,42.8,12.07,country,Italy (ITG2G),flash flood — Extreme rainfall up to 209 mm in 6 h,1,hanze,HANZE v3.0.1b id 3123; end 2024-10-27; persons affected n/a
hanze-3192,2024-06-30T12:00:00Z,day,42.8,12.07,country,Italy (ITC20),flash flood — Extreme rainfall up to 47 mm in hal an hour,0,hanze,HANZE v3.0.1b id 3192; end 2024-06-30; persons affected n/a
hanze-3124,2025-03-14T12:00:00Z,day,42.8,12.07,country,Italy (ITI14;ITI17;ITH57),flash flood — Extreme rainfall up to 148 mm in 7 h,0,hanze,HANZE v3.0.1b id 3124; end 2025-03-14; persons affected 466
hanze-3125,2025-04-16T12:00:00Z,day,42.8,12.07,country,Italy (ITH32;ITC11;ITC12;ITC18),flash flood — Extreme rainfall up to 308 mm in 22 h,5,hanze,HANZE v3.0.1b id 3125; end 2025-04-17; persons affected 625
hanze-3193,2025-06-30T12:00:00Z,day,42.8,12.07,country,Italy (ITC11),flash flood — Extreme rainfall,1,hanze,HANZE v3.0.1b id 3193; end 2025-07-01; persons affected 61
hanze-3194,2025-08-19T12:00:00Z,day,42.8,12.07,country,Italy (ITG16),flash flood — Extreme rainfall,1,hanze,HANZE v3.0.1b id 3194; end 2025-08-20; persons affected n/a
hanze-3195,2025-09-22T12:00:00Z,day,42.8,12.07,country,Italy (ITC18),flash flood — Extreme rainfall up to 422 mm,1,hanze,HANZE v3.0.1b id 3195; end 2025-09-23; persons affected n/a
hanze-3196,2025-10-01T12:00:00Z,day,42.8,12.07,country,Italy (ITF44;ITG14),flash flood — Extreme rainfall up to 65 mm in 1 h (Sicily),2,hanze,HANZE v3.0.1b id 3196; end 2025-10-03; persons affected n/a
hanze-3197,2025-11-17T12:00:00Z,day,42.8,12.07,country,Italy (ITH43),flash flood — Extreme rainfall up to 286 mm in 12 h,0,hanze,HANZE v3.0.1b id 3197; end 2025-11-18; persons affected 300
hanze-2184,1938-05-12T12:00:00Z,day,42.57,20.87,country,Kosovo (XK005),flash flood — Extreme rainfall,2,hanze,HANZE v3.0.1b id 2184; end 1938-05-12; persons affected n/a
hanze-2185,1956-07-24T12:00:00Z,day,42.57,20.87,country,Kosovo (XK005),flash flood — Extreme rainfall,1,hanze,HANZE v3.0.1b id 2185; end 1956-07-24; persons affected n/a
hanze-2186,1961-05-12T12:00:00Z,day,42.57,20.87,country,Kosovo (XK001),river flood — Heavy rainfall,1,hanze,HANZE v3.0.1b id 2186; end 1961-05-21; persons affected n/a
hanze-2551,1965-05-14T12:00:00Z,day,42.57,20.87,country,Kosovo (XK002),river flood — Heavy rainfall,0,hanze,HANZE v3.0.1b id 2551; end 1965-05-16; persons affected 2000
hanze-2187,1979-11-17T12:00:00Z,day,42.57,20.87,country,Kosovo (XK001;XK002;XK003;XK005),river flood — Heavy rainfall,1,hanze,HANZE v3.0.1b id 2187; end 1979-11-20; persons affected 15000
hanze-2188,2002-04-03T12:00:00Z,day,42.57,20.87,country,Kosovo (XK002),flash flood — Extreme rainfall,0,hanze,HANZE v3.0.1b id 2188; end 2002-04-03; persons affected 80
hanze-2189,2003-01-01T12:00:00Z,day,42.57,20.87,country,Kosovo (XK003;XK005;XK006),river flood — Heavy rainfall,0,hanze,HANZE v3.0.1b id 2189; end 2003-02-15; persons affected 410
hanze-2190,2006-02-21T12:00:00Z,day,42.57,20.87,country,Kosovo (XK001;XK002;XK003;XK004;XK006;XK007),river flood — Heavy rainfall and snowmelt,0,hanze,HANZE v3.0.1b id 2190; end 2006-03-16; persons affected 6400
hanze-2191,2007-05-25T12:00:00Z,day,42.57,20.87,country,Kosovo (XK003;XK006),river flood — Heavy rainfall,0,hanze,HANZE v3.0.1b id 2191; end 2007-06-07; persons affected 740
hanze-2192,2007-11-25T12:00:00Z,day,42.57,20.87,country,Kosovo (XK001;XK002;XK005),flash flood — Extreme rainfall,0,hanze,HANZE v3.0.1b id 2192; end 2007-11-26; persons affected 3500
hanze-2193,2008-06-07T12:00:00Z,day,42.57,20.87,country,Kosovo (XK001),flash flood — Extreme rainfall,0,hanze,HANZE v3.0.1b id 2193; end 2008-06-07; persons affected 450
hanze-2826,2010-11-08T12:00:00Z,day,42.57,20.87,country,Kosovo (XK001;XK004;XK007),river flood — Heavy rainfall,2,hanze,HANZE v3.0.1b id 2826; end 2010-12-09; persons affected 3400
hanze-2194,2011-05-22T12:00:00Z,day,42.57,20.87,country,Kosovo (XK001),flash flood — Extreme rainfall,0,hanze,HANZE v3.0.1b id 2194; end 2011-05-22; persons affected 635
hanze-2195,2013-03-14T12:00:00Z,day,42.57,20.87,country,Kosovo (XK002;XK003;XK006;XK007),river flood — Heavy rainfall,0,hanze,HANZE v3.0.1b id 2195; end 2013-03-16; persons affected 3800
hanze-2196,2014-04-18T12:00:00Z,day,42.57,20.87,country,Kosovo (XK001;XK002;XK004;XK005;XK006),river flood — Heavy rainfall,0,hanze,HANZE v3.0.1b id 2196; end 2014-04-28; persons affected 2540
hanze-2197,2014-09-29T12:00:00Z,day,42.57,20.87,country,Kosovo (XK003),flash flood — Extreme rainfall,0,hanze,HANZE v3.0.1b id 2197; end 2014-09-29; persons affected 1000
hanze-2198,2015-02-05T12:00:00Z,day,42.57,20.87,country,Kosovo (XK001;XK002;XK005),flash flood — Extreme rainfall,0,hanze,HANZE v3.0.1b id 2198; end 2015-02-06; persons affected 570
hanze-2199,2016-11-07T12:00:00Z,day,42.57,20.87,country,Kosovo (XK001;XK002;XK004;XK007),river flood — Heavy rainfall for several days; up to 165 mm in 24 h,1,hanze,HANZE v3.0.1b id 2199; end 2016-11-11; persons affected 1655
hanze-3169,2023-01-17T12:00:00Z,day,42.57,20.87,country,Kosovo (XK002;XK003;XK007),river flood — Heavy rainfall,0,hanze,HANZE v3.0.1b id 3169; end 2023-01-22; persons affected 3420
hanze-3170,2023-06-24T12:00:00Z,day,42.57,20.87,country,Kosovo (XK003),flash flood — Extreme rainfall up to 55 mm in 1 h,2,hanze,HANZE v3.0.1b id 3170; end 2023-06-24; persons affected n/a
hanze-2503,1931-04-23T12:00:00Z,day,56.86,24.91,country,Latvia (LV009),river flood — Snowmelt and ice jam,0,hanze,HANZE v3.0.1b id 2503; end 1931-05-02; persons affected 1080
hanze-1002,1981-03-31T12:00:00Z,day,56.86,24.91,country,Latvia (LV009),river flood — Snowmelt,0,hanze,HANZE v3.0.1b id 1002; end 1981-03-31; persons affected 2840
hanze-2396,2005-01-09T12:00:00Z,day,56.86,24.91,country,Latvia (LV00A;LV00B),coastal flood — Storm surge up to 1.6 m,0,hanze,HANZE v3.0.1b id 2396; end 2005-01-10; persons affected 400
hanze-2397,2013-04-15T12:00:00Z,day,56.86,24.91,country,Latvia (LV00C;LV005;LV009),river flood — Snowmelt and ice jam,0,hanze,HANZE v3.0.1b id 2397; end 2013-04-29; persons affected 720
hanze-2911,2017-08-23T12:00:00Z,day,56.86,24.91,country,Latvia (LV00C;LV005;LV009),river flood — Heavy rainfall (several waves),0,hanze,HANZE v3.0.1b id 2911; end 2017-10-09; persons affected n/a
hanze-3128,2023-03-30T12:00:00Z,day,56.86,24.91,country,Latvia (LV005),river flood — Heavy rainfall and snowmelt,0,hanze,HANZE v3.0.1b id 3128; end 2023-04-02; persons affected 200
hanze-1003,1927-09-24T12:00:00Z,day,47.14,9.55,country,Liechtenstein (LI000),flash flood — Extreme rainfall,0,hanze,HANZE v3.0.1b id 1003; end 1927-09-25; persons affected 850
hanze-6025,1999-05-23T12:00:00Z,day,47.14,9.55,country,Liechtenstein (LI000),flash flood — Extreme rainfall,0,hanze,HANZE v3.0.1b id 6025; end 1999-05-24; persons affected 400
hanze-2722,1926-03-06T12:00:00Z,day,55.33,23.89,country,Lithuania (LT022),river flood — Ice jam,0,hanze,HANZE v3.0.1b id 2722; end 1926-03-11; persons affected 2800
hanze-1004,1958-04-12T12:00:00Z,day,55.33,23.89,country,Lithuania (LT011;LT021;LT022;LT023;LT024;LT027),river flood — Snowmelt,0,hanze,HANZE v3.0.1b id 1004; end 1958-05-15; persons affected n/a
hanze-2364,1979-03-20T12:00:00Z,day,55.33,23.89,country,Lithuania (LT021;LT022;LT024;LT027),river flood — Snowmelt,0,hanze,HANZE v3.0.1b id 2364; end 1979-04-24; persons affected n/a
hanze-2365,1994-03-08T12:00:00Z,day,55.33,23.89,country,Lithuania (LT023),river flood — Snowmelt,0,hanze,HANZE v3.0.1b id 2365; end 1994-04-25; persons affected n/a
hanze-1005,2002-01-27T12:00:00Z,day,55.33,23.89,country,Lithuania (LT023),river flood — Snowmelt,0,hanze,HANZE v3.0.1b id 1005; end 2002-02-02; persons affected 422
hanze-1006,2005-08-08T12:00:00Z,day,55.33,23.89,country,Lithuania (LT011),river flood — Heavy rainfall,0,hanze,HANZE v3.0.1b id 1006; end 2005-08-10; persons affected n/a
hanze-2200,2010-03-03T12:00:00Z,day,55.33,23.89,country,Lithuania (LT022;LT023;LT025;LT026;LT027),river flood — Heavy rainfall; snowmelt and ice jams,0,hanze,HANZE v3.0.1b id 2200; end 2010-04-26; persons affected 2000
hanze-2912,2017-09-16T12:00:00Z,day,55.33,23.89,country,Lithuania (LT023;LT025),river flood — Heavy rainfall up to 53 mm in 24 h,0,hanze,HANZE v3.0.1b id 2912; end 2017-09-20; persons affected n/a
hanze-3126,2022-01-09T12:00:00Z,day,55.33,23.89,country,Lithuania (LT023),river flood — Snowmelt and ice jam,0,hanze,HANZE v3.0.1b id 3126; end 2022-01-11; persons affected 360
hanze-1007,1993-12-20T12:00:00Z,day,49.77,6.07,country,Luxembourg (LU000),river flood — Heavy rainfall and snowmelt,0,hanze,HANZE v3.0.1b id 1007; end 1993-12-31; persons affected n/a
hanze-1008,1995-01-22T12:00:00Z,day,49.77,6.07,country,Luxembourg (LU000),river flood — Heavy rainfall and snowmelt,0,hanze,HANZE v3.0.1b id 1008; end 1995-02-02; persons affected n/a
hanze-6033,2009-01-24T12:00:00Z,day,49.77,6.07,country,Luxembourg (LU000),river flood — Heavy rainfall,3,hanze,HANZE v3.0.1b id 6033; end 2009-01-25; persons affected n/a
hanze-6034,2011-01-06T12:00:00Z,day,49.77,6.07,country,Luxembourg (LU000),river flood — Heavy rainfall,1,hanze,HANZE v3.0.1b id 6034; end 2011-01-07; persons affected n/a
hanze-2201,2016-07-22T12:00:00Z,day,49.77,6.07,country,Luxembourg (LU000),flash flood — Extreme rainfall up to 100 mm in 1 h,0,hanze,HANZE v3.0.1b id 2201; end 2016-07-22; persons affected n/a
hanze-2202,2018-06-01T12:00:00Z,day,49.77,6.07,country,Luxembourg (LU000),flash flood — Extreme rainfall up to 80 mm in 1 h,0,hanze,HANZE v3.0.1b id 2202; end 2018-06-01; persons affected n/a
hanze-3127,2021-07-14T12:00:00Z,day,49.77,6.07,country,Luxembourg (LU000),river flood — Heavy rainfall up to 106 mm in 24 h,0,hanze,HANZE v3.0.1b id 3127; end 2021-07-17; persons affected 1000
hanze-2367,1913-10-16T12:00:00Z,day,35.94,14.38,country,Malta (MT001),flash flood — Extreme rainfall up to 290 mm,2,hanze,HANZE v3.0.1b id 2367; end 1913-10-16; persons affected n/a
hanze-2368,1951-10-04T12:00:00Z,day,35.94,14.38,country,Malta (MT001),flash flood — Extreme rainfall up to 71 mm in 1 h,1,hanze,HANZE v3.0.1b id 2368; end 1951-10-05; persons affected n/a
hanze-2369,1951-10-17T12:00:00Z,day,35.94,14.38,country,Malta (MT001;MT002),flash flood — Extreme rainfall up to 127 mm in 24 h,0,hanze,HANZE v3.0.1b id 2369; end 1951-10-17; persons affected 480
hanze-2370,1957-10-13T12:00:00Z,day,35.94,14.38,country,Malta (MT001),flash flood — Extreme rainfall up to 152 mm,1,hanze,HANZE v3.0.1b id 2370; end 1957-10-13; persons affected n/a
hanze-2371,1969-09-22T12:00:00Z,day,35.94,14.38,country,Malta (MT001),flash flood — Extreme rainfall up to 179 mm,1,hanze,HANZE v3.0.1b id 2371; end 1969-09-24; persons affected n/a
hanze-1009,1979-10-25T12:00:00Z,day,35.94,14.38,country,Malta (MT001;MT002),flash flood — Extreme rainfall up to 68 mm in 4 h,4,hanze,HANZE v3.0.1b id 1009; end 1979-10-25; persons affected n/a
hanze-1010,1995-09-27T12:00:00Z,day,35.94,14.38,country,Malta (MT001),flash flood — Extreme rainfall up to 123 mm in 24 h,2,hanze,HANZE v3.0.1b id 1010; end 1995-09-27; persons affected n/a
hanze-1011,1998-01-25T12:00:00Z,day,35.94,14.38,country,Malta (MT001),flash flood — Extreme rainfall,1,hanze,HANZE v3.0.1b id 1011; end 1998-01-25; persons affected n/a
hanze-1012,2003-09-15T12:00:00Z,day,35.94,14.38,country,Malta (MT001;MT002),flash flood — Extreme rainfall up to 216 mm in 24 h,0,hanze,HANZE v3.0.1b id 1012; end 2003-09-15; persons affected n/a
hanze-2203,1979-11-17T12:00:00Z,day,42.79,19.24,country,Montenegro (ME000),river flood — Heavy rainfall,16,hanze,HANZE v3.0.1b id 2203; end 1979-11-20; persons affected 12000
hanze-2073,1986-02-16T12:00:00Z,day,42.79,19.24,country,Montenegro (ME000),river flood — Heavy rainfall and snowmelt,0,hanze,HANZE v3.0.1b id 2073; end 1986-02-18; persons affected 4000
hanze-2204,1992-10-05T12:00:00Z,day,42.79,19.24,country,Montenegro (ME000),river flood — Heavy rainfall (two waves) up to 158 mm in 24 h,6,hanze,HANZE v3.0.1b id 2204; end 1992-10-19; persons affected 6140
hanze-2205,2000-12-28T12:00:00Z,day,42.79,19.24,country,Montenegro (ME000),river flood — Heavy rainfall,0,hanze,HANZE v3.0.1b id 2205; end 2000-12-30; persons affected 2000
hanze-2206,2007-11-25T12:00:00Z,day,42.79,19.24,country,Montenegro (ME000),flash flood — Extreme rainfall,0,hanze,HANZE v3.0.1b id 2206; end 2007-11-26; persons affected 1086
hanze-2207,2009-12-25T12:00:00Z,day,42.79,19.24,country,Montenegro (ME000),river flood — Heavy rainfall,0,hanze,HANZE v3.0.1b id 2207; end 2010-01-10; persons affected 1100
hanze-2208,2010-11-12T12:00:00Z,day,42.79,19.24,country,Montenegro (ME000),river flood — Heavy rainfall,0,hanze,HANZE v3.0.1b id 2208; end 2010-11-16; persons affected 1350
hanze-2209,2010-12-01T12:00:00Z,day,42.79,19.24,country,Montenegro (ME000),river flood — Heavy rainfall up to 200 mm in 3 days,0,hanze,HANZE v3.0.1b id 2209; end 2010-12-03; persons affected 6630
hanze-2210,2016-11-07T12:00:00Z,day,42.79,19.24,country,Montenegro (ME000),river flood — Heavy rainfall up to 72 mm in 24 h,0,hanze,HANZE v3.0.1b id 2210; end 2016-11-09; persons affected 400
hanze-3129,2022-11-19T12:00:00Z,day,42.79,19.24,country,Montenegro (ME000),flash flood — Extreme rainfall up to 185 mm in 24 h,3,hanze,HANZE v3.0.1b id 3129; end 2022-11-20; persons affected n/a
hanze-2211,1874-03-22T12:00:00Z,day,52.15,5.39,country,Netherlands (NL115),coastal flood — Storm surge,13,hanze,HANZE v3.0.1b id 2211; end 1874-03-22; persons affected n/a
hanze-1013,1877-01-30T12:00:00Z,day,52.15,5.39,country,Netherlands (NL114;NL115),coastal flood — Storm surge,51,hanze,HANZE v3.0.1b id 1013; end 1877-01-31; persons affected n/a
hanze-2212,1880-12-29T12:00:00Z,day,52.15,5.39,country,Netherlands (NL415;NL416),river flood — Ice jam,2,hanze,HANZE v3.0.1b id 2212; end 1880-12-31; persons affected n/a
hanze-1014,1906-03-12T12:00:00Z,day,52.15,5.39,country,Netherlands (NL341),coastal flood — Storm surge due to northerly winds; force 8-9,0,hanze,HANZE v3.0.1b id 1014; end 1906-03-12; persons affected n/a
hanze-1015,1916-01-13T12:00:00Z,day,52.15,5.39,country,Netherlands (NL211;NL221;NL230;NL350;NL321;NL32B),coastal flood — Storm surge,15,hanze,HANZE v3.0.1b id 1015; end 1916-01-14; persons affected n/a
hanze-1016,1926-01-01T12:00:00Z,day,52.15,5.39,country,Netherlands (NL224;NL226),river flood — Heavy rainfall throughout December 1925 (up to 328 mm); snowmelt,0,hanze,HANZE v3.0.1b id 1016; end 1926-01-04; persons affected 5700
hanze-1017,1953-01-31T12:00:00Z,day,52.15,5.39,country,Netherlands (NL364;NL366;NL341;NL342;NL411),coastal flood — Storm surge up to 3 m,1835,hanze,HANZE v3.0.1b id 1017; end 1953-02-01; persons affected 188000
hanze-1018,1992-08-12T12:00:00Z,day,52.15,5.39,country,Netherlands (NL115),river flood — Heavy rainfall,0,hanze,HANZE v3.0.1b id 1018; end 1992-08-12; persons affected n/a
hanze-1019,1993-12-21T12:00:00Z,day,52.15,5.39,country,Netherlands (NL226;NL421;NL422;NL423),river flood — Heavy rainfall and snowmelt,1,hanze,HANZE v3.0.1b id 1019; end 1993-12-31; persons affected 13000
hanze-1020,1995-01-26T12:00:00Z,day,52.15,5.39,country,Netherlands (NL226;NL421;NL422;NL423),river flood — Heavy rainfall and snowmelt,1,hanze,HANZE v3.0.1b id 1020; end 1995-02-05; persons affected 200000
hanze-1021,1998-09-13T12:00:00Z,day,52.15,5.39,country,Netherlands (NL361;NL362;NL366;NL411),flash flood — Extreme rainfall up to 134 mm in 24 h,0,hanze,HANZE v3.0.1b id 1021; end 1998-09-14; persons affected 2000
hanze-3130,2021-07-13T12:00:00Z,day,52.15,5.39,country,Netherlands (NL421;NL422;NL423),river flood — Heavy rainfall up to 182 mm in 48 h,0,hanze,HANZE v3.0.1b id 3130; end 2021-07-17; persons affected 50000
hanze-2213,1929-08-23T12:00:00Z,day,41.6,21.7,country,North Macedonia (MK008),flash flood — Extreme rainfall,0,hanze,HANZE v3.0.1b id 2213; end 1929-08-23; persons affected 3600
hanze-2214,1962-11-16T12:00:00Z,day,41.6,21.7,country,North Macedonia (MK003;MK005;MK006;MK008),flash flood — Extreme rainfall,4,hanze,HANZE v3.0.1b id 2214; end 1962-11-16; persons affected 6800
hanze-2215,1979-11-15T12:00:00Z,day,41.6,21.7,country,North Macedonia (MK006;MK008),river flood — Heavy rainfall,16,hanze,HANZE v3.0.1b id 2215; end 1979-11-21; persons affected 40000
hanze-2906,1995-07-06T12:00:00Z,day,41.6,21.7,country,North Macedonia (MK001),flash flood — Extreme rainfall (4 hours),0,hanze,HANZE v3.0.1b id 2906; end 1995-07-06; persons affected 2000
hanze-2216,2002-12-04T12:00:00Z,day,41.6,21.7,country,North Macedonia (MK008),river flood — Heavy rainfall,0,hanze,HANZE v3.0.1b id 2216; end 2002-12-10; persons affected 2000
hanze-2217,2003-01-08T12:00:00Z,day,41.6,21.7,country,North Macedonia (MK001;MK007;MK008),river flood — Heavy rainfall,2,hanze,HANZE v3.0.1b id 2217; end 2003-01-10; persons affected 4000
hanze-2218,2003-11-30T12:00:00Z,day,41.6,21.7,country,North Macedonia (MK004),flash flood — Extreme rainfall,0,hanze,HANZE v3.0.1b id 2218; end 2003-12-01; persons affected 750
hanze-2219,2004-06-04T12:00:00Z,day,41.6,21.7,country,North Macedonia (MK002;MK004;MK006),river flood — Heavy rainfall,0,hanze,HANZE v3.0.1b id 2219; end 2004-06-07; persons affected 2840
hanze-2220,2005-08-04T12:00:00Z,day,41.6,21.7,country,North Macedonia (MK007),river flood — Heavy rainfall,0,hanze,HANZE v3.0.1b id 2220; end 2005-08-04; persons affected 2000
hanze-2221,2006-08-17T12:00:00Z,day,41.6,21.7,country,North Macedonia (MK001),river flood — Heavy rainfall,0,hanze,HANZE v3.0.1b id 2221; end 2006-08-17; persons affected 1500
hanze-2222,2009-12-25T12:00:00Z,day,41.6,21.7,country,North Macedonia (MK003),river flood — Heavy rainfall,0,hanze,HANZE v3.0.1b id 2222; end 2010-01-10; persons affected 230
hanze-2223,2010-02-25T12:00:00Z,day,41.6,21.7,country,North Macedonia (MK003),river flood — Heavy rainfall and snowmelt,0,hanze,HANZE v3.0.1b id 2223; end 2010-03-02; persons affected 2710
hanze-2224,2013-02-24T12:00:00Z,day,41.6,21.7,country,North Macedonia (MK001;MK002;MK003;MK004;MK007),river flood — Heavy rainfall,1,hanze,HANZE v3.0.1b id 2224; end 2013-02-26; persons affected 4864
hanze-2225,2015-01-31T12:00:00Z,day,41.6,21.7,country,North Macedonia (MK001;MK004;MK005;MK008),river flood — Heavy rainfall,0,hanze,HANZE v3.0.1b id 2225; end 2015-02-03; persons affected 2200
hanze-2226,2015-08-03T12:00:00Z,day,41.6,21.7,country,North Macedonia (MK006),flash flood — Extreme rainfall,6,hanze,HANZE v3.0.1b id 2226; end 2015-08-05; persons affected 5000
hanze-2227,2016-08-06T12:00:00Z,day,41.6,21.7,country,North Macedonia (MK006;MK008),flash flood — Extreme rainfall up to 93 mm in 24 h,22,hanze,HANZE v3.0.1b id 2227; end 2016-08-07; persons affected 35000
hanze-3198,2025-11-20T12:00:00Z,day,41.6,21.7,country,North Macedonia (MK005),river flood — Heavy rainfall up to 66 mm in 24 h,0,hanze,HANZE v3.0.1b id 3198; end 2025-11-22; persons affected 200
hanze-2228,1879-06-01T12:00:00Z,day,64.57,12.67,country,Norway (NO094),river flood — Heavy rainfall and snowmelt,0,hanze,HANZE v3.0.1b id 2228; end 1879-06-01; persons affected n/a
hanze-2229,1910-05-27T12:00:00Z,day,64.57,12.67,country,Norway (NO020;NO084),river flood — Heavy rainfall and snowmelt,0,hanze,HANZE v3.0.1b id 2229; end 1910-05-28; persons affected n/a
hanze-2230,1918-06-24T12:00:00Z,day,64.57,12.67,country,Norway (NO060),river flood — Heavy rainfall and snowmelt,0,hanze,HANZE v3.0.1b id 2230; end 1918-06-25; persons affected n/a
hanze-2231,1927-06-30T12:00:00Z,day,64.57,12.67,country,Norway (NO094),river flood — Heavy rainfall and snowmelt,0,hanze,HANZE v3.0.1b id 2231; end 1927-06-30; persons affected n/a
hanze-1022,1938-08-31T12:00:00Z,day,64.57,12.67,country,Norway (NO020;NO085;NO093;NO0A2),river flood — Heavy rainfall up to 156 mm in 3 days and snowmelt,0,hanze,HANZE v3.0.1b id 1022; end 1938-09-04; persons affected 300
hanze-2232,1967-05-25T12:00:00Z,day,64.57,12.67,country,Norway (NO020;NO083;NO084),river flood — Heavy rainfall and snowmelt,0,hanze,HANZE v3.0.1b id 2232; end 1967-05-31; persons affected 4800
hanze-2603,1971-11-02T12:00:00Z,day,64.57,12.67,country,Norway (NO0A2),river flood — Heavy rainfall and snowmelt,0,hanze,HANZE v3.0.1b id 2603; end 1971-11-03; persons affected 1000
hanze-2233,1979-08-14T12:00:00Z,day,64.57,12.67,country,Norway (NO0A2),river flood — Heavy rainfall and snowmelt,0,hanze,HANZE v3.0.1b id 2233; end 1979-08-15; persons affected 400
hanze-2670,1981-01-27T12:00:00Z,day,64.57,12.67,country,Norway (NO060;NO071;NO0A2),river flood — Snowmelt,0,hanze,HANZE v3.0.1b id 2670; end 1981-02-03; persons affected n/a
hanze-2671,1982-03-25T12:00:00Z,day,64.57,12.67,country,Norway (NO060;NO071),river flood — Snowmelt,0,hanze,HANZE v3.0.1b id 2671; end 1982-03-28; persons affected n/a
hanze-2672,1983-10-14T12:00:00Z,day,64.57,12.67,country,Norway (NO084;NO092;NO0A1;NO0A2),river flood — Heavy rainfall up to 1116 mm in 1 month,0,hanze,HANZE v3.0.1b id 2672; end 1983-11-01; persons affected n/a
hanze-2234,1987-10-16T12:00:00Z,day,64.57,12.67,country,Norway (NO020;NO081;NO083;NO084;NO085;NO092;NO093;NO094),compound river/coastal flood — Heavy rainfall (10-15 year return period) and storm surge (25-year return period),0,hanze,HANZE v3.0.1b id 2234; end 1987-10-19; persons affected n/a
hanze-2673,1988-09-01T12:00:00Z,day,64.57,12.67,country,Norway (NO020;NO084),river flood — Heavy rainfall,0,hanze,HANZE v3.0.1b id 2673; end 1988-09-05; persons affected n/a
hanze-2372,1990-02-25T12:00:00Z,day,64.57,12.67,country,Norway (NO083;NO093;NO094;NO0A2),coastal flood — Storm surge,0,hanze,HANZE v3.0.1b id 2372; end 1990-02-28; persons affected n/a
hanze-2723,1992-12-01T12:00:00Z,day,64.57,12.67,country,Norway (NO092;NO0A1),river flood — Heavy rainfall and snowmelt,0,hanze,HANZE v3.0.1b id 2723; end 1992-12-05; persons affected n/a
hanze-2373,1993-01-08T12:00:00Z,day,64.57,12.67,country,Norway (NO0A1;NO0A2;NO0A3),coastal flood — Storm surge,0,hanze,HANZE v3.0.1b id 2373; end 1993-01-18; persons affected n/a
hanze-2374,1994-12-08T12:00:00Z,day,64.57,12.67,country,Norway (NO0A1;NO0A2),coastal flood — Storm surge,0,hanze,HANZE v3.0.1b id 2374; end 1994-12-08; persons affected n/a
hanze-2724,1994-10-06T12:00:00Z,day,64.57,12.67,country,Norway (NO060),river flood — Heavy rainfall up to 63 mm in 24 h and snowmelt,0,hanze,HANZE v3.0.1b id 2724; end 1994-10-08; persons affected n/a
hanze-1023,1995-05-28T12:00:00Z,day,64.57,12.67,country,Norway (NO020;NO081;NO083;NO084),river flood — Heavy rainfall and snowmelt,1,hanze,HANZE v3.0.1b id 1023; end 1995-06-14; persons affected 7000
hanze-1024,2000-10-29T12:00:00Z,day,64.57,12.67,country,Norway (NO081;NO084;NO085;NO093;NO094),compound river/coastal flood — Heavy rainfall; snowmelt and storm surge,0,hanze,HANZE v3.0.1b id 1024; end 2000-11-03; persons affected 600
hanze-2827,2003-08-14T12:00:00Z,day,64.57,12.67,country,Norway (NO060;NO0A3),river flood — Heavy rainfall,0,hanze,HANZE v3.0.1b id 2827; end 2003-08-16; persons affected n/a
hanze-2375,2005-01-08T12:00:00Z,day,64.57,12.67,country,Norway (NO0A1;NO0A2),coastal flood — Storm surge,0,hanze,HANZE v3.0.1b id 2375; end 2005-01-13; persons affected n/a
hanze-2828,2005-09-13T12:00:00Z,day,64.57,12.67,country,Norway (NO0A1;NO0A2),river flood — Heavy rainfall,0,hanze,HANZE v3.0.1b id 2828; end 2005-09-15; persons affected n/a
hanze-2829,2005-11-14T12:00:00Z,day,64.57,12.67,country,Norway (NO0A1;NO0A2),river flood — Heavy rainfall,0,hanze,HANZE v3.0.1b id 2829; end 2005-11-16; persons affected n/a
hanze-1026,2006-01-30T12:00:00Z,day,64.57,12.67,country,Norway (NO060),river flood — Heavy rainfall and snowmelt,1,hanze,HANZE v3.0.1b id 1026; end 2006-02-04; persons affected 200
hanze-2376,2006-01-11T12:00:00Z,day,64.57,12.67,country,Norway (NO071),coastal flood — Storm surge,0,hanze,HANZE v3.0.1b id 2376; end 2006-01-12; persons affected n/a
hanze-2830,2007-07-03T12:00:00Z,day,64.57,12.67,country,Norway (NO085),river flood — Heavy rainfall,0,hanze,HANZE v3.0.1b id 2830; end 2007-07-10; persons affected n/a
hanze-1027,2011-06-08T12:00:00Z,day,64.57,12.67,country,Norway (NO020),river flood — Heavy rainfall and snowmelt,0,hanze,HANZE v3.0.1b id 1027; end 2011-06-28; persons affected n/a
hanze-2377,2011-11-24T12:00:00Z,day,64.57,12.67,country,Norway (NO060;NO071;NO072),coastal flood — Storm surge,0,hanze,HANZE v3.0.1b id 2377; end 2011-11-30; persons affected n/a
hanze-2378,2011-12-25T12:00:00Z,day,64.57,12.67,country,Norway (NO060;NO0A2;NO0A3),coastal flood — Storm surge,0,hanze,HANZE v3.0.1b id 2378; end 2011-12-29; persons affected n/a
hanze-2831,2011-08-15T12:00:00Z,day,64.57,12.67,country,Norway (NO020;NO060;NO084),river flood — Heavy rainfall,0,hanze,HANZE v3.0.1b id 2831; end 2011-08-17; persons affected n/a
hanze-2832,2012-08-06T12:00:00Z,day,64.57,12.67,country,Norway (NO085;NO093),river flood — Heavy rainfall,0,hanze,HANZE v3.0.1b id 2832; end 2012-08-08; persons affected n/a
hanze-1028,2013-05-22T12:00:00Z,day,64.57,12.67,country,Norway (NO020;NO084;NO085;NO094),river flood — Heavy rainfall and snowmelt,0,hanze,HANZE v3.0.1b id 1028; end 2013-05-28; persons affected 500
hanze-2235,2014-10-27T12:00:00Z,day,64.57,12.67,country,Norway (NO0A2),river flood — Heavy rainfall up to 68 mm in 24 h,0,hanze,HANZE v3.0.1b id 2235; end 2014-10-30; persons affected 300
hanze-2236,2015-12-04T12:00:00Z,day,64.57,12.67,country,Norway (NO0A2),river flood — Heavy rainfall up to 300 mm in 3 days,0,hanze,HANZE v3.0.1b id 2236; end 2015-12-06; persons affected 520
hanze-2379,2015-01-09T12:00:00Z,day,64.57,12.67,country,Norway (NO0A1;NO0A2),coastal flood — Storm surge,0,hanze,HANZE v3.0.1b id 2379; end 2015-01-11; persons affected n/a
hanze-2833,2015-09-01T12:00:00Z,day,64.57,12.67,country,Norway (NO084;NO085;NO093;NO094),flash flood — Extreme rainfall up to 97 mm in 24 h,0,hanze,HANZE v3.0.1b id 2833; end 2015-09-04; persons affected n/a
hanze-1029,2016-08-06T12:00:00Z,day,64.57,12.67,country,Norway (NO081;NO084;NO085),flash flood — Extreme rainfall,0,hanze,HANZE v3.0.1b id 1029; end 2016-08-07; persons affected n/a
hanze-2834,2017-09-29T12:00:00Z,day,64.57,12.67,country,Norway (NO092;NO094;NO0A1),river flood — Heavy rainfall up to 280 mm in 3 days,0,hanze,HANZE v3.0.1b id 2834; end 2017-10-04; persons affected n/a
hanze-2835,2018-10-13T12:00:00Z,day,64.57,12.67,country,Norway (NO020;NO081;NO0A2),river flood — Heavy rainfall,0,hanze,HANZE v3.0.1b id 2835; end 2018-10-16; persons affected n/a
hanze-2237,2019-07-30T12:00:00Z,day,64.57,12.67,country,Norway (NO0A2),flash flood — Extreme rainfall up to 92 mm in 24 h,1,hanze,HANZE v3.0.1b id 2237; end 2019-07-30; persons affected 150
hanze-2380,2020-02-09T12:00:00Z,day,64.57,12.67,country,Norway (NO083;NO093;NO0A1;NO0A2),coastal flood — Storm surge,0,hanze,HANZE v3.0.1b id 2380; end 2020-02-18; persons affected n/a
hanze-3131,2022-01-12T12:00:00Z,day,64.57,12.67,country,Norway (NO0A3;NO060),river flood — Heavy rainfall,0,hanze,HANZE v3.0.1b id 3131; end 2022-01-14; persons affected 81
hanze-3132,2022-11-11T12:00:00Z,day,64.57,12.67,country,Norway (NO0A2),flash flood — Extreme rainfall,0,hanze,HANZE v3.0.1b id 3132; end 2022-11-12; persons affected n/a
hanze-3133,2023-09-07T12:00:00Z,day,64.57,12.67,country,Norway (NO020;NO081;NO084;NO085),river flood — Heavy rainfall up to 139 mm in 72 h,0,hanze,HANZE v3.0.1b id 3133; end 2023-09-10; persons affected 4600
hanze-3134,2024-07-22T12:00:00Z,day,64.57,12.67,country,Norway (NO094),flash flood — Extreme rainfall,0,hanze,HANZE v3.0.1b id 3134; end 2024-07-22; persons affected 350
hanze-3135,2024-09-03T12:00:00Z,day,64.57,12.67,country,Norway (NO085;NO094),river flood — Heavy rainfall,0,hanze,HANZE v3.0.1b id 3135; end 2024-09-05; persons affected n/a
hanze-3136,2024-10-31T12:00:00Z,day,64.57,12.67,country,Norway (NO060;NO0A2;NO0A3),river flood — Heavy rainfall,0,hanze,HANZE v3.0.1b id 3136; end 2024-11-02; persons affected 98
hanze-1030,1884-06-21T12:00:00Z,day,52.13,19.39,country,Poland (PL213;PL214;PL217;PL218;PL219;PL21A;PL225;PL722;PL824),river flood — Heavy rainfall,,hanze,HANZE v3.0.1b id 1030; end 1884-06-27; persons affected n/a
hanze-1031,1903-07-12T12:00:00Z,day,52.13,19.39,country,Poland (PL213;PL214;PL217;PL218;PL219;PL21A;PL721;PL722),river flood — Heavy rainfall 7-11 July up to 128 mm/day,,hanze,HANZE v3.0.1b id 1031; end 1903-07-14; persons affected 60000
hanze-2725,1908-07-16T12:00:00Z,day,52.13,19.39,country,Poland (PL225),flash flood — Extreme rainfall,21,hanze,HANZE v3.0.1b id 2725; end 1908-07-16; persons affected 180
hanze-2366,1931-04-22T12:00:00Z,day,52.13,19.39,country,Poland (LT011),river flood — Snowmelt,2,hanze,HANZE v3.0.1b id 2366; end 1931-04-26; persons affected 10000
hanze-1032,1934-07-16T12:00:00Z,day,52.13,19.39,country,Poland (PL214;PL217;PL218;PL219;PL815;PL821;PL824),river flood — Heavy rainfall 13-17 July up to 200 mm/day; 300 mm/2 days,55,hanze,HANZE v3.0.1b id 1032; end 1934-07-22; persons affected 88000
hanze-1033,1936-08-10T12:00:00Z,day,52.13,19.39,country,Poland (PL812),river flood — Heavy rainfall,3,hanze,HANZE v3.0.1b id 1033; end 1936-08-10; persons affected n/a
hanze-3137,1937-05-22T12:00:00Z,day,52.13,19.39,country,Poland (PL214;PL21A;PL722),flash flood — Extreme rainfall,31,hanze,HANZE v3.0.1b id 3137; end 1937-05-23; persons affected 1680
hanze-1034,1940-05-19T12:00:00Z,day,52.13,19.39,country,Poland (PL213),river flood — Heavy rainfall,0,hanze,HANZE v3.0.1b id 1034; end 1940-05-21; persons affected 4000
hanze-1035,1947-03-26T12:00:00Z,day,52.13,19.39,country,Poland (PL411;PL414;PL415;PL416;PL417;PL418;PL428;PL431;PL613;PL637;),river flood — Snowmelt and ice jam,70,hanze,HANZE v3.0.1b id 1035; end 1947-04-26; persons affected 150000
hanze-2346,1949-03-02T12:00:00Z,day,52.13,19.39,country,Poland (PL634),coastal flood — Storm surge up to 1.02 m,0,hanze,HANZE v3.0.1b id 2346; end 1949-03-02; persons affected n/a
hanze-1036,1958-06-22T12:00:00Z,day,52.13,19.39,country,Poland (PL214;PL217;PL218;PL219;PL21A;PL225;PL514;PL517;PL518;PL523),river flood — Heavy rainfall up to 250 mm,7,hanze,HANZE v3.0.1b id 1036; end 1958-07-10; persons affected n/a
hanze-1037,1960-07-07T12:00:00Z,day,52.13,19.39,country,Poland (PL214;PL217;PL218;PL219;PL21A;PL225;PL227;PL428;PL431;PL523;),river flood — Heavy rainfall up to 203 mm in 9 days,5,hanze,HANZE v3.0.1b id 1037; end 1960-08-08; persons affected 108000
hanze-1038,1962-06-01T12:00:00Z,day,52.13,19.39,country,Poland (PL432;PL524;PL613;PL616;PL618;PL619;PL638;PL721;PL722;PL815;),river flood — Heavy rainfall,0,hanze,HANZE v3.0.1b id 1038; end 1962-06-30; persons affected n/a
hanze-1039,1963-02-15T12:00:00Z,day,52.13,19.39,country,Poland (PL814;PL815),river flood — Snowmelt,1,hanze,HANZE v3.0.1b id 1039; end 1963-04-06; persons affected n/a
hanze-2549,1964-03-23T12:00:00Z,day,52.13,19.39,country,Poland (PL811;PL812;PL814;PL925),river flood — Snowmelt and ice jam,0,hanze,HANZE v3.0.1b id 2549; end 1964-04-30; persons affected n/a
hanze-1040,1965-03-20T12:00:00Z,day,52.13,19.39,country,Poland (PL414;PL415;PL417;PL418;PL424;PL431;PL714;PL812;PL822),river flood — Snowmelt,7,hanze,HANZE v3.0.1b id 1040; end 1965-03-29; persons affected n/a
hanze-1041,1970-07-15T12:00:00Z,day,52.13,19.39,country,Poland (PL213;PL214;PL217;PL218;PL219;PL21A;PL225;PL722),river flood — Heavy rainfall up to 255 mm in 5 days,11,hanze,HANZE v3.0.1b id 1041; end 1970-07-20; persons affected 92000
hanze-2604,1970-03-18T12:00:00Z,day,52.13,19.39,country,Poland (PL617;PL619;PL912;PL922;PL923;PL924;PL925),river flood — Snowmelt,0,hanze,HANZE v3.0.1b id 2604; end 1970-04-01; persons affected 8000
hanze-1042,1972-08-19T12:00:00Z,day,52.13,19.39,country,Poland (PL217;PL218;PL219;PL225;PL227;PL517;PL523;PL524),river flood — Heavy rainfall up to 412 mm in 3 days,0,hanze,HANZE v3.0.1b id 1042; end 1972-08-25; persons affected 8800
hanze-1043,1973-07-01T12:00:00Z,day,52.13,19.39,country,Poland (PL217;PL218;PL219;PL821;PL823;PL824),river flood — Heavy rainfall,0,hanze,HANZE v3.0.1b id 1043; end 1973-07-01; persons affected n/a
hanze-1044,1977-07-31T12:00:00Z,day,52.13,19.39,country,Poland (PL227;PL432;PL515;PL516;PL517;PL518;PL523;PL524),river flood — Heavy rainfall up to 340 mm in 3 days,1,hanze,HANZE v3.0.1b id 1044; end 1977-08-05; persons affected 60000
hanze-1045,1979-03-01T12:00:00Z,day,52.13,19.39,country,Poland (PL411;PL414;PL417;PL418;PL427;PL428;PL431;PL613;PL619;PL714;),river flood — Snowmelt and ice jam,3,hanze,HANZE v3.0.1b id 1045; end 1979-04-30; persons affected 71000
hanze-1046,1980-06-30T12:00:00Z,day,52.13,19.39,country,Poland (PL411;PL418;PL427;PL428;PL431;PL432;PL523;PL524;PL613;PL616;),river flood — Heavy rainfall spread over June and July,1,hanze,HANZE v3.0.1b id 1046; end 1980-08-05; persons affected 104000
hanze-1047,1982-01-07T12:00:00Z,day,52.13,19.39,country,Poland (PL619;PL923),river flood — Snowmelt and ice jam,0,hanze,HANZE v3.0.1b id 1047; end 1982-01-09; persons affected 16824
hanze-1048,1983-01-19T12:00:00Z,day,52.13,19.39,country,Poland (PL621;PL634),coastal flood — Storm surge up to 1.43 m above average,0,hanze,HANZE v3.0.1b id 1048; end 1983-01-20; persons affected 1800
hanze-1049,1985-08-06T12:00:00Z,day,52.13,19.39,country,Poland (PL225;PL227;PL228;PL229;PL722;PL416;PL431;PL516;PL518;PL523;),river flood — Heavy rainfall up to 283 mm in 5 days,0,hanze,HANZE v3.0.1b id 1049; end 1985-08-19; persons affected 22000
hanze-1050,1987-05-23T12:00:00Z,day,52.13,19.39,country,Poland (PL218;PL821;PL822;PL823),river flood — Heavy rainfall,0,hanze,HANZE v3.0.1b id 1050; end 1987-05-26; persons affected 6000
hanze-1051,1991-08-01T12:00:00Z,day,52.13,19.39,country,Poland (PL21A;PL225),river flood — Heavy rainfall up to 220 mm in 5 days,0,hanze,HANZE v3.0.1b id 1051; end 1991-08-06; persons affected n/a
hanze-1052,1995-09-15T12:00:00Z,day,52.13,19.39,country,Poland (PL214),river flood — Heavy rainfall,0,hanze,HANZE v3.0.1b id 1052; end 1995-09-15; persons affected n/a
hanze-2726,1996-04-09T12:00:00Z,day,52.13,19.39,country,Poland (PL841),river flood — Heavy rainfall,0,hanze,HANZE v3.0.1b id 2726; end 1996-04-12; persons affected n/a
hanze-1053,1997-07-03T12:00:00Z,day,52.13,19.39,country,Poland (PL213;PL214;PL217;PL218;PL219;PL21A;PL224;PL225;PL227;PL228;),river flood — Heavy rainfall (2 events); up to more than 500 mm in a month,56,hanze,HANZE v3.0.1b id 1053; end 1997-08-09; persons affected 224500
hanze-1054,1998-04-20T12:00:00Z,day,52.13,19.39,country,Poland (PL217;PL821;PL822;PL823),river flood — Heavy rainfall and snowmelt,0,hanze,HANZE v3.0.1b id 1054; end 1998-04-26; persons affected 1500
hanze-1055,1998-07-22T12:00:00Z,day,52.13,19.39,country,Poland (PL517),flash flood — Extreme rainfall up to 170 mm in 24 h,9,hanze,HANZE v3.0.1b id 1055; end 1998-07-27; persons affected 1200
hanze-1057,2001-07-09T12:00:00Z,day,52.13,19.39,country,Poland (PL214;PL217;PL218;PL219;PL21A;PL224;PL225;PL22B;PL22C;PL428;),river flood — Heavy rainfall up to 474 mm in 12 days; and 155 mm in 1 day,33,hanze,HANZE v3.0.1b id 1057; end 2001-08-05; persons affected 50000
hanze-2836,2002-08-31T12:00:00Z,day,52.13,19.39,country,Poland (PL517),flash flood — Extreme rainfall up to 170 mm,0,hanze,HANZE v3.0.1b id 2836; end 2002-09-01; persons affected 2000
hanze-1058,2003-03-11T12:00:00Z,day,52.13,19.39,country,Poland (PL812;PL815),river flood — Snowmelt,1,hanze,HANZE v3.0.1b id 1058; end 2003-03-17; persons affected n/a
hanze-1059,2003-07-18T12:00:00Z,day,52.13,19.39,country,Poland (PL821),flash flood — Extreme rainfall,5,hanze,HANZE v3.0.1b id 1059; end 2003-07-18; persons affected n/a
hanze-1060,2004-07-27T12:00:00Z,day,52.13,19.39,country,Poland (PL821;PL823),river flood — Heavy rainfall,1,hanze,HANZE v3.0.1b id 1060; end 2004-08-10; persons affected 600
hanze-1061,2005-03-17T12:00:00Z,day,52.13,19.39,country,Poland (PL713;PL814;PL515;PL517;PL621),river flood — Snowmelt,3,hanze,HANZE v3.0.1b id 1061; end 2005-04-08; persons affected 3600
hanze-2837,2005-08-24T12:00:00Z,day,52.13,19.39,country,Poland (PL21A),flash flood — Extreme rainfall,0,hanze,HANZE v3.0.1b id 2837; end 2005-08-25; persons affected n/a
hanze-1062,2006-06-04T12:00:00Z,day,52.13,19.39,country,Poland (PL217;PL218),river flood — Heavy rainfall,0,hanze,HANZE v3.0.1b id 1062; end 2006-06-06; persons affected 1300
hanze-2838,2006-03-27T12:00:00Z,day,52.13,19.39,country,Poland (PL217;PL21A;PL524;PL722;PL814;PL815),river flood — Heavy rainfall,1,hanze,HANZE v3.0.1b id 2838; end 2006-04-08; persons affected n/a
hanze-2839,2006-08-05T12:00:00Z,day,52.13,19.39,country,Poland (PL515;PL517),river flood — Heavy rainfall up to 204 mm in 24 h,1,hanze,HANZE v3.0.1b id 2839; end 2006-08-09; persons affected n/a
hanze-1063,2009-06-22T12:00:00Z,day,52.13,19.39,country,Poland (PL214;PL217;PL21A;PL515;PL517;PL523;PL814;PL823;PL824;PL842),river flood — Heavy rainfall,1,hanze,HANZE v3.0.1b id 1063; end 2009-06-29; persons affected n/a
hanze-1064,2009-10-14T12:00:00Z,day,52.13,19.39,country,Poland (PL424;PL426;PL427;PL621;PL634;PL636),compound river/coastal flood — Storm surge up to 1.1 m and heavy rainfall,0,hanze,HANZE v3.0.1b id 1064; end 2009-10-15; persons affected n/a
hanze-1065,2010-05-17T12:00:00Z,day,52.13,19.39,country,Poland (PL213;PL214;PL217;PL218;PL219;PL21A;PL224;PL225;PL227;PL228;),river flood — Heavy rainfall up to 400 mm in 4 days,25,hanze,HANZE v3.0.1b id 1065; end 2010-06-03; persons affected 280000
hanze-1066,2010-08-07T12:00:00Z,day,52.13,19.39,country,Poland (PL515),flash flood — Extreme rainfall up to 140 mm in 2 h,3,hanze,HANZE v3.0.1b id 1066; end 2010-08-08; persons affected 2400
hanze-2841,2016-05-28T12:00:00Z,day,52.13,19.39,country,Poland (PL225),flash flood — Extreme rainfall,1,hanze,HANZE v3.0.1b id 2841; end 2016-05-28; persons affected n/a
hanze-2238,2019-06-19T12:00:00Z,day,52.13,19.39,country,Poland (PL815),flash flood — Extreme rainfall up to 70 mm in 3 h,0,hanze,HANZE v3.0.1b id 2238; end 2019-06-19; persons affected 400
hanze-2239,2020-06-27T12:00:00Z,day,52.13,19.39,country,Poland (PL821;PL822;PL823),flash flood — Extreme rainfall up to 100 mm in 5 h,0,hanze,HANZE v3.0.1b id 2239; end 2020-06-29; persons affected 5200
hanze-3138,2021-07-17T12:00:00Z,day,52.13,19.39,country,Poland (PL923),flash flood — Extreme rainfall,0,hanze,HANZE v3.0.1b id 3138; end 2021-07-18; persons affected n/a
hanze-3139,2022-09-08T12:00:00Z,day,52.13,19.39,country,Poland (PL431),flash flood — Extreme rainfall up to 199 mm in 2 h,0,hanze,HANZE v3.0.1b id 3139; end 2022-09-08; persons affected n/a
hanze-3140,2023-07-17T12:00:00Z,day,52.13,19.39,country,Poland (PL219),flash flood — Extreme rainfall up to 45 mm in 1 h,0,hanze,HANZE v3.0.1b id 3140; end 2023-07-17; persons affected n/a
hanze-3141,2024-06-04T12:00:00Z,day,52.13,19.39,country,Poland (PL225),flash flood — Extreme rainfall up to 30 mm in 1 h,0,hanze,HANZE v3.0.1b id 3141; end 2024-06-04; persons affected n/a
hanze-3142,2024-09-13T12:00:00Z,day,52.13,19.39,country,Poland (PL227;PL22C;PL432;PL515;PL516;PL517;PL518;PL523;PL524),river flood — Heavy rainfall up to 219 mm in 24 h,9,hanze,HANZE v3.0.1b id 3142; end 2024-10-04; persons affected 42088
hanze-3199,2025-04-18T12:00:00Z,day,52.13,19.39,country,Poland (PL822),flash flood — Extreme rainfall up to 42 mm in 30 min,0,hanze,HANZE v3.0.1b id 3199; end 2025-04-18; persons affected 620
hanze-1067,1904-02-09T12:00:00Z,day,39.6,-8.5,country,Portugal (PT112;PT11A;PT191),flash flood — Extreme rainfall,30,hanze,HANZE v3.0.1b id 1067; end 1904-02-10; persons affected n/a
hanze-1068,1909-12-20T12:00:00Z,day,39.6,-8.5,country,Portugal (PT111;PT112;PT119;PT11A;PT11B;PT11C;PT11D;PT11E;PT1D1;PT192;),river flood — Heavy rainfall,34,hanze,HANZE v3.0.1b id 1068; end 1909-12-28; persons affected 1209
hanze-1069,1910-12-08T12:00:00Z,day,39.6,-8.5,country,Portugal (PT11A;PT1D3),flash flood — Extreme rainfall,2,hanze,HANZE v3.0.1b id 1069; end 1910-12-08; persons affected 210
hanze-1070,1912-02-08T12:00:00Z,day,39.6,-8.5,country,Portugal (PT1D2;PT1A0;PT1D3),flash flood — Extreme rainfall,14,hanze,HANZE v3.0.1b id 1070; end 1912-02-08; persons affected n/a
hanze-1071,1920-07-01T12:00:00Z,day,39.6,-8.5,country,Portugal (PT1C3),flash flood — Extreme rainfall,15,hanze,HANZE v3.0.1b id 1071; end 1920-07-01; persons affected n/a
hanze-1072,1936-02-15T12:00:00Z,day,39.6,-8.5,country,Portugal (PT11A;PT11C;PT11D;PT192;PT193;PT194;PT195;PT1D2;PT1A0;PT1C2;),river flood — Heavy rainfall,10,hanze,HANZE v3.0.1b id 1072; end 1936-02-25; persons affected n/a
hanze-1073,1937-01-25T12:00:00Z,day,39.6,-8.5,country,Portugal (PT191;PT192;PT194;PT1A0;PT1B0;PT1D2),river flood — Heavy rainfall,6,hanze,HANZE v3.0.1b id 1073; end 1937-01-28; persons affected 203
hanze-1074,1937-11-20T12:00:00Z,day,39.6,-8.5,country,Portugal (PT1A0),flash flood — Extreme rainfall,1,hanze,HANZE v3.0.1b id 1074; end 1937-11-20; persons affected 315
hanze-1075,1939-01-15T12:00:00Z,day,39.6,-8.5,country,Portugal (PT111;PT112;PT11A;PT11C;PT11D;PT11E;PT191;PT193;PT1C2),river flood — Heavy rainfall,9,hanze,HANZE v3.0.1b id 1075; end 1939-01-19; persons affected n/a
hanze-1076,1940-01-02T12:00:00Z,day,39.6,-8.5,country,Portugal (PT11D;PT11E;PT1D2;PT1A0;PT1C1;PT1D3;PT1C4),river flood — Heavy rainfall,7,hanze,HANZE v3.0.1b id 1076; end 1940-01-06; persons affected 1088
hanze-1077,1941-01-23T12:00:00Z,day,39.6,-8.5,country,Portugal (PT1D1;PT1D2;PT1A0;PT1D3;PT1C3),river flood — Heavy rainfall,3,hanze,HANZE v3.0.1b id 1077; end 1941-01-27; persons affected 422
hanze-1078,1941-02-15T12:00:00Z,day,39.6,-8.5,country,Portugal (PT1A0;PT1B0),coastal flood — Storm surge; with winds up to 150 km/h,33,hanze,HANZE v3.0.1b id 1078; end 1941-02-16; persons affected 142
hanze-1080,1945-11-18T12:00:00Z,day,39.6,-8.5,country,Portugal (PT1A0;PT1B0),flash flood — Extreme rainfall,2,hanze,HANZE v3.0.1b id 1080; end 1945-11-18; persons affected 705
hanze-1081,1945-12-18T12:00:00Z,day,39.6,-8.5,country,Portugal (PT11A;PT11C;PT11D;PT1D1;PT192;PT196;PT1A0;PT1C2),river flood — Heavy rainfall,9,hanze,HANZE v3.0.1b id 1081; end 1945-12-22; persons affected 481
hanze-1082,1947-02-17T12:00:00Z,day,39.6,-8.5,country,Portugal (PT111;PT192;PT1D2;PT196;PT1A0;PT1D3;PT1C4),river flood — Heavy rainfall,6,hanze,HANZE v3.0.1b id 1082; end 1947-02-24; persons affected 257
hanze-1083,1947-03-04T12:00:00Z,day,39.6,-8.5,country,Portugal (PT11C;PT11D;PT1A0;PT1C2;PT1D3;PT1C4),river flood — Heavy rainfall,2,hanze,HANZE v3.0.1b id 1083; end 1947-03-08; persons affected 118
hanze-1084,1948-01-27T12:00:00Z,day,39.6,-8.5,country,Portugal (PT112;PT11A;PT11D;PT192;PT193;PT194;PT196),river flood — Heavy rainfall,9,hanze,HANZE v3.0.1b id 1084; end 1948-01-29; persons affected 401
hanze-1085,1952-03-31T12:00:00Z,day,39.6,-8.5,country,Portugal (PT196;PT1A0),flash flood — Extreme rainfall,11,hanze,HANZE v3.0.1b id 1085; end 1952-03-31; persons affected n/a
hanze-1086,1953-12-16T12:00:00Z,day,39.6,-8.5,country,Portugal (PT150;PT1D1;PT1A0),river flood — Heavy rainfall,3,hanze,HANZE v3.0.1b id 1086; end 1953-12-18; persons affected 164
hanze-1087,1955-12-17T12:00:00Z,day,39.6,-8.5,country,Portugal (PT1D2),river flood — Heavy rainfall,0,hanze,HANZE v3.0.1b id 1087; end 1955-12-19; persons affected 2007
hanze-1089,1961-12-30T12:00:00Z,day,39.6,-8.5,country,Portugal (PT11A;PT11C;PT11D;PT11E;PT192;PT1D2;PT196;PT1A0),river flood — Heavy rainfall,0,hanze,HANZE v3.0.1b id 1089; end 1962-01-03; persons affected 3348
hanze-1090,1962-02-04T12:00:00Z,day,39.6,-8.5,country,Portugal (PT196),flash flood — Extreme rainfall,0,hanze,HANZE v3.0.1b id 1090; end 1962-02-04; persons affected 200
hanze-1091,1963-11-12T12:00:00Z,day,39.6,-8.5,country,Portugal (PT11A;PT11D;PT192;PT194;PT196),river flood — Heavy rainfall,4,hanze,HANZE v3.0.1b id 1091; end 1963-11-16; persons affected 304
hanze-1092,1966-01-14T12:00:00Z,day,39.6,-8.5,country,Portugal (PT1A0),flash flood — Extreme rainfall,0,hanze,HANZE v3.0.1b id 1092; end 1966-01-15; persons affected 332
hanze-1093,1966-01-20T12:00:00Z,day,39.6,-8.5,country,Portugal (PT11A;PT11D;PT192),river flood — Heavy rainfall,3,hanze,HANZE v3.0.1b id 1093; end 1966-01-24; persons affected 141
hanze-1094,1966-02-12T12:00:00Z,day,39.6,-8.5,country,Portugal (PT111;PT112;PT11A;PT11B;PT11D;PT11E;PT1D1;PT191;PT192;PT193;),river flood — Heavy rainfall,5,hanze,HANZE v3.0.1b id 1094; end 1966-02-24; persons affected 2195
hanze-1096,1967-11-25T12:00:00Z,day,39.6,-8.5,country,Portugal (PT11D;PT1A0;PT1B0;PT1D3),flash flood — Extreme rainfall up to 130 mm in 6 h,522,hanze,HANZE v3.0.1b id 1096; end 1967-11-26; persons affected 2042
hanze-1097,1969-03-12T12:00:00Z,day,39.6,-8.5,country,Portugal (PT11A;PT11D;PT192;PT194;PT1D3),river flood — Heavy rainfall,3,hanze,HANZE v3.0.1b id 1097; end 1969-03-18; persons affected 822
hanze-1098,1972-02-03T12:00:00Z,day,39.6,-8.5,country,Portugal (PT1D3),flash flood — Extreme rainfall,0,hanze,HANZE v3.0.1b id 1098; end 1972-02-03; persons affected 235
hanze-1099,1978-02-26T12:00:00Z,day,39.6,-8.5,country,Portugal (PT11A;PT11B;PT11D;PT1D2;PT1D3),river flood — Heavy rainfall,0,hanze,HANZE v3.0.1b id 1099; end 1978-03-04; persons affected 4996
hanze-1100,1979-02-07T12:00:00Z,day,39.6,-8.5,country,Portugal (PT11A;PT11D;PT192;PT195;PT1D2;PT196;PT1A0;PT1D3),river flood — Heavy rainfall,8,hanze,HANZE v3.0.1b id 1100; end 1979-02-16; persons affected 18473
hanze-1101,1983-11-18T12:00:00Z,day,39.6,-8.5,country,Portugal (PT1D1;PT1A0;PT1B0;PT1D3),river flood — Heavy rainfall,18,hanze,HANZE v3.0.1b id 1101; end 1983-11-21; persons affected 3671
hanze-1103,1988-11-25T12:00:00Z,day,39.6,-8.5,country,Portugal (PT150),flash flood — Extreme rainfall,0,hanze,HANZE v3.0.1b id 1103; end 1988-11-26; persons affected 417
hanze-1104,1989-12-17T12:00:00Z,day,39.6,-8.5,country,Portugal (PT11A;PT11D;PT193;PT1B0),river flood — Heavy rainfall,2,hanze,HANZE v3.0.1b id 1104; end 1989-12-22; persons affected 2114
hanze-1105,1989-12-26T12:00:00Z,day,39.6,-8.5,country,Portugal (PT195;PT1D3),flash flood — Extreme rainfall,0,hanze,HANZE v3.0.1b id 1105; end 1989-12-26; persons affected 187
hanze-1106,1990-12-04T12:00:00Z,day,39.6,-8.5,country,Portugal (PT150),flash flood — Extreme rainfall,0,hanze,HANZE v3.0.1b id 1106; end 1990-12-05; persons affected 735
hanze-2728,1994-01-07T12:00:00Z,day,39.6,-8.5,country,Portugal (PT191),flash flood — Extreme rainfall,1,hanze,HANZE v3.0.1b id 2728; end 1994-01-07; persons affected n/a
hanze-2729,1994-02-27T12:00:00Z,day,39.6,-8.5,country,Portugal (PT196),flash flood — Extreme rainfall,1,hanze,HANZE v3.0.1b id 2729; end 1994-02-27; persons affected n/a
hanze-2730,1994-12-02T12:00:00Z,day,39.6,-8.5,country,Portugal (PT150),flash flood — Extreme rainfall,2,hanze,HANZE v3.0.1b id 2730; end 1994-12-02; persons affected n/a
hanze-1107,1996-01-03T12:00:00Z,day,39.6,-8.5,country,Portugal (PT11A;PT11B;PT11C;PT11D;PT191;PT194;PT1D2;PT1A0;PT1D3),river flood — Heavy rainfall,5,hanze,HANZE v3.0.1b id 1107; end 1996-01-15; persons affected 984
hanze-2731,1996-12-12T12:00:00Z,day,39.6,-8.5,country,Portugal (PT196),flash flood — Extreme rainfall,1,hanze,HANZE v3.0.1b id 2731; end 1996-12-12; persons affected n/a
hanze-1108,1997-11-05T12:00:00Z,day,39.6,-8.5,country,Portugal (PT150;PT1D2;PT1C1;PT1C2),flash flood — Extreme rainfall,11,hanze,HANZE v3.0.1b id 1108; end 1997-11-06; persons affected 296
hanze-1110,2000-12-26T12:00:00Z,day,39.6,-8.5,country,Portugal (PT1C4),flash flood — Extreme rainfall,1,hanze,HANZE v3.0.1b id 1110; end 2000-12-27; persons affected n/a
hanze-2842,2000-12-05T12:00:00Z,day,39.6,-8.5,country,Portugal (PT111;PT11A;PT11B;PT192;PT1D2;PT196),river flood — Heavy rainfall,1,hanze,HANZE v3.0.1b id 2842; end 2000-12-08; persons affected 173
hanze-1111,2001-01-05T12:00:00Z,day,39.6,-8.5,country,Portugal (PT111;PT112;PT11A;PT11C;PT11D;PT1D1;PT191;PT192;PT1D3),river flood — Heavy rainfall,1,hanze,HANZE v3.0.1b id 1111; end 2001-01-07; persons affected 122
hanze-1112,2001-01-26T12:00:00Z,day,39.6,-8.5,country,Portugal (PT119;PT11A;PT11C;PT11D;PT191;PT192;PT193;PT196),river flood — Heavy rainfall,1,hanze,HANZE v3.0.1b id 1112; end 2001-01-29; persons affected 983
hanze-1114,2001-03-21T12:00:00Z,day,39.6,-8.5,country,Portugal (PT11A;PT11B;PT191),river flood — Heavy rainfall,1,hanze,HANZE v3.0.1b id 1114; end 2001-03-22; persons affected 200
hanze-1115,2002-12-26T12:00:00Z,day,39.6,-8.5,country,Portugal (PT111;PT11A;PT11B;PT191;PT192),river flood — Heavy rainfall,0,hanze,HANZE v3.0.1b id 1115; end 2003-01-03; persons affected 252
hanze-1117,2006-10-24T12:00:00Z,day,39.6,-8.5,country,Portugal (PT192;PT193;PT196;PT1A0;PT1D2),river flood — Heavy rainfall,1,hanze,HANZE v3.0.1b id 1117; end 2006-10-26; persons affected 367
hanze-1118,2006-11-03T12:00:00Z,day,39.6,-8.5,country,Portugal (PT150;PT1C1;PT1D2),river flood — Heavy rainfall,0,hanze,HANZE v3.0.1b id 1118; end 2006-11-06; persons affected 197
hanze-1119,2008-02-18T12:00:00Z,day,39.6,-8.5,country,Portugal (PT1A0;PT1B0),flash flood — Extreme rainfall,3,hanze,HANZE v3.0.1b id 1119; end 2008-02-18; persons affected 90
hanze-1120,2009-12-22T12:00:00Z,day,39.6,-8.5,country,Portugal (PT11A),flash flood — Extreme rainfall,0,hanze,HANZE v3.0.1b id 1120; end 2009-12-23; persons affected 195
hanze-2381,2011-11-18T12:00:00Z,day,39.6,-8.5,country,Portugal (PT1A0),flash flood — Extreme rainfall,0,hanze,HANZE v3.0.1b id 2381; end 2011-11-18; persons affected 323
hanze-2843,2011-02-19T12:00:00Z,day,39.6,-8.5,country,Portugal (PT1C3),flash flood — Extreme rainfall,1,hanze,HANZE v3.0.1b id 2843; end 2011-02-19; persons affected n/a
hanze-1121,2015-11-01T12:00:00Z,day,39.6,-8.5,country,Portugal (PT150),flash flood — Extreme rainfall up to 94 mm in 24 h,1,hanze,HANZE v3.0.1b id 1121; end 2015-11-02; persons affected n/a
hanze-2240,2016-02-12T12:00:00Z,day,39.6,-8.5,country,Portugal (PT191;PT192),flash flood — Extreme rainfall up to 50 mm in 6 h,1,hanze,HANZE v3.0.1b id 2240; end 2016-02-13; persons affected n/a
hanze-3200,2025-11-12T12:00:00Z,day,39.6,-8.5,country,Portugal (PT1B0),flash flood — Extreme rainfall up to 118 mm in 3 h,2,hanze,HANZE v3.0.1b id 3200; end 2025-11-13; persons affected n/a
hanze-1122,1970-05-10T12:00:00Z,day,45.85,24.97,country,Romania (RO111;RO112;RO113;RO114;RO115;RO116;RO121;RO122;RO124;RO125;),river flood — Heavy rainfall and snowmelt,71,hanze,HANZE v3.0.1b id 1122; end 1970-06-15; persons affected 342000
hanze-2605,1970-07-08T12:00:00Z,day,45.85,24.97,country,Romania (RO313;RO411),river flood — Heavy rainfall,0,hanze,HANZE v3.0.1b id 2605; end 1970-07-08; persons affected n/a
hanze-1123,1975-07-01T12:00:00Z,day,45.85,24.97,country,Romania (RO113;RO121;RO122;RO123;RO124;RO125;RO126;RO222;RO226;RO311;),river flood — Heavy rainfall,61,hanze,HANZE v3.0.1b id 1123; end 1975-07-16; persons affected 135000
hanze-1124,1980-07-21T12:00:00Z,day,45.85,24.97,country,Romania (RO111;RO113;RO116;RO421),river flood — Heavy rainfall,2,hanze,HANZE v3.0.1b id 1124; end 1980-08-05; persons affected n/a
hanze-1125,1985-06-17T12:00:00Z,day,45.85,24.97,country,Romania (RO213;RO216),river flood — Heavy rainfall,4,hanze,HANZE v3.0.1b id 1125; end 1985-06-27; persons affected n/a
hanze-1126,1991-07-24T12:00:00Z,day,45.85,24.97,country,Romania (RO211;RO214;RO215),river flood — Heavy rainfall and dam failure in Bacau,108,hanze,HANZE v3.0.1b id 1126; end 1991-08-18; persons affected 40000
hanze-1127,1995-05-23T12:00:00Z,day,45.85,24.97,country,Romania (RO311;RO317;RO411;RO412;RO414),river flood — Heavy rainfall,0,hanze,HANZE v3.0.1b id 1127; end 1995-05-26; persons affected 1000
hanze-1128,1995-12-23T12:00:00Z,day,45.85,24.97,country,Romania (RO113;RO114;RO121;RO125;RO211;RO214;RO421;RO423),river flood — Heavy rainfall and snowmelt,2,hanze,HANZE v3.0.1b id 1128; end 1996-01-07; persons affected 19000
hanze-1129,1997-06-12T12:00:00Z,day,45.85,24.97,country,Romania (RO111),river flood — Heavy rainfall,12,hanze,HANZE v3.0.1b id 1129; end 1997-06-27; persons affected 400
hanze-1130,1997-07-04T12:00:00Z,day,45.85,24.97,country,Romania (RO211;RO221;RO313;RO316;RO317;RO411;RO414;RO422;RO423),river flood — Heavy rainfall,20,hanze,HANZE v3.0.1b id 1130; end 1997-08-09; persons affected 97900
hanze-1131,1998-06-19T12:00:00Z,day,45.85,24.97,country,Romania (RO121;RO125;RO211;RO213;RO214;RO423),river flood — Heavy rainfall,24,hanze,HANZE v3.0.1b id 1131; end 1998-07-01; persons affected 36000
hanze-1132,1999-06-09T12:00:00Z,day,45.85,24.97,country,Romania (RO113;RO114;RO116;RO121;RO212;RO216;RO222;RO224;RO225;RO423),river flood — Heavy rainfall,7,hanze,HANZE v3.0.1b id 1132; end 1999-06-25; persons affected 6220
hanze-1133,1999-07-11T12:00:00Z,day,45.85,24.97,country,Romania (RO113;RO412;RO413;RO422;RO423),river flood — Heavy rainfall,5,hanze,HANZE v3.0.1b id 1133; end 1999-07-16; persons affected 5120
hanze-1134,1999-09-04T12:00:00Z,day,45.85,24.97,country,Romania (RO222;RO223;RO321;RO411),flash flood — Extreme rainfall,2,hanze,HANZE v3.0.1b id 1134; end 1999-09-08; persons affected n/a
hanze-1135,2000-03-09T12:00:00Z,day,45.85,24.97,country,Romania (RO112;RO113;RO114;RO125;RO423),river flood — Heavy rainfall and snowmelt,0,hanze,HANZE v3.0.1b id 1135; end 2000-03-11; persons affected 3000
hanze-1136,2000-04-05T12:00:00Z,day,45.85,24.97,country,Romania (RO111;RO112;RO113;RO114;RO115;RO116;RO121;RO122;RO124;RO125;),river flood — Heavy rainfall and snowmelt,3,hanze,HANZE v3.0.1b id 1136; end 2000-04-25; persons affected 60000
hanze-1137,2001-03-04T12:00:00Z,day,45.85,24.97,country,Romania (RO112;RO114;RO115;RO116;RO212;RO215),river flood — Heavy rainfall and snowmelt,0,hanze,HANZE v3.0.1b id 1137; end 2001-03-17; persons affected 4000
hanze-1138,2001-06-19T12:00:00Z,day,45.85,24.97,country,Romania (RO121;RO122;RO125;RO126),river flood — Heavy rainfall,7,hanze,HANZE v3.0.1b id 1138; end 2001-06-22; persons affected 10803
hanze-1139,2002-07-19T12:00:00Z,day,45.85,24.97,country,Romania (RO123;RO124;RO215;RO223;RO224;RO225;RO316;RO317;RO412;RO414),river flood — Heavy rainfall,8,hanze,HANZE v3.0.1b id 1139; end 2002-08-03; persons affected 15000
hanze-1141,2002-08-06T12:00:00Z,day,45.85,24.97,country,Romania (RO112;RO121),flash flood — Extreme rainfall,1,hanze,HANZE v3.0.1b id 1141; end 2002-08-07; persons affected 300
hanze-2844,2002-10-13T12:00:00Z,day,45.85,24.97,country,Romania (RO223),flash flood — Extreme rainfall,1,hanze,HANZE v3.0.1b id 2844; end 2002-10-14; persons affected 400
hanze-1142,2003-08-27T12:00:00Z,day,45.85,24.97,country,Romania (RO225),flash flood — Extreme rainfall,2,hanze,HANZE v3.0.1b id 1142; end 2003-08-27; persons affected 200
hanze-1143,2004-07-28T12:00:00Z,day,45.85,24.97,country,Romania (RO211;RO222;RO412;RO423),river flood — Heavy rainfall,4,hanze,HANZE v3.0.1b id 1143; end 2004-08-02; persons affected 14128
hanze-1144,2004-08-27T12:00:00Z,day,45.85,24.97,country,Romania (RO111;RO121;RO211;RO216;RO223;RO421),flash flood — Extreme rainfall,6,hanze,HANZE v3.0.1b id 1144; end 2004-08-29; persons affected 9280
hanze-1145,2005-03-17T12:00:00Z,day,45.85,24.97,country,Romania (RO124;RO125),river flood — Heavy rainfall and snowmelt,2,hanze,HANZE v3.0.1b id 1145; end 2005-03-25; persons affected 2100
hanze-1146,2005-04-18T12:00:00Z,day,45.85,24.97,country,Romania (RO413;RO421;RO422;RO424),river flood — Heavy rainfall,2,hanze,HANZE v3.0.1b id 1146; end 2005-06-04; persons affected 28000
hanze-1147,2005-07-01T12:00:00Z,day,45.85,24.97,country,Romania (RO223;RO311;RO317;RO411;RO412;RO414;RO423),river flood — Heavy rainfall,6,hanze,HANZE v3.0.1b id 1147; end 2005-07-06; persons affected 39700
hanze-1148,2005-07-09T12:00:00Z,day,45.85,24.97,country,Romania (RO121;RO211;RO216;RO221;RO224;RO225;RO226;RO315),river flood — Heavy rainfall,23,hanze,HANZE v3.0.1b id 1148; end 2005-07-28; persons affected 58700
hanze-1149,2005-08-14T12:00:00Z,day,45.85,24.97,country,Romania (RO111;RO112;RO122;RO124;RO125;RO211;RO212;RO213;RO311;RO313;),river flood — Heavy rainfall,34,hanze,HANZE v3.0.1b id 1149; end 2005-09-02; persons affected 34900
hanze-1150,2005-09-21T12:00:00Z,day,45.85,24.97,country,Romania (RO222;RO223;RO315;RO316;RO321;RO322),river flood — Heavy rainfall,10,hanze,HANZE v3.0.1b id 1150; end 2005-10-09; persons affected 15800
hanze-1151,2006-03-13T12:00:00Z,day,45.85,24.97,country,Romania (RO313;RO412),river flood — Snowmelt,0,hanze,HANZE v3.0.1b id 1151; end 2006-03-23; persons affected 600
hanze-1153,2006-04-07T12:00:00Z,day,45.85,24.97,country,Romania (RO221;RO223;RO225;RO312;RO315;RO317;RO411;RO413;RO414),river flood — Heavy rainfall and snowmelt,0,hanze,HANZE v3.0.1b id 1153; end 2006-05-14; persons affected 15011
hanze-1155,2006-06-19T12:00:00Z,day,45.85,24.97,country,Romania (RO112;RO121;RO125;RO212;RO224;RO226),river flood — Heavy rainfall,15,hanze,HANZE v3.0.1b id 1155; end 2006-06-26; persons affected 6260
hanze-1156,2006-06-30T12:00:00Z,day,45.85,24.97,country,Romania (RO114;RO126;RO215;RO223;RO311),river flood — Heavy rainfall,12,hanze,HANZE v3.0.1b id 1156; end 2006-07-03; persons affected 10800
hanze-1157,2007-02-12T12:00:00Z,day,45.85,24.97,country,Romania (RO112),river flood — Snowmelt,0,hanze,HANZE v3.0.1b id 1157; end 2007-02-14; persons affected 500
hanze-1158,2007-08-07T12:00:00Z,day,45.85,24.97,country,Romania (RO215;RO223),flash flood — Extreme rainfall,0,hanze,HANZE v3.0.1b id 1158; end 2007-08-07; persons affected 1600
hanze-1159,2007-08-25T12:00:00Z,day,45.85,24.97,country,Romania (RO122;RO215;RO222;RO412),river flood — Heavy rainfall,2,hanze,HANZE v3.0.1b id 1159; end 2007-08-27; persons affected 1400
hanze-1160,2007-09-05T12:00:00Z,day,45.85,24.97,country,Romania (RO211;RO216;RO224;RO226),river flood — Heavy rainfall,9,hanze,HANZE v3.0.1b id 1160; end 2007-09-11; persons affected 4116
hanze-1161,2008-07-26T12:00:00Z,day,45.85,24.97,country,Romania (RO112;RO114;RO211;RO212;RO213;RO214;RO215),river flood — Heavy rainfall,5,hanze,HANZE v3.0.1b id 1161; end 2008-08-01; persons affected 36000
hanze-1162,2010-06-21T12:00:00Z,day,45.85,24.97,country,Romania (RO113;RO121;RO123;RO211;RO212;RO213;RO214;RO215;RO221;RO224;),river flood — Heavy rainfall up to 163 mm in 24 h,24,hanze,HANZE v3.0.1b id 1162; end 2010-07-12; persons affected 36000
hanze-1163,2013-09-12T12:00:00Z,day,45.85,24.97,country,Romania (RO221;RO224;RO225),river flood — Heavy rainfall (more than 2 days),9,hanze,HANZE v3.0.1b id 1163; end 2013-09-16; persons affected 6901
hanze-1164,2014-04-19T12:00:00Z,day,45.85,24.97,country,Romania (RO314;RO315;RO316;RO317;RO411;RO412;RO413;RO414),river flood — Heavy rainfall,4,hanze,HANZE v3.0.1b id 1164; end 2014-05-07; persons affected 2000
hanze-1165,2014-07-29T12:00:00Z,day,45.85,24.97,country,Romania (RO112;RO412;RO414;RO415;RO424),river flood — Heavy rainfall,2,hanze,HANZE v3.0.1b id 1165; end 2014-07-31; persons affected 2000
hanze-1166,2015-05-25T12:00:00Z,day,45.85,24.97,country,Romania (RO114;RO115;RO116),river flood — Heavy rainfall,1,hanze,HANZE v3.0.1b id 1166; end 2015-06-02; persons affected 2000
hanze-1167,2016-06-02T12:00:00Z,day,45.85,24.97,country,Romania (RO211;RO226),flash flood — Extreme rainfall,2,hanze,HANZE v3.0.1b id 1167; end 2016-06-03; persons affected 200
hanze-1168,2016-10-11T12:00:00Z,day,45.85,24.97,country,Romania (RO224),river flood — Heavy rainfall,1,hanze,HANZE v3.0.1b id 1168; end 2016-10-16; persons affected 500
hanze-2241,2018-03-14T12:00:00Z,day,45.85,24.97,country,Romania (RO122;RO123;RO124;RO125;RO211;RO216;RO317),river flood — Heavy rainfall and snowmelt,0,hanze,HANZE v3.0.1b id 2241; end 2018-03-16; persons affected 2300
hanze-2242,2018-06-28T12:00:00Z,day,45.85,24.97,country,Romania (RO211;RO212;RO213;RO226),flash flood — Extreme rainfall,0,hanze,HANZE v3.0.1b id 2242; end 2018-06-29; persons affected 1600
hanze-2243,2019-05-31T12:00:00Z,day,45.85,24.97,country,Romania (RO111;RO212;RO222;RO311;RO421;RO424),river flood — Heavy rainfall,0,hanze,HANZE v3.0.1b id 2243; end 2019-06-07; persons affected 800
hanze-2244,2020-06-10T12:00:00Z,day,45.85,24.97,country,Romania (RO111;RO212;RO215;RO216;RO423),river flood — Heavy rainfall,3,hanze,HANZE v3.0.1b id 2244; end 2020-06-26; persons affected 1550
hanze-3143,2021-06-18T12:00:00Z,day,45.85,24.97,country,Romania (RO115),flash flood — Extreme rainfall up to 70 mm in 3 h,0,hanze,HANZE v3.0.1b id 3143; end 2021-06-23; persons affected 4000
hanze-3144,2021-06-18T12:00:00Z,day,45.85,24.97,country,Romania (RO211;RO226),river flood — Heavy rainfall,2,hanze,HANZE v3.0.1b id 3144; end 2021-06-23; persons affected n/a
hanze-3145,2021-07-14T12:00:00Z,day,45.85,24.97,country,Romania (RO115;RO121;RO213;RO311),river flood — Heavy rainfall,2,hanze,HANZE v3.0.1b id 3145; end 2021-07-20; persons affected 768
hanze-3146,2023-06-25T12:00:00Z,day,45.85,24.97,country,Romania (RO421),flash flood — Extreme rainfall,1,hanze,HANZE v3.0.1b id 3146; end 2023-06-26; persons affected 240
hanze-3147,2024-09-14T12:00:00Z,day,45.85,24.97,country,Romania (RO224;RO216),river flood — Heavy rainfall up to 165 mm in 24 h,8,hanze,HANZE v3.0.1b id 3147; end 2024-09-18; persons affected 28840
hanze-3201,2025-05-26T12:00:00Z,day,45.85,24.97,country,Romania (RO122;RO123;RO212;RO226),river flood — Heavy rainfall,0,hanze,HANZE v3.0.1b id 3201; end 2025-05-31; persons affected 375
hanze-3202,2025-07-27T12:00:00Z,day,45.85,24.97,country,Romania (RO214;RO215),flash flood — Extreme rainfall up to 79 mm in 3 h,3,hanze,HANZE v3.0.1b id 3202; end 2025-07-28; persons affected 1095
hanze-2245,1896-10-01T12:00:00Z,day,44.22,20.79,country,Serbia (RS213),river flood — Heavy rainfall,,hanze,HANZE v3.0.1b id 2245; end 1896-11-30; persons affected n/a
hanze-2246,1915-05-20T12:00:00Z,day,44.22,20.79,country,Serbia (RS221),flash flood — Extreme rainfall,30,hanze,HANZE v3.0.1b id 2246; end 1915-05-20; persons affected n/a
hanze-2247,1924-04-07T12:00:00Z,day,44.22,20.79,country,Serbia (RS110;RS123;RS127;RS227),river flood — Heavy rainfall,,hanze,HANZE v3.0.1b id 2247; end 1924-06-06; persons affected n/a
hanze-2248,1926-06-22T12:00:00Z,day,44.22,20.79,country,Serbia (RS121;RS123),river flood — Heavy rainfall,,hanze,HANZE v3.0.1b id 2248; end 1926-08-21; persons affected 8000
hanze-2249,1929-06-15T12:00:00Z,day,44.22,20.79,country,Serbia (RS215),flash flood — Extreme rainfall,1,hanze,HANZE v3.0.1b id 2249; end 1929-06-15; persons affected n/a
hanze-2250,1931-05-12T12:00:00Z,day,44.22,20.79,country,Serbia (RS215),flash flood — Extreme rainfall,1,hanze,HANZE v3.0.1b id 2250; end 1931-05-12; persons affected n/a
hanze-2251,1937-12-06T12:00:00Z,day,44.22,20.79,country,Serbia (RS229),flash flood — Extreme rainfall,8,hanze,HANZE v3.0.1b id 2251; end 1937-12-06; persons affected n/a
hanze-2252,1938-05-25T12:00:00Z,day,44.22,20.79,country,Serbia (RS213),flash flood — Extreme rainfall,1,hanze,HANZE v3.0.1b id 2252; end 1938-05-25; persons affected n/a
hanze-2253,1939-10-27T12:00:00Z,day,44.22,20.79,country,Serbia (RS225),flash flood — Extreme rainfall,11,hanze,HANZE v3.0.1b id 2253; end 1939-10-27; persons affected n/a
hanze-2477,1948-06-13T12:00:00Z,day,44.22,20.79,country,Serbia (RS224),river flood — Heavy rainfall,0,hanze,HANZE v3.0.1b id 2477; end 1948-06-22; persons affected 3300
hanze-2254,1952-07-15T12:00:00Z,day,44.22,20.79,country,Serbia (RS226),flash flood — Extreme rainfall,17,hanze,HANZE v3.0.1b id 2254; end 1952-07-15; persons affected n/a
hanze-2478,1955-10-08T12:00:00Z,day,44.22,20.79,country,Serbia (RS225),river flood — Heavy rainfall,0,hanze,HANZE v3.0.1b id 2478; end 1955-11-07; persons affected 600
hanze-2255,1956-06-19T12:00:00Z,day,44.22,20.79,country,Serbia (RS225),flash flood — Extreme rainfall,5,hanze,HANZE v3.0.1b id 2255; end 1956-06-19; persons affected n/a
hanze-2256,1956-07-23T12:00:00Z,day,44.22,20.79,country,Serbia (RS122),flash flood — Extreme rainfall,1,hanze,HANZE v3.0.1b id 2256; end 1956-07-23; persons affected n/a
hanze-2257,1956-08-17T12:00:00Z,day,44.22,20.79,country,Serbia (RS217),flash flood — Extreme rainfall,3,hanze,HANZE v3.0.1b id 2257; end 1956-08-17; persons affected n/a
hanze-2475,1956-02-12T12:00:00Z,day,44.22,20.79,country,Serbia (RS215;RS216),river flood — Snowmelt,0,hanze,HANZE v3.0.1b id 2475; end 1956-03-10; persons affected 2000
hanze-2476,1956-03-01T12:00:00Z,day,44.22,20.79,country,Serbia (RS121),river flood — Ice jam,0,hanze,HANZE v3.0.1b id 2476; end 1956-03-19; persons affected n/a
hanze-2258,1961-05-21T12:00:00Z,day,44.22,20.79,country,Serbia (RS213;RS225),river flood — Heavy rainfall,3,hanze,HANZE v3.0.1b id 2258; end 1961-05-25; persons affected n/a
hanze-2259,1965-05-03T12:00:00Z,day,44.22,20.79,country,Serbia (RS121;RS122;RS123;RS124;RS125;RS126;RS127),river flood — Heavy rainfall up to 175 mm in 2 months,3,hanze,HANZE v3.0.1b id 2259; end 1965-07-25; persons affected 60000
hanze-2550,1965-05-13T12:00:00Z,day,44.22,20.79,country,Serbia (RS211;RS214;RS215;RS216;RS217),river flood — Heavy rainfall,0,hanze,HANZE v3.0.1b id 2550; end 1965-05-18; persons affected 7600
hanze-2260,1969-06-08T12:00:00Z,day,44.22,20.79,country,Serbia (RS215;RS218;RS227),river flood — Heavy rainfall,4,hanze,HANZE v3.0.1b id 2260; end 1969-06-18; persons affected n/a
hanze-2606,1974-10-19T12:00:00Z,day,44.22,20.79,country,Serbia (RS213),river flood — Heavy rainfall,0,hanze,HANZE v3.0.1b id 2606; end 1974-11-13; persons affected 1600
hanze-2261,1975-05-15T12:00:00Z,day,44.22,20.79,country,Serbia (RS228),flash flood — Extreme rainfall,12,hanze,HANZE v3.0.1b id 2261; end 1975-05-15; persons affected n/a
hanze-2262,1976-06-06T12:00:00Z,day,44.22,20.79,country,Serbia (RS218;RS224),flash flood — Extreme rainfall,4,hanze,HANZE v3.0.1b id 2262; end 1976-06-07; persons affected n/a
hanze-2263,1979-11-17T12:00:00Z,day,44.22,20.79,country,Serbia (RS211;RS217),river flood — Heavy rainfall,5,hanze,HANZE v3.0.1b id 2263; end 1979-11-20; persons affected 17200
hanze-2674,1980-05-09T12:00:00Z,day,44.22,20.79,country,Serbia (RS216;RS217),river flood — Heavy rainfall,0,hanze,HANZE v3.0.1b id 2674; end 1980-05-12; persons affected 1200
hanze-2264,1981-03-11T12:00:00Z,day,44.22,20.79,country,Serbia (RS110;RS215;RS216;RS218;RS227),river flood — Heavy rainfall and snowmelt,4,hanze,HANZE v3.0.1b id 2264; end 1981-03-31; persons affected 22000
hanze-2939,1985-08-28T12:00:00Z,day,44.22,20.79,country,Serbia (RS110),flash flood — Extreme rainfall,0,hanze,HANZE v3.0.1b id 2939; end 1985-08-29; persons affected 1800
hanze-2265,1986-02-17T12:00:00Z,day,44.22,20.79,country,Serbia (RS215;RS218),river flood — Heavy rainfall,1,hanze,HANZE v3.0.1b id 2265; end 1986-02-21; persons affected 4500
hanze-2266,1986-07-17T12:00:00Z,day,44.22,20.79,country,Serbia (RS224),river flood — Heavy rainfall,0,hanze,HANZE v3.0.1b id 2266; end 1986-07-23; persons affected 1051
hanze-2675,1986-03-25T12:00:00Z,day,44.22,20.79,country,Serbia (RS221;RS223),river flood — Heavy rainfall,0,hanze,HANZE v3.0.1b id 2675; end 1986-04-01; persons affected 1600
hanze-2267,1987-05-07T12:00:00Z,day,44.22,20.79,country,Serbia (RS213),river flood — Heavy rainfall,2,hanze,HANZE v3.0.1b id 2267; end 1987-05-15; persons affected 8000
hanze-2268,1988-06-26T12:00:00Z,day,44.22,20.79,country,Serbia (RS224),flash flood — Extreme rainfall,4,hanze,HANZE v3.0.1b id 2268; end 1988-06-26; persons affected 6000
hanze-2269,1994-06-22T12:00:00Z,day,44.22,20.79,country,Serbia (RS110),flash flood — Extreme rainfall,1,hanze,HANZE v3.0.1b id 2269; end 1994-06-22; persons affected n/a
hanze-2270,1999-07-09T12:00:00Z,day,44.22,20.79,country,Serbia (RS110;RS214;RS215;RS218;RS221;RS227),river flood — Heavy rainfall,17,hanze,HANZE v3.0.1b id 2270; end 1999-07-14; persons affected 54339
hanze-2271,1999-12-27T12:00:00Z,day,44.22,20.79,country,Serbia (RS126;RS213;RS227),flash flood — Extreme rainfall,0,hanze,HANZE v3.0.1b id 2271; end 1999-12-28; persons affected 300
hanze-2732,1999-07-28T12:00:00Z,day,44.22,20.79,country,Serbia (RS212;RS213;RS217),river flood — Heavy rainfall,1,hanze,HANZE v3.0.1b id 2732; end 1999-08-01; persons affected 6000
hanze-2272,2000-04-05T12:00:00Z,day,44.22,20.79,country,Serbia (RS126),river flood — Heavy rainfall,0,hanze,HANZE v3.0.1b id 2272; end 2000-04-25; persons affected 4000
hanze-2273,2001-06-18T12:00:00Z,day,44.22,20.79,country,Serbia (RS212;RS213),river flood — Heavy rainfall,0,hanze,HANZE v3.0.1b id 2273; end 2001-06-21; persons affected 6150
hanze-2274,2002-06-10T12:00:00Z,day,44.22,20.79,country,Serbia (RS215;RS222),flash flood — Extreme rainfall,2,hanze,HANZE v3.0.1b id 2274; end 2002-06-11; persons affected 3900
hanze-2275,2005-04-18T12:00:00Z,day,44.22,20.79,country,Serbia (RS122;RS126),river flood — Heavy rainfall,2,hanze,HANZE v3.0.1b id 2275; end 2005-04-20; persons affected 3560
hanze-2276,2005-05-06T12:00:00Z,day,44.22,20.79,country,Serbia (RS225;RS229),flash flood — Extreme rainfall,0,hanze,HANZE v3.0.1b id 2276; end 2005-05-07; persons affected 3780
hanze-2277,2006-03-11T12:00:00Z,day,44.22,20.79,country,Serbia (RS110;RS212;RS213;RS215),river flood — Heavy rainfall and snowmelt,0,hanze,HANZE v3.0.1b id 2277; end 2006-03-13; persons affected 3590
hanze-2278,2006-04-10T12:00:00Z,day,44.22,20.79,country,Serbia (RS110;RS123;RS126;RS127;RS213;RS222;RS227),river flood — Heavy rainfall and snowmelt,0,hanze,HANZE v3.0.1b id 2278; end 2006-05-07; persons affected 12000
hanze-2279,2007-11-25T12:00:00Z,day,44.22,20.79,country,Serbia (RS224;RS225;RS226),flash flood — Extreme rainfall,0,hanze,HANZE v3.0.1b id 2279; end 2007-11-26; persons affected 4200
hanze-2280,2009-11-06T12:00:00Z,day,44.22,20.79,country,Serbia (RS212;RS214;RS217),river flood — Heavy rainfall,1,hanze,HANZE v3.0.1b id 2280; end 2009-11-07; persons affected 6640
hanze-2845,2009-03-08T12:00:00Z,day,44.22,20.79,country,Serbia (RS212),flash flood — Extreme rainfall,0,hanze,HANZE v3.0.1b id 2845; end 2009-03-09; persons affected 1120
hanze-2846,2009-06-25T12:00:00Z,day,44.22,20.79,country,Serbia (RS215;RS217),flash flood — Extreme rainfall,0,hanze,HANZE v3.0.1b id 2846; end 2009-06-25; persons affected 330
hanze-2281,2010-02-25T12:00:00Z,day,44.22,20.79,country,Serbia (RS211;RS212;RS215;RS216;RS217;RS223;RS224;RS225;RS229),river flood — Heavy rainfall and snowmelt,0,hanze,HANZE v3.0.1b id 2281; end 2010-03-02; persons affected 3150
hanze-2282,2010-04-20T12:00:00Z,day,44.22,20.79,country,Serbia (RS216;RS223;RS224;RS225),river flood — Heavy rainfall,0,hanze,HANZE v3.0.1b id 2282; end 2010-04-22; persons affected 2600
hanze-2283,2010-05-15T12:00:00Z,day,44.22,20.79,country,Serbia (RS228),flash flood — Extreme rainfall,2,hanze,HANZE v3.0.1b id 2283; end 2010-05-15; persons affected 400
hanze-2284,2010-06-23T12:00:00Z,day,44.22,20.79,country,Serbia (RS212),river flood — Heavy rainfall,0,hanze,HANZE v3.0.1b id 2284; end 2010-07-02; persons affected 540
hanze-2285,2010-12-01T12:00:00Z,day,44.22,20.79,country,Serbia (RS211;RS213),river flood — Heavy rainfall up to 200 mm in 3 days,0,hanze,HANZE v3.0.1b id 2285; end 2010-12-03; persons affected 4600
hanze-2286,2011-05-22T12:00:00Z,day,44.22,20.79,country,Serbia (RS212;RS217),river flood — Heavy rainfall,0,hanze,HANZE v3.0.1b id 2286; end 2011-05-29; persons affected 5000
hanze-2287,2013-02-24T12:00:00Z,day,44.22,20.79,country,Serbia (RS228),river flood — Heavy rainfall,0,hanze,HANZE v3.0.1b id 2287; end 2013-02-26; persons affected 440
hanze-2288,2014-04-19T12:00:00Z,day,44.22,20.79,country,Serbia (RS211;RS212;RS214;RS215;RS216;RS217;RS222;RS223;RS224;RS225;),river flood — Heavy rainfall,0,hanze,HANZE v3.0.1b id 2288; end 2014-04-24; persons affected 3570
hanze-2289,2014-05-12T12:00:00Z,day,44.22,20.79,country,Serbia (RS110;RS211;RS212;RS213;RS214;RS215;RS216;RS217;RS221),river flood — Heavy rainfall and snowmelt,51,hanze,HANZE v3.0.1b id 2289; end 2014-05-28; persons affected 32000
hanze-2290,2014-08-05T12:00:00Z,day,44.22,20.79,country,Serbia (RS213),flash flood — Extreme rainfall,1,hanze,HANZE v3.0.1b id 2290; end 2014-08-06; persons affected n/a
hanze-2291,2014-09-15T12:00:00Z,day,44.22,20.79,country,Serbia (RS213;RS221),flash flood — Extreme rainfall,5,hanze,HANZE v3.0.1b id 2291; end 2014-09-15; persons affected 3600
hanze-2847,2014-07-31T12:00:00Z,day,44.22,20.79,country,Serbia (RS110;RS122),river flood — Heavy rainfall up to 50 mm in 24 h,0,hanze,HANZE v3.0.1b id 2847; end 2014-08-03; persons affected 2800
hanze-2848,2015-03-27T12:00:00Z,day,44.22,20.79,country,Serbia (RS215;RS225),river flood — Heavy rainfall up to 50 mm in 24 h,0,hanze,HANZE v3.0.1b id 2848; end 2015-04-01; persons affected 160
hanze-2292,2016-03-06T12:00:00Z,day,44.22,20.79,country,Serbia (RS211;RS214;RS217),flash flood — Extreme rainfall,1,hanze,HANZE v3.0.1b id 2292; end 2016-03-07; persons affected 4400
hanze-2293,2017-06-06T12:00:00Z,day,44.22,20.79,country,Serbia (RS122),flash flood — Extreme rainfall up to 117 mm in 24 h,1,hanze,HANZE v3.0.1b id 2293; end 2017-06-07; persons affected 59
hanze-2294,2018-06-14T12:00:00Z,day,44.22,20.79,country,Serbia (RS212;RS215;RS218;RS222),flash flood — Extreme rainfall,0,hanze,HANZE v3.0.1b id 2294; end 2018-06-15; persons affected 231
hanze-2295,2019-06-03T12:00:00Z,day,44.22,20.79,country,Serbia (RS127;RS212;RS213;RS214;RS215;RS216;RS217;RS218;RS229),river flood — Heavy rainfall up to 100 mm in 24 h,1,hanze,HANZE v3.0.1b id 2295; end 2019-06-07; persons affected 4700
hanze-2296,2020-06-16T12:00:00Z,day,44.22,20.79,country,Serbia (RS211;RS212;RS214;RS215;RS216;RS217;RS224;RS229),flash flood — Extreme rainfall up to 40 mm in 24 h,2,hanze,HANZE v3.0.1b id 2296; end 2020-06-25; persons affected 16500
hanze-3148,2021-01-10T12:00:00Z,day,44.22,20.79,country,Serbia (RS216;RS224;RS225;RS226),river flood — Heavy rainfall up to 80 mm in 24 h,0,hanze,HANZE v3.0.1b id 3148; end 2021-01-13; persons affected 751
hanze-3149,2022-11-19T12:00:00Z,day,44.22,20.79,country,Serbia (RS217),flash flood — Extreme rainfall up to 81 mm in 24 h,1,hanze,HANZE v3.0.1b id 3149; end 2022-11-20; persons affected n/a
hanze-3150,2023-01-18T12:00:00Z,day,44.22,20.79,country,Serbia (RS211;RS213;RS217;RS229),river flood — Heavy rainfall up to 150 mm in 24 h,2,hanze,HANZE v3.0.1b id 3150; end 2023-01-20; persons affected n/a
hanze-3151,2023-05-18T12:00:00Z,day,44.22,20.79,country,Serbia (RS110;RS211;RS213;RS214;RS215;RS216;RS217;RS218;RS222;RS223;),river flood — Heavy rainfall for around a month; with rainfall up to 40 mm in 3 h; several waves,0,hanze,HANZE v3.0.1b id 3151; end 2023-06-22; persons affected 20576
hanze-3152,2023-08-15T12:00:00Z,day,44.22,20.79,country,Serbia (RS222),flash flood — Extreme rainfall up to 120 mm in 2 h,0,hanze,HANZE v3.0.1b id 3152; end 2023-08-16; persons affected n/a
hanze-1169,1876-02-03T12:00:00Z,day,48.71,19.47,country,Slovakia (SK021;SK023),river flood — Snowmelt,7,hanze,HANZE v3.0.1b id 1169; end 1876-02-29; persons affected 2000
hanze-2297,1954-07-13T12:00:00Z,day,48.71,19.47,country,Slovakia (SK010;SK021;SK023),river flood — Heavy rainfall,0,hanze,HANZE v3.0.1b id 2297; end 1954-07-17; persons affected 11000
hanze-2298,1965-06-15T12:00:00Z,day,48.71,19.47,country,Slovakia (SK010;SK021;SK023),river flood — Heavy rainfall (wettest year on record),0,hanze,HANZE v3.0.1b id 2298; end 1965-06-25; persons affected 53693
hanze-2676,1987-05-22T12:00:00Z,day,48.71,19.47,country,Slovakia (SK041),flash flood — Extreme rainfall up to 57 mm in 24 h,0,hanze,HANZE v3.0.1b id 2676; end 1987-05-24; persons affected n/a
hanze-2504,1993-11-01T12:00:00Z,day,48.71,19.47,country,Slovakia (SK010;SK042),river flood — Heavy rainfall,0,hanze,HANZE v3.0.1b id 2504; end 1993-11-30; persons affected n/a
hanze-2505,1996-05-01T12:00:00Z,day,48.71,19.47,country,Slovakia (SK023),flash flood — Extreme rainfall,0,hanze,HANZE v3.0.1b id 2505; end 1996-05-31; persons affected 700
hanze-2506,1996-09-01T12:00:00Z,day,48.71,19.47,country,Slovakia (SK031;SK041),river flood — Heavy rainfall,0,hanze,HANZE v3.0.1b id 2506; end 1996-09-30; persons affected n/a
hanze-1170,1997-07-04T12:00:00Z,day,48.71,19.47,country,Slovakia (SK021;SK022;SK031),river flood — Heavy rainfall,1,hanze,HANZE v3.0.1b id 1170; end 1997-08-09; persons affected 10000
hanze-1171,1998-07-20T12:00:00Z,day,48.71,19.47,country,Slovakia (SK041;SK042),flash flood — Extreme rainfall,55,hanze,HANZE v3.0.1b id 1171; end 1998-07-24; persons affected 10850
hanze-1172,1999-06-22T12:00:00Z,day,48.71,19.47,country,Slovakia (SK010;SK021;SK022;SK023;SK031;SK032),river flood — Heavy rainfall,2,hanze,HANZE v3.0.1b id 1172; end 1999-07-01; persons affected 35207
hanze-1173,2001-07-24T12:00:00Z,day,48.71,19.47,country,Slovakia (SK041),flash flood — Extreme rainfall,1,hanze,HANZE v3.0.1b id 1173; end 2001-07-31; persons affected n/a
hanze-1174,2002-08-10T12:00:00Z,day,48.71,19.47,country,Slovakia (SK010;SK031;SK032;SK041),river flood — Heavy rainfall,1,hanze,HANZE v3.0.1b id 1174; end 2002-08-13; persons affected n/a
hanze-1175,2004-07-27T12:00:00Z,day,48.71,19.47,country,Slovakia (SK041;SK042),river flood — Heavy rainfall,1,hanze,HANZE v3.0.1b id 1175; end 2004-08-10; persons affected n/a
hanze-1176,2005-03-17T12:00:00Z,day,48.71,19.47,country,Slovakia (SK041),river flood — Heavy rainfall and snowmelt,1,hanze,HANZE v3.0.1b id 1176; end 2005-03-25; persons affected n/a
hanze-2507,2005-07-19T12:00:00Z,day,48.71,19.47,country,Slovakia (SK041),flash flood — Extreme rainfall,0,hanze,HANZE v3.0.1b id 2507; end 2005-07-20; persons affected 800
hanze-1177,2006-03-28T12:00:00Z,day,48.71,19.47,country,Slovakia (SK010;SK032),river flood — Heavy rainfall and snowmelt,1,hanze,HANZE v3.0.1b id 1177; end 2006-05-09; persons affected n/a
hanze-2508,2008-07-22T12:00:00Z,day,48.71,19.47,country,Slovakia (SK041),flash flood — Extreme rainfall,2,hanze,HANZE v3.0.1b id 2508; end 2008-07-22; persons affected n/a
hanze-1178,2010-05-15T12:00:00Z,day,48.71,19.47,country,Slovakia (SK031;SK041;SK042),river flood — Heavy rainfall,4,hanze,HANZE v3.0.1b id 1178; end 2010-06-05; persons affected 1500
hanze-1179,2010-08-15T12:00:00Z,day,48.71,19.47,country,Slovakia (SK022;SK031),flash flood — Extreme rainfall up to 80 mm in 3 h,3,hanze,HANZE v3.0.1b id 1179; end 2010-08-16; persons affected n/a
hanze-1180,2013-06-03T12:00:00Z,day,48.71,19.47,country,Slovakia (SK010;SK021;SK023),river flood — Heavy rainfall,0,hanze,HANZE v3.0.1b id 1180; end 2013-06-05; persons affected 7800
hanze-2299,2018-07-18T12:00:00Z,day,48.71,19.47,country,Slovakia (SK041),river flood — Heavy rainfall up to 160 mm in 2 days,0,hanze,HANZE v3.0.1b id 2299; end 2018-07-20; persons affected 274
hanze-2300,2020-10-12T12:00:00Z,day,48.71,19.47,country,Slovakia (SK022;SK032;SK041;SK042),river flood — Heavy rainfall up to 123 mm in 2 days,1,hanze,HANZE v3.0.1b id 2300; end 2020-10-16; persons affected 250
hanze-3155,2021-05-17T12:00:00Z,day,48.71,19.47,country,Slovakia (SK032),flash flood — Extreme rainfall,1,hanze,HANZE v3.0.1b id 3155; end 2021-05-18; persons affected n/a
hanze-3156,2024-09-14T12:00:00Z,day,48.71,19.47,country,Slovakia (SK010;SK021;SK022;SK031),river flood — Heavy rainfall,0,hanze,HANZE v3.0.1b id 3156; end 2024-09-21; persons affected n/a
hanze-2301,1924-08-08T12:00:00Z,day,46.12,14.81,country,Slovenia (SI041;SI042),river flood — Heavy rainfall,15,hanze,HANZE v3.0.1b id 2301; end 1924-08-08; persons affected n/a
hanze-1181,1925-11-13T12:00:00Z,day,46.12,14.81,country,Slovenia (SI031;SI032;SI033;SI034;SI041),river flood — Heavy rainfall,2,hanze,HANZE v3.0.1b id 1181; end 1925-11-14; persons affected 600
hanze-1182,1926-08-08T12:00:00Z,day,46.12,14.81,country,Slovenia (SI032;SI033),river flood — Heavy rainfall,1,hanze,HANZE v3.0.1b id 1182; end 1926-08-09; persons affected n/a
hanze-1183,1926-09-27T12:00:00Z,day,46.12,14.81,country,Slovenia (SI041;SI042),flash flood — Extreme rainfall,13,hanze,HANZE v3.0.1b id 1183; end 1926-09-28; persons affected 200
hanze-2302,1933-09-22T12:00:00Z,day,46.12,14.81,country,Slovenia (SI034;SI036;SI037;SI038;SI041),river flood — Heavy rainfall,17,hanze,HANZE v3.0.1b id 2302; end 1933-09-24; persons affected n/a
hanze-1184,1954-06-04T12:00:00Z,day,46.12,14.81,country,Slovenia (SI034;SI036),flash flood — Extreme rainfall,25,hanze,HANZE v3.0.1b id 1184; end 1954-06-06; persons affected n/a
hanze-1185,1964-10-26T12:00:00Z,day,46.12,14.81,country,Slovenia (SI031;SI032;SI033;SI034;SI036;SI037;SI041;SI042),river flood — Heavy rainfall,0,hanze,HANZE v3.0.1b id 1185; end 1964-10-27; persons affected 2000
hanze-1186,1965-09-02T12:00:00Z,day,46.12,14.81,country,Slovenia (SI032;SI038;SI041;SI042;SI043),river flood — Heavy rainfall,3,hanze,HANZE v3.0.1b id 1186; end 1965-09-05; persons affected n/a
hanze-1187,1972-07-13T12:00:00Z,day,46.12,14.81,country,Slovenia (SI031;SI032),river flood — Heavy rainfall,0,hanze,HANZE v3.0.1b id 1187; end 1972-07-16; persons affected 1000
hanze-2607,1978-10-04T12:00:00Z,day,46.12,14.81,country,Slovenia (SI035;SI041;SI042;SI043),flash flood — Extreme rainfall,0,hanze,HANZE v3.0.1b id 2607; end 1978-10-05; persons affected 600
hanze-2608,1979-01-27T12:00:00Z,day,46.12,14.81,country,Slovenia (SI042;SI043),flash flood — Extreme rainfall,0,hanze,HANZE v3.0.1b id 2608; end 1979-01-28; persons affected 400
hanze-2940,1986-08-29T12:00:00Z,day,46.12,14.81,country,Slovenia (SI043),flash flood — Extreme rainfall,0,hanze,HANZE v3.0.1b id 2940; end 1986-08-30; persons affected n/a
hanze-1188,1989-07-04T12:00:00Z,day,46.12,14.81,country,Slovenia (SI032),flash flood — Extreme rainfall,3,hanze,HANZE v3.0.1b id 1188; end 1989-07-05; persons affected n/a
hanze-1189,1990-10-30T12:00:00Z,day,46.12,14.81,country,Slovenia (SI034;SI035;SI036;SI037;SI041;SI042),river flood — Heavy rainfall,1,hanze,HANZE v3.0.1b id 1189; end 1990-11-01; persons affected 20900
hanze-1190,1992-12-03T12:00:00Z,day,46.12,14.81,country,Slovenia (SI034;SI035;SI036;SI038),river flood — Heavy rainfall,1,hanze,HANZE v3.0.1b id 1190; end 1992-12-08; persons affected n/a
hanze-1191,1994-08-22T12:00:00Z,day,46.12,14.81,country,Slovenia (SI036),flash flood — Extreme rainfall,1,hanze,HANZE v3.0.1b id 1191; end 1994-08-22; persons affected n/a
hanze-1192,1995-09-14T12:00:00Z,day,46.12,14.81,country,Slovenia (SI031;SI032;SI034),river flood — Heavy rainfall,1,hanze,HANZE v3.0.1b id 1192; end 1995-09-16; persons affected n/a
hanze-1193,1998-10-05T12:00:00Z,day,46.12,14.81,country,Slovenia (SI034;SI035;SI036;SI037;SI038;SI041;SI043),river flood — Heavy rainfall,2,hanze,HANZE v3.0.1b id 1193; end 1998-11-05; persons affected n/a
hanze-2851,2000-11-06T12:00:00Z,day,46.12,14.81,country,Slovenia (SI041;SI042),flash flood — Extreme rainfall,0,hanze,HANZE v3.0.1b id 2851; end 2000-11-07; persons affected n/a
hanze-2509,2004-10-10T12:00:00Z,day,46.12,14.81,country,Slovenia (SI043),flash flood — Extreme rainfall,0,hanze,HANZE v3.0.1b id 2509; end 2004-10-10; persons affected n/a
hanze-2849,2005-08-20T12:00:00Z,day,46.12,14.81,country,Slovenia (SI031),river flood — Heavy rainfall up to 100 mm in 2 days,0,hanze,HANZE v3.0.1b id 2849; end 2005-08-23; persons affected n/a
hanze-1194,2007-09-18T12:00:00Z,day,46.12,14.81,country,Slovenia (SI032;SI034;SI041;SI042;SI043),flash flood — Extreme rainfall up to 584 mm in 48 h; and 141 mm in 1 h,4,hanze,HANZE v3.0.1b id 1194; end 2007-09-20; persons affected 17300
hanze-2850,2009-12-22T12:00:00Z,day,46.12,14.81,country,Slovenia (SI042;SI043),river flood — Heavy rainfall,0,hanze,HANZE v3.0.1b id 2850; end 2009-12-26; persons affected n/a
hanze-1195,2010-09-17T12:00:00Z,day,46.12,14.81,country,Slovenia (SI034;SI035;SI036;SI041;SI042;SI044),river flood — Heavy rainfall up to 539 mm in 3 days,3,hanze,HANZE v3.0.1b id 1195; end 2010-09-20; persons affected 2000
hanze-1196,2012-11-05T12:00:00Z,day,46.12,14.81,country,Slovenia (SI032;SI033;SI034;SI036;SI042),river flood — Heavy rainfall up to 280 mm in 48 h; and 141 mm in 1 h,0,hanze,HANZE v3.0.1b id 1196; end 2012-11-06; persons affected 12000
hanze-1197,2014-09-13T12:00:00Z,day,46.12,14.81,country,Slovenia (SI032;SI033;SI036;SI037),flash flood — Extreme rainfall up to 92 mm in 24 h,2,hanze,HANZE v3.0.1b id 1197; end 2014-09-14; persons affected 4400
hanze-3154,2023-08-03T12:00:00Z,day,46.12,14.81,country,Slovenia (SI031;SI032;SI033;SI034;SI035;SI036;SI041;SI042;SI043),river flood — Heavy rainfall up to over 200 mm in 12 h,3,hanze,HANZE v3.0.1b id 3154; end 2023-08-08; persons affected 35672
hanze-1198,1871-05-29T12:00:00Z,day,40.24,-3.65,country,Spain (ES220;ES243),flash flood — Extreme rainfall,100,hanze,HANZE v3.0.1b id 1198; end 1871-05-29; persons affected n/a
hanze-1199,1874-09-22T12:00:00Z,day,40.24,-3.65,country,Spain (ES511;ES513;ES514),flash flood — Extreme rainfall,575,hanze,HANZE v3.0.1b id 1199; end 1874-09-23; persons affected 2800
hanze-1200,1876-12-04T12:00:00Z,day,40.24,-3.65,country,Spain (ES432;ES615;ES618),river flood — Heavy rainfall,1,hanze,HANZE v3.0.1b id 1200; end 1876-12-06; persons affected 1200
hanze-1201,1877-06-24T12:00:00Z,day,40.24,-3.65,country,Spain (ES521;ES620),river flood — Heavy rainfall,5,hanze,HANZE v3.0.1b id 1201; end 1877-06-28; persons affected n/a
hanze-1202,1879-10-19T12:00:00Z,day,40.24,-3.65,country,Spain (ES521;ES620),flash flood — Extreme rainfall up to 600 mm in 1 h,777,hanze,HANZE v3.0.1b id 1202; end 1879-10-19; persons affected 23000
hanze-1203,1880-02-01T12:00:00Z,day,40.24,-3.65,country,Spain (ES111),flash flood — Extreme rainfall,1,hanze,HANZE v3.0.1b id 1203; end 1880-02-01; persons affected n/a
hanze-1204,1880-08-01T12:00:00Z,day,40.24,-3.65,country,Spain (ES230),flash flood — Extreme rainfall,90,hanze,HANZE v3.0.1b id 1204; end 1880-08-01; persons affected n/a
hanze-1205,1880-10-14T12:00:00Z,day,40.24,-3.65,country,Spain (ES620),flash flood — Extreme rainfall,178,hanze,HANZE v3.0.1b id 1205; end 1880-10-14; persons affected 12000
hanze-1206,1881-01-16T12:00:00Z,day,40.24,-3.65,country,Spain (ES614;ES618),flash flood — Extreme rainfall,5,hanze,HANZE v3.0.1b id 1206; end 1881-01-16; persons affected n/a
hanze-1207,1881-04-06T12:00:00Z,day,40.24,-3.65,country,Spain (ES617),flash flood — Extreme rainfall,13,hanze,HANZE v3.0.1b id 1207; end 1881-04-06; persons affected n/a
hanze-1208,1884-09-14T12:00:00Z,day,40.24,-3.65,country,Spain (ES511;ES512),flash flood — Extreme rainfall,4,hanze,HANZE v3.0.1b id 1208; end 1884-09-15; persons affected n/a
hanze-1209,1887-05-14T12:00:00Z,day,40.24,-3.65,country,Spain (ES614),flash flood — Extreme rainfall,1,hanze,HANZE v3.0.1b id 1209; end 1887-05-14; persons affected n/a
hanze-1210,1888-05-23T12:00:00Z,day,40.24,-3.65,country,Spain (ES423),flash flood — Extreme rainfall,1,hanze,HANZE v3.0.1b id 1210; end 1888-05-23; persons affected n/a
hanze-1211,1888-09-06T12:00:00Z,day,40.24,-3.65,country,Spain (ES611),flash flood — Extreme rainfall,3,hanze,HANZE v3.0.1b id 1211; end 1888-09-06; persons affected n/a
hanze-1212,1890-09-18T12:00:00Z,day,40.24,-3.65,country,Spain (ES514),flash flood — Extreme rainfall,6,hanze,HANZE v3.0.1b id 1212; end 1890-09-18; persons affected n/a
hanze-1213,1891-09-11T12:00:00Z,day,40.24,-3.65,country,Spain (ES425),flash flood — Extreme rainfall,370,hanze,HANZE v3.0.1b id 1213; end 1891-09-11; persons affected 3000
hanze-1214,1891-09-11T12:00:00Z,day,40.24,-3.65,country,Spain (ES611),flash flood — Extreme rainfall (3 h),19,hanze,HANZE v3.0.1b id 1214; end 1891-09-11; persons affected 2900
hanze-1215,1892-03-08T12:00:00Z,day,40.24,-3.65,country,Spain (ES618),flash flood — Extreme rainfall,1,hanze,HANZE v3.0.1b id 1215; end 1892-03-08; persons affected n/a
hanze-1216,1893-09-14T12:00:00Z,day,40.24,-3.65,country,Spain (ES300;ES418),river flood — Heavy rainfall,0,hanze,HANZE v3.0.1b id 1216; end 1893-09-17; persons affected 1500
hanze-1217,1894-03-30T12:00:00Z,day,40.24,-3.65,country,Spain (ES611),flash flood — Extreme rainfall,1,hanze,HANZE v3.0.1b id 1217; end 1894-03-30; persons affected n/a
hanze-1218,1895-04-05T12:00:00Z,day,40.24,-3.65,country,Spain (ES620),river flood — Heavy rainfall,1,hanze,HANZE v3.0.1b id 1218; end 1895-04-10; persons affected n/a
hanze-1219,1895-10-22T12:00:00Z,day,40.24,-3.65,country,Spain (ES111),flash flood — Extreme rainfall,1,hanze,HANZE v3.0.1b id 1219; end 1895-10-22; persons affected n/a
hanze-1220,1897-01-06T12:00:00Z,day,40.24,-3.65,country,Spain (ES618),flash flood — Extreme rainfall,1,hanze,HANZE v3.0.1b id 1220; end 1897-01-06; persons affected n/a
hanze-1221,1897-09-12T12:00:00Z,day,40.24,-3.65,country,Spain (ES422),flash flood — Extreme rainfall,3,hanze,HANZE v3.0.1b id 1221; end 1897-09-12; persons affected n/a
hanze-1222,1901-09-21T12:00:00Z,day,40.24,-3.65,country,Spain (ES511),flash flood — Extreme rainfall,1,hanze,HANZE v3.0.1b id 1222; end 1901-09-21; persons affected n/a
hanze-1223,1906-09-25T12:00:00Z,day,40.24,-3.65,country,Spain (ES620),flash flood — Extreme rainfall,24,hanze,HANZE v3.0.1b id 1223; end 1906-09-25; persons affected 1200
hanze-1224,1907-09-23T12:00:00Z,day,40.24,-3.65,country,Spain (ES617),flash flood — Extreme rainfall,21,hanze,HANZE v3.0.1b id 1224; end 1907-09-24; persons affected n/a
hanze-1225,1907-10-20T12:00:00Z,day,40.24,-3.65,country,Spain (ES513;ES514),flash flood — Extreme rainfall,3,hanze,HANZE v3.0.1b id 1225; end 1907-10-22; persons affected 2000
hanze-1226,1907-10-22T12:00:00Z,day,40.24,-3.65,country,Spain (ES513;ES514),flash flood — Extreme rainfall,32,hanze,HANZE v3.0.1b id 1226; end 1907-10-22; persons affected n/a
hanze-1227,1908-11-16T12:00:00Z,day,40.24,-3.65,country,Spain (ES512),flash flood — Extreme rainfall,1,hanze,HANZE v3.0.1b id 1227; end 1908-11-16; persons affected n/a
hanze-1228,1909-09-01T12:00:00Z,day,40.24,-3.65,country,Spain (ES120),river flood — Heavy rainfall,2,hanze,HANZE v3.0.1b id 1228; end 1909-09-01; persons affected n/a
hanze-1229,1909-12-20T12:00:00Z,day,40.24,-3.65,country,Spain (ES415;ES419),river flood — Heavy rainfall,0,hanze,HANZE v3.0.1b id 1229; end 1909-12-20; persons affected 1300
hanze-1230,1910-05-03T12:00:00Z,day,40.24,-3.65,country,Spain (ES243),river flood — Heavy rainfall,1,hanze,HANZE v3.0.1b id 1230; end 1910-05-03; persons affected n/a
hanze-1231,1912-02-01T12:00:00Z,day,40.24,-3.65,country,Spain (ES432),flash flood — Extreme rainfall,1,hanze,HANZE v3.0.1b id 1231; end 1912-02-01; persons affected n/a
hanze-1232,1914-12-01T12:00:00Z,day,40.24,-3.65,country,Spain (ES114),flash flood — Extreme rainfall,2,hanze,HANZE v3.0.1b id 1232; end 1914-12-01; persons affected n/a
hanze-1233,1916-12-02T12:00:00Z,day,40.24,-3.65,country,Spain (ES512),flash flood — Extreme rainfall,2,hanze,HANZE v3.0.1b id 1233; end 1916-12-02; persons affected n/a
hanze-1234,1916-12-19T12:00:00Z,day,40.24,-3.65,country,Spain (ES230),flash flood — Extreme rainfall,0,hanze,HANZE v3.0.1b id 1234; end 1916-12-19; persons affected 400
hanze-1235,1917-03-05T12:00:00Z,day,40.24,-3.65,country,Spain (ES614),flash flood — Extreme rainfall,7,hanze,HANZE v3.0.1b id 1235; end 1917-03-05; persons affected n/a
hanze-1236,1919-09-29T12:00:00Z,day,40.24,-3.65,country,Spain (ES521),flash flood — Extreme rainfall,19,hanze,HANZE v3.0.1b id 1236; end 1919-09-29; persons affected n/a
hanze-1237,1921-09-18T12:00:00Z,day,40.24,-3.65,country,Spain (ES423),flash flood — Extreme rainfall,13,hanze,HANZE v3.0.1b id 1237; end 1921-09-18; persons affected n/a
hanze-1238,1921-09-21T12:00:00Z,day,40.24,-3.65,country,Spain (ES614),flash flood — Extreme rainfall,1,hanze,HANZE v3.0.1b id 1238; end 1921-09-21; persons affected 480
hanze-1239,1923-09-13T12:00:00Z,day,40.24,-3.65,country,Spain (ES243;ES511),flash flood — Extreme rainfall,4,hanze,HANZE v3.0.1b id 1239; end 1923-09-13; persons affected n/a
hanze-1240,1924-03-20T12:00:00Z,day,40.24,-3.65,country,Spain (ES616;ES618),river flood — Heavy rainfall,18,hanze,HANZE v3.0.1b id 1240; end 1924-03-20; persons affected n/a
hanze-1241,1924-03-28T12:00:00Z,day,40.24,-3.65,country,Spain (ES418),river flood — Heavy rainfall,0,hanze,HANZE v3.0.1b id 1241; end 1924-03-29; persons affected 1600
hanze-1242,1926-07-06T12:00:00Z,day,40.24,-3.65,country,Spain (ES514),flash flood — Extreme rainfall,1,hanze,HANZE v3.0.1b id 1242; end 1926-07-06; persons affected n/a
hanze-1243,1926-08-31T12:00:00Z,day,40.24,-3.65,country,Spain (ES511),flash flood — Extreme rainfall,16,hanze,HANZE v3.0.1b id 1243; end 1926-08-31; persons affected n/a
hanze-1244,1926-12-01T12:00:00Z,day,40.24,-3.65,country,Spain (ES212;ES220),river flood — Heavy rainfall,3,hanze,HANZE v3.0.1b id 1244; end 1926-12-01; persons affected n/a
hanze-1245,1930-06-04T12:00:00Z,day,40.24,-3.65,country,Spain (ES300),flash flood — Extreme rainfall,1,hanze,HANZE v3.0.1b id 1245; end 1930-06-04; persons affected n/a
hanze-1246,1930-06-05T12:00:00Z,day,40.24,-3.65,country,Spain (ES618),flash flood — Extreme rainfall,0,hanze,HANZE v3.0.1b id 1246; end 1930-06-05; persons affected 600
hanze-1247,1930-10-18T12:00:00Z,day,40.24,-3.65,country,Spain (ES514),flash flood — Extreme rainfall,10,hanze,HANZE v3.0.1b id 1247; end 1930-10-18; persons affected n/a
hanze-1248,1931-09-24T12:00:00Z,day,40.24,-3.65,country,Spain (ES620),flash flood — Extreme rainfall,3,hanze,HANZE v3.0.1b id 1248; end 1931-09-24; persons affected n/a
hanze-1249,1933-06-01T12:00:00Z,day,40.24,-3.65,country,Spain (ES212;ES220),river flood — Heavy rainfall,2,hanze,HANZE v3.0.1b id 1249; end 1933-06-01; persons affected n/a
hanze-1250,1933-10-01T12:00:00Z,day,40.24,-3.65,country,Spain (ES212),river flood — Heavy rainfall,2,hanze,HANZE v3.0.1b id 1250; end 1933-10-01; persons affected n/a
hanze-1251,1935-12-26T12:00:00Z,day,40.24,-3.65,country,Spain (ES411),flash flood — Extreme rainfall,7,hanze,HANZE v3.0.1b id 1251; end 1935-12-26; persons affected n/a
hanze-1252,1936-02-19T12:00:00Z,day,40.24,-3.65,country,Spain (ES618),flash flood — Extreme rainfall,1,hanze,HANZE v3.0.1b id 1252; end 1936-02-19; persons affected 810
hanze-1253,1937-09-25T12:00:00Z,day,40.24,-3.65,country,Spain (ES243),river flood — Heavy rainfall,2,hanze,HANZE v3.0.1b id 1253; end 1937-10-02; persons affected n/a
hanze-1254,1940-02-02T12:00:00Z,day,40.24,-3.65,country,Spain (ES615),flash flood — Extreme rainfall,1,hanze,HANZE v3.0.1b id 1254; end 1940-02-02; persons affected 600
hanze-1255,1940-10-16T12:00:00Z,day,40.24,-3.65,country,Spain (ES511;ES512),flash flood — Extreme rainfall up to 866 mm in 24 h,90,hanze,HANZE v3.0.1b id 1255; end 1940-10-20; persons affected 6000
hanze-1256,1941-01-20T12:00:00Z,day,40.24,-3.65,country,Spain (ES618),flash flood — Extreme rainfall,3,hanze,HANZE v3.0.1b id 1256; end 1941-01-20; persons affected n/a
hanze-1257,1945-10-01T12:00:00Z,day,40.24,-3.65,country,Spain (ES212),river flood — Heavy rainfall,20,hanze,HANZE v3.0.1b id 1257; end 1945-10-01; persons affected n/a
hanze-1258,1947-02-15T12:00:00Z,day,40.24,-3.65,country,Spain (ES431),river flood — Heavy rainfall,1,hanze,HANZE v3.0.1b id 1258; end 1947-02-15; persons affected n/a
hanze-1259,1947-09-28T12:00:00Z,day,40.24,-3.65,country,Spain (ES620),flash flood — Extreme rainfall,12,hanze,HANZE v3.0.1b id 1259; end 1947-09-28; persons affected 800
hanze-1260,1948-01-27T12:00:00Z,day,40.24,-3.65,country,Spain (ES418),river flood — Heavy rainfall,0,hanze,HANZE v3.0.1b id 1260; end 1948-01-27; persons affected 600
hanze-1261,1948-02-27T12:00:00Z,day,40.24,-3.65,country,Spain (ES511),flash flood — Extreme rainfall,0,hanze,HANZE v3.0.1b id 1261; end 1948-02-27; persons affected 320
hanze-1262,1949-09-07T12:00:00Z,day,40.24,-3.65,country,Spain (ES612;ES614;ES616),river flood — Heavy rainfall,12,hanze,HANZE v3.0.1b id 1262; end 1949-09-07; persons affected n/a
hanze-1263,1949-12-27T12:00:00Z,day,40.24,-3.65,country,Spain (ES618),flash flood — Extreme rainfall,19,hanze,HANZE v3.0.1b id 1263; end 1949-12-27; persons affected n/a
hanze-1264,1950-08-15T12:00:00Z,day,40.24,-3.65,country,Spain (ES614;ES616),flash flood — Extreme rainfall,10,hanze,HANZE v3.0.1b id 1264; end 1950-08-15; persons affected n/a
hanze-1265,1951-09-12T12:00:00Z,day,40.24,-3.65,country,Spain (ES614),flash flood — Extreme rainfall,2,hanze,HANZE v3.0.1b id 1265; end 1951-09-12; persons affected n/a
hanze-1266,1952-02-02T12:00:00Z,day,40.24,-3.65,country,Spain (ES220;ES243),river flood — Heavy rainfall,,hanze,HANZE v3.0.1b id 1266; end 1952-02-02; persons affected 3750
hanze-1267,1952-05-21T12:00:00Z,day,40.24,-3.65,country,Spain (ES431),flash flood — Extreme rainfall,3,hanze,HANZE v3.0.1b id 1267; end 1952-05-21; persons affected n/a
hanze-1268,1953-10-14T12:00:00Z,day,40.24,-3.65,country,Spain (ES212;ES213;ES220),flash flood — Extreme rainfall up to 313 mm in 24 h,27,hanze,HANZE v3.0.1b id 1268; end 1953-10-14; persons affected n/a
hanze-1269,1955-09-17T12:00:00Z,day,40.24,-3.65,country,Spain (ES612;ES616),flash flood — Extreme rainfall,5,hanze,HANZE v3.0.1b id 1269; end 1955-09-17; persons affected n/a
hanze-1270,1955-12-15T12:00:00Z,day,40.24,-3.65,country,Spain (ES414),river flood — Heavy rainfall,1,hanze,HANZE v3.0.1b id 1270; end 1955-12-18; persons affected n/a
hanze-1271,1956-03-27T12:00:00Z,day,40.24,-3.65,country,Spain (ES413),flash flood — Extreme rainfall,0,hanze,HANZE v3.0.1b id 1271; end 1956-03-27; persons affected 800
hanze-1272,1957-10-02T12:00:00Z,day,40.24,-3.65,country,Spain (ES521),flash flood — Extreme rainfall up to 871 mm in 24 h,0,hanze,HANZE v3.0.1b id 1272; end 1957-10-03; persons affected n/a
hanze-1273,1957-10-13T12:00:00Z,day,40.24,-3.65,country,Spain (ES523),river flood — Heavy rainfall up to 400 mm in 48 h,86,hanze,HANZE v3.0.1b id 1273; end 1957-10-14; persons affected 23200
hanze-1274,1959-08-29T12:00:00Z,day,40.24,-3.65,country,Spain (ES211),flash flood — Extreme rainfall,4,hanze,HANZE v3.0.1b id 1274; end 1959-08-29; persons affected 420
hanze-1275,1959-09-01T12:00:00Z,day,40.24,-3.65,country,Spain (ES413),flash flood — Extreme rainfall,0,hanze,HANZE v3.0.1b id 1275; end 1959-09-01; persons affected 380
hanze-1276,1959-09-30T12:00:00Z,day,40.24,-3.65,country,Spain (ES532),flash flood — Extreme rainfall up to 234 mm in 24 h,1,hanze,HANZE v3.0.1b id 1276; end 1959-09-30; persons affected n/a
hanze-1277,1959-12-01T12:00:00Z,day,40.24,-3.65,country,Spain (ES111;ES114),river flood — Heavy rainfall,3,hanze,HANZE v3.0.1b id 1277; end 1959-12-01; persons affected n/a
hanze-1278,1959-12-26T12:00:00Z,day,40.24,-3.65,country,Spain (ES412;ES413),river flood — Heavy rainfall,2,hanze,HANZE v3.0.1b id 1278; end 1959-12-29; persons affected n/a
hanze-1279,1960-01-02T12:00:00Z,day,40.24,-3.65,country,Spain (ES415;ES418),river flood — Heavy rainfall,1,hanze,HANZE v3.0.1b id 1279; end 1960-01-02; persons affected n/a
hanze-1280,1960-02-15T12:00:00Z,day,40.24,-3.65,country,Spain (ES613;ES614;ES616;ES618),river flood — Heavy rainfall,6,hanze,HANZE v3.0.1b id 1280; end 1960-02-15; persons affected n/a
hanze-1281,1960-12-31T12:00:00Z,day,40.24,-3.65,country,Spain (ES431),river flood — Heavy rainfall,,hanze,HANZE v3.0.1b id 1281; end 1960-12-31; persons affected 2000
hanze-1282,1961-11-25T12:00:00Z,day,40.24,-3.65,country,Spain (ES618),flash flood — Extreme rainfall,,hanze,HANZE v3.0.1b id 1282; end 1961-11-26; persons affected 125000
hanze-1283,1961-11-25T12:00:00Z,day,40.24,-3.65,country,Spain (ES413;ES414;ES415;ES419),river flood — Heavy rainfall,2,hanze,HANZE v3.0.1b id 1283; end 1961-11-25; persons affected 11550
hanze-1284,1961-12-31T12:00:00Z,day,40.24,-3.65,country,Spain (ES431),river flood — Heavy rainfall,0,hanze,HANZE v3.0.1b id 1284; end 1961-12-31; persons affected 2120
hanze-1285,1962-01-03T12:00:00Z,day,40.24,-3.65,country,Spain (ES618),flash flood — Extreme rainfall,,hanze,HANZE v3.0.1b id 1285; end 1962-01-03; persons affected 20000
hanze-1286,1962-09-25T12:00:00Z,day,40.24,-3.65,country,Spain (ES532),flash flood — Extreme rainfall,2,hanze,HANZE v3.0.1b id 1286; end 1962-09-25; persons affected n/a
hanze-1287,1962-09-25T12:00:00Z,day,40.24,-3.65,country,Spain (ES511),flash flood — Extreme rainfall up to 250 mm in less than 6 h,815,hanze,HANZE v3.0.1b id 1287; end 1962-09-27; persons affected 20000
hanze-1288,1962-11-04T12:00:00Z,day,40.24,-3.65,country,Spain (ES511),flash flood — Extreme rainfall,0,hanze,HANZE v3.0.1b id 1288; end 1962-11-04; persons affected 900
hanze-1289,1963-01-01T12:00:00Z,day,40.24,-3.65,country,Spain (ES431),river flood — Heavy rainfall,0,hanze,HANZE v3.0.1b id 1289; end 1963-01-01; persons affected 2000
hanze-1290,1963-02-15T12:00:00Z,day,40.24,-3.65,country,Spain (ES612;ES613),river flood — Heavy rainfall,18,hanze,HANZE v3.0.1b id 1290; end 1963-02-15; persons affected n/a
hanze-2552,1963-02-15T12:00:00Z,day,40.24,-3.65,country,Spain (ES614;ES616;ES618),river flood — Heavy rainfall,,hanze,HANZE v3.0.1b id 2552; end 1963-02-15; persons affected 45800
hanze-1291,1964-08-12T12:00:00Z,day,40.24,-3.65,country,Spain (ES511;ES514),flash flood — Extreme rainfall,2,hanze,HANZE v3.0.1b id 1291; end 1964-08-12; persons affected n/a
hanze-1292,1965-10-07T12:00:00Z,day,40.24,-3.65,country,Spain (ES511),flash flood — Extreme rainfall,1,hanze,HANZE v3.0.1b id 1292; end 1965-10-07; persons affected n/a
hanze-1293,1965-10-20T12:00:00Z,day,40.24,-3.65,country,Spain (ES512),flash flood — Extreme rainfall,1,hanze,HANZE v3.0.1b id 1293; end 1965-10-20; persons affected n/a
hanze-1294,1970-01-07T12:00:00Z,day,40.24,-3.65,country,Spain (ES431),river flood — Heavy rainfall,0,hanze,HANZE v3.0.1b id 1294; end 1970-01-07; persons affected 2600
hanze-1295,1970-01-13T12:00:00Z,day,40.24,-3.65,country,Spain (ES612),flash flood — Extreme rainfall,1,hanze,HANZE v3.0.1b id 1295; end 1970-01-13; persons affected n/a
hanze-1296,1970-10-11T12:00:00Z,day,40.24,-3.65,country,Spain (ES512),flash flood — Extreme rainfall up to 230 mm in 24 h,8,hanze,HANZE v3.0.1b id 1296; end 1970-10-11; persons affected 2400
hanze-1297,1971-09-20T12:00:00Z,day,40.24,-3.65,country,Spain (ES511;ES512),river flood — Heavy rainfall up to 308 mm in 24 h,11,hanze,HANZE v3.0.1b id 1297; end 1971-09-23; persons affected 6600
hanze-1298,1971-12-04T12:00:00Z,day,40.24,-3.65,country,Spain (ES511),flash flood — Extreme rainfall,7,hanze,HANZE v3.0.1b id 1298; end 1971-12-06; persons affected 500
hanze-1299,1972-10-17T12:00:00Z,day,40.24,-3.65,country,Spain (ES611;ES620),flash flood — Extreme rainfall,,hanze,HANZE v3.0.1b id 1299; end 1972-10-20; persons affected 4000
hanze-2609,1972-11-01T12:00:00Z,day,40.24,-3.65,country,Spain (ES423),flash flood — Extreme rainfall,0,hanze,HANZE v3.0.1b id 2609; end 1972-11-01; persons affected n/a
hanze-2907,1972-11-04T12:00:00Z,day,40.24,-3.65,country,Spain (ES521),flash flood — Extreme rainfall up to 330 mm in 1 h,0,hanze,HANZE v3.0.1b id 2907; end 1972-11-04; persons affected n/a
hanze-1300,1973-06-01T12:00:00Z,day,40.24,-3.65,country,Spain (ES618),flash flood — Extreme rainfall,1,hanze,HANZE v3.0.1b id 1300; end 1973-06-01; persons affected 800
hanze-1301,1973-09-07T12:00:00Z,day,40.24,-3.65,country,Spain (ES511),flash flood — Extreme rainfall,1,hanze,HANZE v3.0.1b id 1301; end 1973-09-07; persons affected n/a
hanze-1302,1973-10-18T12:00:00Z,day,40.24,-3.65,country,Spain (ES611;ES614;ES620),flash flood — Extreme rainfall up to 250 mm,300,hanze,HANZE v3.0.1b id 1302; end 1973-10-19; persons affected 20000
hanze-1303,1974-03-30T12:00:00Z,day,40.24,-3.65,country,Spain (ES532),flash flood — Extreme rainfall up to 282 mm in 24 h,2,hanze,HANZE v3.0.1b id 1303; end 1974-03-30; persons affected n/a
hanze-1304,1974-09-17T12:00:00Z,day,40.24,-3.65,country,Spain (ES511),flash flood — Extreme rainfall,1,hanze,HANZE v3.0.1b id 1304; end 1974-09-17; persons affected n/a
hanze-1305,1976-11-15T12:00:00Z,day,40.24,-3.65,country,Spain (ES120),flash flood — Extreme rainfall,1,hanze,HANZE v3.0.1b id 1305; end 1976-11-15; persons affected n/a
hanze-2610,1976-06-12T12:00:00Z,day,40.24,-3.65,country,Spain (ES211;ES213),flash flood — Extreme rainfall,1,hanze,HANZE v3.0.1b id 2610; end 1976-06-12; persons affected n/a
hanze-1306,1977-01-06T12:00:00Z,day,40.24,-3.65,country,Spain (ES512),river flood — Heavy rainfall,1,hanze,HANZE v3.0.1b id 1306; end 1977-01-08; persons affected n/a
hanze-1307,1977-06-11T12:00:00Z,day,40.24,-3.65,country,Spain (ES213),flash flood — Extreme rainfall,1,hanze,HANZE v3.0.1b id 1307; end 1977-06-11; persons affected n/a
hanze-1308,1978-02-03T12:00:00Z,day,40.24,-3.65,country,Spain (ES130;ES213),river flood — Heavy rainfall,2,hanze,HANZE v3.0.1b id 1308; end 1978-02-03; persons affected n/a
hanze-1309,1978-06-06T12:00:00Z,day,40.24,-3.65,country,Spain (ES130),river flood — Heavy rainfall,2,hanze,HANZE v3.0.1b id 1309; end 1978-06-07; persons affected n/a
hanze-1310,1978-12-26T12:00:00Z,day,40.24,-3.65,country,Spain (ES113;ES114),river flood — Heavy rainfall,2,hanze,HANZE v3.0.1b id 1310; end 1978-12-27; persons affected n/a
hanze-1311,1979-07-01T12:00:00Z,day,40.24,-3.65,country,Spain (ES422),flash flood — Extreme rainfall,22,hanze,HANZE v3.0.1b id 1311; end 1979-07-02; persons affected 600
hanze-1312,1979-10-12T12:00:00Z,day,40.24,-3.65,country,Spain (ES618),river flood — Heavy rainfall,0,hanze,HANZE v3.0.1b id 1312; end 1979-10-20; persons affected 700
hanze-2611,1979-02-10T12:00:00Z,day,40.24,-3.65,country,Spain (ES415;ES431),river flood — Heavy rainfall,0,hanze,HANZE v3.0.1b id 2611; end 1979-02-10; persons affected 363
hanze-1313,1980-12-19T12:00:00Z,day,40.24,-3.65,country,Spain (ES213;ES220;ES230;ES412;ES413),river flood — Heavy rainfall,2,hanze,HANZE v3.0.1b id 1313; end 1980-12-23; persons affected n/a
hanze-1314,1981-08-22T12:00:00Z,day,40.24,-3.65,country,Spain (ES616),flash flood — Extreme rainfall,2,hanze,HANZE v3.0.1b id 1314; end 1981-08-23; persons affected n/a
hanze-1315,1982-10-19T12:00:00Z,day,40.24,-3.65,country,Spain (ES421;ES521;ES523;ES620),flash flood — Extreme rainfall up to 200 mm in 24 h,38,hanze,HANZE v3.0.1b id 1315; end 1982-10-21; persons affected 160000
hanze-1316,1982-11-06T12:00:00Z,day,40.24,-3.65,country,Spain (ES511;ES512;ES513;ES613;ES614;ES615),river flood — Heavy rainfall up to 556 mm in 3 days,14,hanze,HANZE v3.0.1b id 1316; end 1982-11-09; persons affected 112000
hanze-2678,1982-02-16T12:00:00Z,day,40.24,-3.65,country,Spain (ES512),flash flood — Extreme rainfall up to 251 mm in 24 h,1,hanze,HANZE v3.0.1b id 2678; end 1982-02-16; persons affected n/a
hanze-1317,1983-08-25T12:00:00Z,day,40.24,-3.65,country,Spain (ES120;ES130;ES211;ES212;ES213;ES220;ES412),flash flood — Extreme rainfall up to 503 mm in 24 h,45,hanze,HANZE v3.0.1b id 1317; end 1983-08-27; persons affected 106000
hanze-1318,1983-09-29T12:00:00Z,day,40.24,-3.65,country,Spain (ES613;ES614),flash flood — Extreme rainfall,1,hanze,HANZE v3.0.1b id 1318; end 1983-09-29; persons affected n/a
hanze-1319,1983-11-18T12:00:00Z,day,40.24,-3.65,country,Spain (ES431;ES615;ES618),river flood — Heavy rainfall up to 336 mm in 18 days,0,hanze,HANZE v3.0.1b id 1319; end 1983-11-23; persons affected 3280
hanze-2303,1983-11-06T12:00:00Z,day,40.24,-3.65,country,Spain (ES511;ES512;ES523),river flood — Heavy rainfall up to 367 mm in 3 days,2,hanze,HANZE v3.0.1b id 2303; end 1983-11-08; persons affected n/a
hanze-2679,1984-06-17T12:00:00Z,day,40.24,-3.65,country,Spain (ES431),river flood — Heavy rainfall,0,hanze,HANZE v3.0.1b id 2679; end 1984-06-19; persons affected n/a
hanze-1320,1985-02-09T12:00:00Z,day,40.24,-3.65,country,Spain (ES413),river flood — Heavy rainfall,0,hanze,HANZE v3.0.1b id 1320; end 1985-02-12; persons affected 330
hanze-1321,1985-11-14T12:00:00Z,day,40.24,-3.65,country,Spain (ES521;ES532),flash flood — Extreme rainfall,7,hanze,HANZE v3.0.1b id 1321; end 1985-11-15; persons affected n/a
hanze-2681,1985-02-20T12:00:00Z,day,40.24,-3.65,country,Spain (ES620),flash flood — Extreme rainfall,0,hanze,HANZE v3.0.1b id 2681; end 1985-02-20; persons affected 264
hanze-1322,1986-07-25T12:00:00Z,day,40.24,-3.65,country,Spain (ES620),flash flood — Extreme rainfall up to 100 mm in 5 h,0,hanze,HANZE v3.0.1b id 1322; end 1986-07-26; persons affected 3430
hanze-1323,1986-09-30T12:00:00Z,day,40.24,-3.65,country,Spain (ES511),flash flood — Extreme rainfall,1,hanze,HANZE v3.0.1b id 1323; end 1986-09-30; persons affected n/a
hanze-1324,1986-10-03T12:00:00Z,day,40.24,-3.65,country,Spain (ES521;ES523;ES620),river flood — Heavy rainfall,4,hanze,HANZE v3.0.1b id 1324; end 1986-10-05; persons affected 2680
hanze-2682,1986-10-11T12:00:00Z,day,40.24,-3.65,country,Spain (ES512;ES613),river flood — Heavy rainfall,0,hanze,HANZE v3.0.1b id 2682; end 1986-10-13; persons affected 430
hanze-2941,1986-09-23T12:00:00Z,day,40.24,-3.65,country,Spain (ES243),flash flood — Extreme rainfall,0,hanze,HANZE v3.0.1b id 2941; end 1986-09-23; persons affected 500
hanze-2942,1986-10-15T12:00:00Z,day,40.24,-3.65,country,Spain (ES614),flash flood — Extreme rainfall,3,hanze,HANZE v3.0.1b id 2942; end 1986-10-15; persons affected n/a
hanze-1325,1987-07-11T12:00:00Z,day,40.24,-3.65,country,Spain (ES616),flash flood — Extreme rainfall,4,hanze,HANZE v3.0.1b id 1325; end 1987-07-11; persons affected n/a
hanze-1326,1987-09-02T12:00:00Z,day,40.24,-3.65,country,Spain (ES241;ES513),flash flood — Extreme rainfall,6,hanze,HANZE v3.0.1b id 1326; end 1987-09-03; persons affected n/a
hanze-1328,1987-09-28T12:00:00Z,day,40.24,-3.65,country,Spain (ES511;ES512),river flood — Heavy rainfall up to 482 mm in 5 days,6,hanze,HANZE v3.0.1b id 1328; end 1987-10-06; persons affected 680
hanze-1329,1987-11-03T12:00:00Z,day,40.24,-3.65,country,Spain (ES521;ES523;ES620),river flood — Heavy rainfall up to 1000 mm in 36 h; up to 400 mm in 6 h,9,hanze,HANZE v3.0.1b id 1329; end 1987-11-05; persons affected 28000
hanze-1330,1988-07-19T12:00:00Z,day,40.24,-3.65,country,Spain (ES211;ES212),flash flood — Extreme rainfall,15,hanze,HANZE v3.0.1b id 1330; end 1988-07-20; persons affected 2640
hanze-1331,1988-11-12T12:00:00Z,day,40.24,-3.65,country,Spain (ES511;ES512;ES523;ES620),flash flood — Extreme rainfall up to 225 mm in 24 h,9,hanze,HANZE v3.0.1b id 1331; end 1988-11-12; persons affected 1700
hanze-1332,1989-09-03T12:00:00Z,day,40.24,-3.65,country,Spain (ES514;ES521;ES523;ES532;ES614;ES620),river flood — Heavy rainfall up to 150 mm in 3 h,3,hanze,HANZE v3.0.1b id 1332; end 1989-09-11; persons affected 36500
hanze-1333,1989-10-28T12:00:00Z,day,40.24,-3.65,country,Spain (ES513),flash flood — Extreme rainfall,1,hanze,HANZE v3.0.1b id 1333; end 1989-10-29; persons affected n/a
hanze-1334,1989-11-14T12:00:00Z,day,40.24,-3.65,country,Spain (ES522;ES612;ES613;ES615;ES617),flash flood — Extreme rainfall up to 150 mm in 3 h,12,hanze,HANZE v3.0.1b id 1334; end 1989-11-14; persons affected 6800
hanze-1335,1989-12-13T12:00:00Z,day,40.24,-3.65,country,Spain (ES613),river flood — Heavy rainfall,1,hanze,HANZE v3.0.1b id 1335; end 1989-12-16; persons affected n/a
hanze-2685,1989-09-18T12:00:00Z,day,40.24,-3.65,country,Spain (ES514),flash flood — Extreme rainfall,1,hanze,HANZE v3.0.1b id 2685; end 1989-09-18; persons affected n/a
hanze-2686,1989-12-01T12:00:00Z,day,40.24,-3.65,country,Spain (ES413),flash flood — Extreme rainfall,1,hanze,HANZE v3.0.1b id 2686; end 1989-12-01; persons affected n/a
hanze-1336,1990-05-11T12:00:00Z,day,40.24,-3.65,country,Spain (ES614),flash flood — Extreme rainfall,2,hanze,HANZE v3.0.1b id 1336; end 1990-05-11; persons affected 360
hanze-1337,1990-08-20T12:00:00Z,day,40.24,-3.65,country,Spain (ES411),flash flood — Extreme rainfall,1,hanze,HANZE v3.0.1b id 1337; end 1990-08-20; persons affected n/a
hanze-1338,1991-10-04T12:00:00Z,day,40.24,-3.65,country,Spain (ES523),flash flood — Extreme rainfall,1,hanze,HANZE v3.0.1b id 1338; end 1991-10-04; persons affected 450
hanze-1339,1992-06-19T12:00:00Z,day,40.24,-3.65,country,Spain (ES616),flash flood — Extreme rainfall,1,hanze,HANZE v3.0.1b id 1339; end 1992-06-19; persons affected 300
hanze-1340,1992-07-16T12:00:00Z,day,40.24,-3.65,country,Spain (ES513),river flood — Heavy rainfall,1,hanze,HANZE v3.0.1b id 1340; end 1992-07-18; persons affected n/a
hanze-1341,1992-10-05T12:00:00Z,day,40.24,-3.65,country,Spain (ES120),flash flood — Extreme rainfall,1,hanze,HANZE v3.0.1b id 1341; end 1992-10-05; persons affected n/a
hanze-2304,1992-06-23T12:00:00Z,day,40.24,-3.65,country,Spain (ES212),flash flood — Extreme rainfall,,hanze,HANZE v3.0.1b id 2304; end 1992-06-23; persons affected 260
hanze-2305,1992-07-08T12:00:00Z,day,40.24,-3.65,country,Spain (ES614),flash flood — Extreme rainfall,0,hanze,HANZE v3.0.1b id 2305; end 1992-07-08; persons affected 800
hanze-1342,1993-12-24T12:00:00Z,day,40.24,-3.65,country,Spain (ES120;ES211;ES212;ES213;ES220;ES241;ES243;ES412),river flood — Heavy rainfall,3,hanze,HANZE v3.0.1b id 1342; end 1994-01-01; persons affected n/a
hanze-1343,1994-01-09T12:00:00Z,day,40.24,-3.65,country,Spain (ES113),flash flood — Extreme rainfall,1,hanze,HANZE v3.0.1b id 1343; end 1994-01-10; persons affected n/a
hanze-1344,1994-05-13T12:00:00Z,day,40.24,-3.65,country,Spain (ES432),flash flood — Extreme rainfall,1,hanze,HANZE v3.0.1b id 1344; end 1994-05-13; persons affected n/a
hanze-1345,1994-10-09T12:00:00Z,day,40.24,-3.65,country,Spain (ES511;ES512;ES514),river flood — Heavy rainfall up to 424 mm in 3 days,9,hanze,HANZE v3.0.1b id 1345; end 1994-10-11; persons affected n/a
hanze-1346,1994-10-15T12:00:00Z,day,40.24,-3.65,country,Spain (ES611),flash flood — Extreme rainfall,1,hanze,HANZE v3.0.1b id 1346; end 1994-10-15; persons affected n/a
hanze-1347,1994-11-04T12:00:00Z,day,40.24,-3.65,country,Spain (ES513),flash flood — Extreme rainfall,1,hanze,HANZE v3.0.1b id 1347; end 1994-11-04; persons affected n/a
hanze-1348,1995-06-07T12:00:00Z,day,40.24,-3.65,country,Spain (ES422;ES431;ES614),flash flood — Extreme rainfall,0,hanze,HANZE v3.0.1b id 1348; end 1995-06-09; persons affected 2260
hanze-1349,1995-06-24T12:00:00Z,day,40.24,-3.65,country,Spain (ES300),flash flood — Extreme rainfall,1,hanze,HANZE v3.0.1b id 1349; end 1995-06-24; persons affected 200
hanze-1350,1995-08-09T12:00:00Z,day,40.24,-3.65,country,Spain (ES243;ES422;ES424),flash flood — Extreme rainfall,9,hanze,HANZE v3.0.1b id 1350; end 1995-08-10; persons affected n/a
hanze-1351,1995-09-04T12:00:00Z,day,40.24,-3.65,country,Spain (ES511),flash flood — Extreme rainfall,1,hanze,HANZE v3.0.1b id 1351; end 1995-09-04; persons affected n/a
hanze-1352,1995-09-18T12:00:00Z,day,40.24,-3.65,country,Spain (ES511),river flood — Heavy rainfall,1,hanze,HANZE v3.0.1b id 1352; end 1995-09-21; persons affected n/a
hanze-1353,1995-11-09T12:00:00Z,day,40.24,-3.65,country,Spain (ES422;ES431;ES613;ES615),river flood — Heavy rainfall,1,hanze,HANZE v3.0.1b id 1353; end 1995-11-11; persons affected 8800
hanze-1354,1995-12-01T12:00:00Z,day,40.24,-3.65,country,Spain (ES432;ES613;ES616;ES618),river flood — Heavy rainfall,1,hanze,HANZE v3.0.1b id 1354; end 1995-12-10; persons affected 1180
hanze-1355,1995-12-12T12:00:00Z,day,40.24,-3.65,country,Spain (ES412;ES413;ES419),river flood — Heavy rainfall,3,hanze,HANZE v3.0.1b id 1355; end 1995-12-15; persons affected 1830
hanze-2733,1995-09-20T12:00:00Z,day,40.24,-3.65,country,Spain (ES212),flash flood — Extreme rainfall,,hanze,HANZE v3.0.1b id 2733; end 1995-09-21; persons affected 1000
hanze-1356,1996-01-21T12:00:00Z,day,40.24,-3.65,country,Spain (ES513),flash flood — Extreme rainfall,2,hanze,HANZE v3.0.1b id 1356; end 1996-01-22; persons affected n/a
hanze-1357,1996-04-28T12:00:00Z,day,40.24,-3.65,country,Spain (ES615),flash flood — Extreme rainfall,0,hanze,HANZE v3.0.1b id 1357; end 1996-04-28; persons affected 400
hanze-1358,1996-05-30T12:00:00Z,day,40.24,-3.65,country,Spain (ES431),flash flood — Extreme rainfall,0,hanze,HANZE v3.0.1b id 1358; end 1996-05-30; persons affected 800
hanze-1359,1996-08-07T12:00:00Z,day,40.24,-3.65,country,Spain (ES241),flash flood — Extreme rainfall up to 160 mm in 1 h,87,hanze,HANZE v3.0.1b id 1359; end 1996-08-07; persons affected 800
hanze-1360,1996-08-13T12:00:00Z,day,40.24,-3.65,country,Spain (ES242;ES422;ES613;ES616),river flood — Heavy rainfall,0,hanze,HANZE v3.0.1b id 1360; end 1996-08-18; persons affected 1550
hanze-1361,1996-09-02T12:00:00Z,day,40.24,-3.65,country,Spain (ES511),flash flood — Extreme rainfall,2,hanze,HANZE v3.0.1b id 1361; end 1996-09-02; persons affected 3000
hanze-1362,1996-09-08T12:00:00Z,day,40.24,-3.65,country,Spain (ES521;ES523),flash flood — Extreme rainfall,2,hanze,HANZE v3.0.1b id 1362; end 1996-09-08; persons affected 4400
hanze-1363,1996-12-11T12:00:00Z,day,40.24,-3.65,country,Spain (ES300;ES422;ES425;ES612;ES613;ES615;ES616;ES618),river flood — Heavy rainfall up to 62 mm in 4 h,13,hanze,HANZE v3.0.1b id 1363; end 1996-12-26; persons affected 5000
hanze-1364,1997-01-20T12:00:00Z,day,40.24,-3.65,country,Spain (ES613;ES614;ES615;ES616;ES617;ES618),river flood — Heavy rainfall,3,hanze,HANZE v3.0.1b id 1364; end 1997-01-20; persons affected 4100
hanze-1365,1997-09-28T12:00:00Z,day,40.24,-3.65,country,Spain (ES521;ES523;ES615;ES620),river flood — Heavy rainfall,4,hanze,HANZE v3.0.1b id 1365; end 1997-10-01; persons affected 4400
hanze-1366,1997-11-01T12:00:00Z,day,40.24,-3.65,country,Spain (ES431;ES432;ES613;ES615;ES616),river flood — Heavy rainfall,25,hanze,HANZE v3.0.1b id 1366; end 1997-11-15; persons affected 9500
hanze-1367,1997-12-08T12:00:00Z,day,40.24,-3.65,country,Spain (ES616;ES618),river flood — Heavy rainfall,1,hanze,HANZE v3.0.1b id 1367; end 1997-12-08; persons affected 3100
hanze-2734,1997-05-31T12:00:00Z,day,40.24,-3.65,country,Spain (ES212),flash flood — Extreme rainfall up to 250 mm in 12 h,0,hanze,HANZE v3.0.1b id 2734; end 1997-06-01; persons affected n/a
hanze-2735,1997-08-02T12:00:00Z,day,40.24,-3.65,country,Spain (ES613),flash flood — Extreme rainfall,0,hanze,HANZE v3.0.1b id 2735; end 1997-08-02; persons affected 320
hanze-2736,1997-11-26T12:00:00Z,day,40.24,-3.65,country,Spain (ES511),flash flood — Extreme rainfall,1,hanze,HANZE v3.0.1b id 2736; end 1997-11-26; persons affected n/a
hanze-1368,1998-04-30T12:00:00Z,day,40.24,-3.65,country,Spain (ES112;ES120),river flood — Heavy rainfall,1,hanze,HANZE v3.0.1b id 1368; end 1998-05-05; persons affected n/a
hanze-1369,1998-05-16T12:00:00Z,day,40.24,-3.65,country,Spain (ES431),flash flood — Extreme rainfall,1,hanze,HANZE v3.0.1b id 1369; end 1998-05-16; persons affected 460
hanze-1370,1998-05-23T12:00:00Z,day,40.24,-3.65,country,Spain (ES614),flash flood — Extreme rainfall,0,hanze,HANZE v3.0.1b id 1370; end 1998-05-23; persons affected 1400
hanze-2306,1998-02-02T12:00:00Z,day,40.24,-3.65,country,Spain (ES431;ES615),flash flood — Extreme rainfall,0,hanze,HANZE v3.0.1b id 2306; end 1998-02-02; persons affected n/a
hanze-1371,1999-03-07T12:00:00Z,day,40.24,-3.65,country,Spain (ES111),river flood — Heavy rainfall,0,hanze,HANZE v3.0.1b id 1371; end 1999-03-07; persons affected 1170
hanze-1372,1999-08-31T12:00:00Z,day,40.24,-3.65,country,Spain (ES411;ES418),flash flood — Extreme rainfall,4,hanze,HANZE v3.0.1b id 1372; end 1999-09-01; persons affected 2500
hanze-1373,1999-09-13T12:00:00Z,day,40.24,-3.65,country,Spain (ES511;ES512),flash flood — Extreme rainfall,0,hanze,HANZE v3.0.1b id 1373; end 1999-09-14; persons affected 5200
hanze-2738,1999-02-27T12:00:00Z,day,40.24,-3.65,country,Spain (ES620),flash flood — Extreme rainfall,0,hanze,HANZE v3.0.1b id 2738; end 1999-03-01; persons affected 490
hanze-2739,1999-10-01T12:00:00Z,day,40.24,-3.65,country,Spain (ES613),flash flood — Extreme rainfall,0,hanze,HANZE v3.0.1b id 2739; end 1999-10-01; persons affected 260
hanze-1374,2000-06-10T12:00:00Z,day,40.24,-3.65,country,Spain (ES511;ES513;ES514),flash flood — Extreme rainfall up to 224 mm in 24 h,5,hanze,HANZE v3.0.1b id 1374; end 2000-06-10; persons affected 500
hanze-1375,2000-10-20T12:00:00Z,day,40.24,-3.65,country,Spain (ES111;ES112;ES114;ES242;ES514;ES522;ES523;ES611;ES620),river flood — Heavy rainfall,10,hanze,HANZE v3.0.1b id 1375; end 2000-10-23; persons affected 8000
hanze-1376,2000-10-30T12:00:00Z,day,40.24,-3.65,country,Spain (ES112;ES113),river flood — Heavy rainfall,0,hanze,HANZE v3.0.1b id 1376; end 2000-11-01; persons affected 6200
hanze-1377,2000-12-07T12:00:00Z,day,40.24,-3.65,country,Spain (ES415),flash flood — Extreme rainfall,0,hanze,HANZE v3.0.1b id 1377; end 2000-12-07; persons affected 800
hanze-2852,2000-08-04T12:00:00Z,day,40.24,-3.65,country,Spain (ES511),flash flood — Extreme rainfall,1,hanze,HANZE v3.0.1b id 2852; end 2000-08-04; persons affected n/a
hanze-1378,2001-01-26T12:00:00Z,day,40.24,-3.65,country,Spain (ES411;ES412;ES413;ES414;ES415;ES417;ES418;ES419),river flood — Heavy rainfall,0,hanze,HANZE v3.0.1b id 1378; end 2001-01-26; persons affected 2800
hanze-1379,2001-03-06T12:00:00Z,day,40.24,-3.65,country,Spain (ES414;ES418;ES419),river flood — Heavy rainfall,1,hanze,HANZE v3.0.1b id 1379; end 2001-03-07; persons affected n/a
hanze-1380,2001-05-18T12:00:00Z,day,40.24,-3.65,country,Spain (ES114;ES411;ES431),river flood — Heavy rainfall,1,hanze,HANZE v3.0.1b id 1380; end 2001-05-20; persons affected 1040
hanze-1381,2001-06-01T12:00:00Z,day,40.24,-3.65,country,Spain (ES411;ES412;ES413;ES414;ES415;ES417;ES418;ES419;ES615),flash flood — Extreme rainfall,0,hanze,HANZE v3.0.1b id 1381; end 2001-06-01; persons affected 1700
hanze-1382,2001-09-06T12:00:00Z,day,40.24,-3.65,country,Spain (ES411;ES421;ES532),flash flood — Extreme rainfall,0,hanze,HANZE v3.0.1b id 1382; end 2001-09-06; persons affected 650
hanze-1383,2001-11-02T12:00:00Z,day,40.24,-3.65,country,Spain (ES611;ES617),flash flood — Extreme rainfall,2,hanze,HANZE v3.0.1b id 1383; end 2001-11-02; persons affected n/a
hanze-1384,2001-11-11T12:00:00Z,day,40.24,-3.65,country,Spain (ES511;ES512;ES514),flash flood — Extreme rainfall,0,hanze,HANZE v3.0.1b id 1384; end 2001-11-11; persons affected 1500
hanze-2853,2001-03-01T12:00:00Z,day,40.24,-3.65,country,Spain (ES425),flash flood — Extreme rainfall,0,hanze,HANZE v3.0.1b id 2853; end 2001-03-02; persons affected 224
hanze-2854,2001-03-19T12:00:00Z,day,40.24,-3.65,country,Spain (ES114),flash flood — Extreme rainfall,0,hanze,HANZE v3.0.1b id 2854; end 2001-03-19; persons affected 252
hanze-2855,2001-07-04T12:00:00Z,day,40.24,-3.65,country,Spain (ES241),flash flood — Extreme rainfall,0,hanze,HANZE v3.0.1b id 2855; end 2001-07-05; persons affected 960
hanze-1385,2002-04-02T12:00:00Z,day,40.24,-3.65,country,Spain (ES521),flash flood — Extreme rainfall,2,hanze,HANZE v3.0.1b id 1385; end 2002-04-02; persons affected 1120
hanze-1386,2002-05-07T12:00:00Z,day,40.24,-3.65,country,Spain (ES521),flash flood — Extreme rainfall,0,hanze,HANZE v3.0.1b id 1386; end 2002-05-07; persons affected 1060
hanze-1387,2002-07-31T12:00:00Z,day,40.24,-3.65,country,Spain (ES511),flash flood — Extreme rainfall,0,hanze,HANZE v3.0.1b id 1387; end 2002-07-31; persons affected 1160
hanze-1388,2002-09-12T12:00:00Z,day,40.24,-3.65,country,Spain (ES511;ES514),flash flood — Extreme rainfall,0,hanze,HANZE v3.0.1b id 1388; end 2002-09-12; persons affected 1400
hanze-1389,2002-10-08T12:00:00Z,day,40.24,-3.65,country,Spain (ES511;ES512;ES514),flash flood — Extreme rainfall,0,hanze,HANZE v3.0.1b id 1389; end 2002-10-09; persons affected 2500
hanze-2307,2002-08-24T12:00:00Z,day,40.24,-3.65,country,Spain (ES212),river flood — Heavy rainfall,0,hanze,HANZE v3.0.1b id 2307; end 2002-08-28; persons affected 1022
hanze-2856,2002-04-09T12:00:00Z,day,40.24,-3.65,country,Spain (ES512),river flood — Heavy rainfall,0,hanze,HANZE v3.0.1b id 2856; end 2002-04-12; persons affected 224
hanze-2857,2002-11-11T12:00:00Z,day,40.24,-3.65,country,Spain (ES111;ES114),flash flood — Extreme rainfall,0,hanze,HANZE v3.0.1b id 2857; end 2002-11-11; persons affected 252
hanze-1390,2003-02-04T12:00:00Z,day,40.24,-3.65,country,Spain (ES220;ES230;ES243),flash flood — Extreme rainfall,1,hanze,HANZE v3.0.1b id 1390; end 2003-02-05; persons affected 1500
hanze-1391,2003-09-05T12:00:00Z,day,40.24,-3.65,country,Spain (ES616),flash flood — Extreme rainfall,1,hanze,HANZE v3.0.1b id 1391; end 2003-09-05; persons affected n/a
hanze-1392,2003-11-16T12:00:00Z,day,40.24,-3.65,country,Spain (ES120),flash flood — Extreme rainfall,2,hanze,HANZE v3.0.1b id 1392; end 2003-11-16; persons affected n/a
hanze-1393,2003-12-05T12:00:00Z,day,40.24,-3.65,country,Spain (ES615;ES617),river flood — Heavy rainfall,3,hanze,HANZE v3.0.1b id 1393; end 2003-12-06; persons affected n/a
hanze-2858,2003-02-24T12:00:00Z,day,40.24,-3.65,country,Spain (ES243;ES514),river flood — Heavy rainfall,1,hanze,HANZE v3.0.1b id 2858; end 2003-03-01; persons affected n/a
hanze-2859,2003-05-05T12:00:00Z,day,40.24,-3.65,country,Spain (ES242;ES243;ES522),river flood — Heavy rainfall,1,hanze,HANZE v3.0.1b id 2859; end 2003-05-10; persons affected 360
hanze-2860,2003-10-16T12:00:00Z,day,40.24,-3.65,country,Spain (ES620),flash flood — Extreme rainfall,1,hanze,HANZE v3.0.1b id 2860; end 2003-10-16; persons affected 914
hanze-1394,2004-03-27T12:00:00Z,day,40.24,-3.65,country,Spain (ES617),flash flood — Extreme rainfall up to 100 mm in 1 h,0,hanze,HANZE v3.0.1b id 1394; end 2004-03-28; persons affected 600
hanze-1395,2004-09-01T12:00:00Z,day,40.24,-3.65,country,Spain (ES111;ES114;ES130;ES414;ES417;ES421;ES423;ES522;ES523),river flood — Heavy rainfall,0,hanze,HANZE v3.0.1b id 1395; end 2004-09-05; persons affected 3170
hanze-1396,2004-09-07T12:00:00Z,day,40.24,-3.65,country,Spain (ES514),flash flood — Extreme rainfall,3,hanze,HANZE v3.0.1b id 1396; end 2004-09-08; persons affected n/a
hanze-2861,2004-02-24T12:00:00Z,day,40.24,-3.65,country,Spain (ES617),flash flood — Extreme rainfall,1,hanze,HANZE v3.0.1b id 2861; end 2004-02-25; persons affected n/a
hanze-1397,2005-10-13T12:00:00Z,day,40.24,-3.65,country,Spain (ES512),flash flood — Extreme rainfall up to 300 mm in 24 h,4,hanze,HANZE v3.0.1b id 1397; end 2005-10-15; persons affected n/a
hanze-2862,2005-09-07T12:00:00Z,day,40.24,-3.65,country,Spain (ES511),flash flood — Extreme rainfall,2,hanze,HANZE v3.0.1b id 2862; end 2005-09-07; persons affected n/a
hanze-1398,2006-04-24T12:00:00Z,day,40.24,-3.65,country,Spain (ES615),flash flood — Extreme rainfall,1,hanze,HANZE v3.0.1b id 1398; end 2006-04-24; persons affected n/a
hanze-1399,2006-10-02T12:00:00Z,day,40.24,-3.65,country,Spain (ES111;ES112;ES114),flash flood — Extreme rainfall,0,hanze,HANZE v3.0.1b id 1399; end 2006-10-02; persons affected 2920
hanze-1400,2006-10-20T12:00:00Z,day,40.24,-3.65,country,Spain (ES413;ES419;ES431;ES615),river flood — Heavy rainfall,2,hanze,HANZE v3.0.1b id 1400; end 2006-10-24; persons affected 289
hanze-1401,2006-11-18T12:00:00Z,day,40.24,-3.65,country,Spain (ES111;ES114),river flood — Heavy rainfall,1,hanze,HANZE v3.0.1b id 1401; end 2006-11-18; persons affected 5900
hanze-2863,2006-09-12T12:00:00Z,day,40.24,-3.65,country,Spain (ES511;ES532),flash flood — Extreme rainfall,2,hanze,HANZE v3.0.1b id 2863; end 2006-09-12; persons affected n/a
hanze-2864,2006-11-03T12:00:00Z,day,40.24,-3.65,country,Spain (ES431;ES523;ES612;ES617),river flood — Heavy rainfall,1,hanze,HANZE v3.0.1b id 2864; end 2006-11-08; persons affected n/a
hanze-1402,2007-04-03T12:00:00Z,day,40.24,-3.65,country,Spain (ES220;ES243;ES514),river flood — Heavy rainfall and snowmelt,1,hanze,HANZE v3.0.1b id 1402; end 2007-04-09; persons affected 5000
hanze-1403,2007-05-22T12:00:00Z,day,40.24,-3.65,country,Spain (ES300;ES411;ES422;ES425;ES432;ES616),river flood — Heavy rainfall,1,hanze,HANZE v3.0.1b id 1403; end 2007-05-26; persons affected 8000
hanze-1404,2007-09-13T12:00:00Z,day,40.24,-3.65,country,Spain (ES616),flash flood — Extreme rainfall,3,hanze,HANZE v3.0.1b id 1404; end 2007-09-13; persons affected n/a
hanze-1405,2007-09-21T12:00:00Z,day,40.24,-3.65,country,Spain (ES614),flash flood — Extreme rainfall,1,hanze,HANZE v3.0.1b id 1405; end 2007-09-21; persons affected n/a
hanze-1406,2007-10-01T12:00:00Z,day,40.24,-3.65,country,Spain (ES431),flash flood — Extreme rainfall,1,hanze,HANZE v3.0.1b id 1406; end 2007-10-01; persons affected 760
hanze-1407,2007-10-02T12:00:00Z,day,40.24,-3.65,country,Spain (ES419;ES614;ES618),flash flood — Extreme rainfall,0,hanze,HANZE v3.0.1b id 1407; end 2007-10-02; persons affected 1000
hanze-1408,2007-10-11T12:00:00Z,day,40.24,-3.65,country,Spain (ES521;ES523),flash flood — Extreme rainfall,2,hanze,HANZE v3.0.1b id 1408; end 2007-10-12; persons affected 2300
hanze-1409,2007-11-20T12:00:00Z,day,40.24,-3.65,country,Spain (ES618),flash flood — Extreme rainfall,0,hanze,HANZE v3.0.1b id 1409; end 2007-11-20; persons affected 2000
hanze-2308,2007-10-16T12:00:00Z,day,40.24,-3.65,country,Spain (ES532),flash flood — Extreme rainfall,1,hanze,HANZE v3.0.1b id 2308; end 2007-10-17; persons affected n/a
hanze-1410,2008-04-09T12:00:00Z,day,40.24,-3.65,country,Spain (ES618),flash flood — Extreme rainfall,1,hanze,HANZE v3.0.1b id 1410; end 2008-04-09; persons affected n/a
hanze-1411,2008-09-21T12:00:00Z,day,40.24,-3.65,country,Spain (ES300;ES523),flash flood — Extreme rainfall,2,hanze,HANZE v3.0.1b id 1411; end 2008-09-22; persons affected 1160
hanze-2309,2008-05-30T12:00:00Z,day,40.24,-3.65,country,Spain (ES213),flash flood — Extreme rainfall,0,hanze,HANZE v3.0.1b id 2309; end 2008-06-01; persons affected 510
hanze-2865,2008-10-08T12:00:00Z,day,40.24,-3.65,country,Spain (ES522;ES523),river flood — Heavy rainfall,1,hanze,HANZE v3.0.1b id 2865; end 2008-10-14; persons affected 280
hanze-1412,2009-09-12T12:00:00Z,day,40.24,-3.65,country,Spain (ES425),flash flood — Extreme rainfall,1,hanze,HANZE v3.0.1b id 1412; end 2009-09-12; persons affected n/a
hanze-1413,2009-09-13T12:00:00Z,day,40.24,-3.65,country,Spain (ES521;ES522;ES523;ES532;ES613;ES616;ES620),river flood — Heavy rainfall; several waves,4,hanze,HANZE v3.0.1b id 1413; end 2009-09-30; persons affected 6210
hanze-1414,2009-11-13T12:00:00Z,day,40.24,-3.65,country,Spain (ES111;ES114),river flood — Heavy rainfall,0,hanze,HANZE v3.0.1b id 1414; end 2009-11-16; persons affected 1793
hanze-1415,2009-12-06T12:00:00Z,day,40.24,-3.65,country,Spain (ES114),flash flood — Extreme rainfall,1,hanze,HANZE v3.0.1b id 1415; end 2009-12-07; persons affected n/a
hanze-1416,2009-12-23T12:00:00Z,day,40.24,-3.65,country,Spain (ES613;ES616),river flood — Heavy rainfall,0,hanze,HANZE v3.0.1b id 1416; end 2009-12-24; persons affected 620
hanze-1417,2010-02-19T12:00:00Z,day,40.24,-3.65,country,Spain (ES612;ES613;ES616;ES618),river flood — Heavy rainfall,0,hanze,HANZE v3.0.1b id 1417; end 2010-02-24; persons affected 7500
hanze-1418,2010-02-27T12:00:00Z,day,40.24,-3.65,country,Spain (ES113),flash flood — Extreme rainfall,0,hanze,HANZE v3.0.1b id 1418; end 2010-02-27; persons affected 540
hanze-1419,2010-06-09T12:00:00Z,day,40.24,-3.65,country,Spain (ES111;ES112;ES120),river flood — Heavy rainfall,2,hanze,HANZE v3.0.1b id 1419; end 2010-06-13; persons affected 250
hanze-1420,2010-08-17T12:00:00Z,day,40.24,-3.65,country,Spain (ES613),flash flood — Extreme rainfall up to 286 mm in 4 h,3,hanze,HANZE v3.0.1b id 1420; end 2010-08-18; persons affected n/a
hanze-1421,2010-12-06T12:00:00Z,day,40.24,-3.65,country,Spain (ES613;ES615;ES616;ES618),river flood — Heavy rainfall,2,hanze,HANZE v3.0.1b id 1421; end 2010-12-10; persons affected 6500
hanze-1422,2011-05-18T12:00:00Z,day,40.24,-3.65,country,Spain (ES613),flash flood — Extreme rainfall,1,hanze,HANZE v3.0.1b id 1422; end 2011-05-19; persons affected 200
hanze-1423,2011-11-07T12:00:00Z,day,40.24,-3.65,country,Spain (ES212),flash flood — Extreme rainfall up to 324 mm in 24 h,1,hanze,HANZE v3.0.1b id 1423; end 2011-11-07; persons affected 2400
hanze-1424,2012-09-28T12:00:00Z,day,40.24,-3.65,country,Spain (ES611;ES617;ES620),flash flood — Extreme rainfall,10,hanze,HANZE v3.0.1b id 1424; end 2012-09-29; persons affected 600
hanze-2866,2012-11-13T12:00:00Z,day,40.24,-3.65,country,Spain (ES514;ES617),river flood — Heavy rainfall,1,hanze,HANZE v3.0.1b id 2866; end 2012-11-18; persons affected 120
hanze-1425,2013-03-25T12:00:00Z,day,40.24,-3.65,country,Spain (ES422),flash flood — Extreme rainfall,2,hanze,HANZE v3.0.1b id 1425; end 2013-03-25; persons affected 300
hanze-1426,2013-06-18T12:00:00Z,day,40.24,-3.65,country,Spain (ES241;ES513),river flood — Heavy rainfall and snowmelt,0,hanze,HANZE v3.0.1b id 1426; end 2013-06-19; persons affected 600
hanze-2400,2013-10-29T12:00:00Z,day,40.24,-3.65,country,Spain (ES532),flash flood — Extreme rainfall up to 65 mm in 35 min,0,hanze,HANZE v3.0.1b id 2400; end 2013-10-30; persons affected 340
hanze-3053,2013-06-09T12:00:00Z,day,40.24,-3.65,country,Spain (ES220),river flood — Heavy rainfall,0,hanze,HANZE v3.0.1b id 3053; end 2013-06-10; persons affected n/a
hanze-2310,2014-02-02T12:00:00Z,day,40.24,-3.65,country,Spain (ES111;ES212),coastal flood — Storm surge caused by winds up to 90 km/h and 10-metre waves,1,hanze,HANZE v3.0.1b id 2310; end 2014-02-02; persons affected n/a
hanze-2311,2014-07-04T12:00:00Z,day,40.24,-3.65,country,Spain (ES220),flash flood — Extreme rainfall up to 37 mm in 1 h,1,hanze,HANZE v3.0.1b id 2311; end 2014-07-04; persons affected n/a
hanze-2312,2014-11-30T12:00:00Z,day,40.24,-3.65,country,Spain (ES512),flash flood — Extreme rainfall up to 240 mm in 24 h,1,hanze,HANZE v3.0.1b id 2312; end 2014-11-30; persons affected n/a
hanze-1427,2015-09-07T12:00:00Z,day,40.24,-3.65,country,Spain (ES614),flash flood — Extreme rainfall up to 40 mm in 1 h,4,hanze,HANZE v3.0.1b id 1427; end 2015-09-07; persons affected 150
hanze-2313,2015-02-26T12:00:00Z,day,40.24,-3.65,country,Spain (ES243),river flood — Snowmelt,0,hanze,HANZE v3.0.1b id 2313; end 2015-03-03; persons affected 1600
hanze-2314,2015-11-01T12:00:00Z,day,40.24,-3.65,country,Spain (ES513;ES523),river flood — Heavy rainfall up to 156 mm in 24 h,4,hanze,HANZE v3.0.1b id 2314; end 2015-11-03; persons affected n/a
hanze-1428,2016-10-12T12:00:00Z,day,40.24,-3.65,country,Spain (ES511),flash flood — Extreme rainfall up to 257 mm in 24 h,1,hanze,HANZE v3.0.1b id 1428; end 2016-10-12; persons affected n/a
hanze-1429,2016-12-03T12:00:00Z,day,40.24,-3.65,country,Spain (ES612;ES615;ES617),flash flood — Extreme rainfall up to 222 mm in 24 h,2,hanze,HANZE v3.0.1b id 1429; end 2016-12-05; persons affected n/a
hanze-2315,2016-10-21T12:00:00Z,day,40.24,-3.65,country,Spain (ES618),flash flood — Extreme rainfall up to 200 mm in 4 h,1,hanze,HANZE v3.0.1b id 2315; end 2016-10-22; persons affected n/a
hanze-2316,2016-11-26T12:00:00Z,day,40.24,-3.65,country,Spain (ES511;ES612),flash flood — Extreme rainfall,1,hanze,HANZE v3.0.1b id 2316; end 2016-11-26; persons affected n/a
hanze-2317,2016-12-16T12:00:00Z,day,40.24,-3.65,country,Spain (ES521;ES523;ES532;ES611;ES620),river flood — Heavy rainfall up to 400 mm in 3 days,6,hanze,HANZE v3.0.1b id 2317; end 2016-12-19; persons affected n/a
hanze-2401,2016-03-28T12:00:00Z,day,40.24,-3.65,country,Spain (ES111),river flood — Heavy rainfall up to 95 mm in 2 days,0,hanze,HANZE v3.0.1b id 2401; end 2016-03-30; persons affected n/a
hanze-2402,2017-02-18T12:00:00Z,day,40.24,-3.65,country,Spain (ES617),flash flood — Extreme rainfall up to 153 mm in 24 h,0,hanze,HANZE v3.0.1b id 2402; end 2017-02-19; persons affected n/a
hanze-2403,2017-03-12T12:00:00Z,day,40.24,-3.65,country,Spain (ES521),flash flood — Extreme rainfall up to 137 mm in 24 h,0,hanze,HANZE v3.0.1b id 2403; end 2017-03-13; persons affected n/a
hanze-2404,2017-10-17T12:00:00Z,day,40.24,-3.65,country,Spain (ES612;ES617),flash flood — Extreme rainfall up to 111 mm in 24 h,0,hanze,HANZE v3.0.1b id 2404; end 2017-10-18; persons affected n/a
hanze-2318,2018-04-12T12:00:00Z,day,40.24,-3.65,country,Spain (ES243),river flood — Heavy rainfall and snowmelt,1,hanze,HANZE v3.0.1b id 2318; end 2018-04-13; persons affected n/a
hanze-2319,2018-08-17T12:00:00Z,day,40.24,-3.65,country,Spain (ES511),flash flood — Extreme rainfall,1,hanze,HANZE v3.0.1b id 2319; end 2018-08-17; persons affected n/a
hanze-2320,2018-09-08T12:00:00Z,day,40.24,-3.65,country,Spain (ES425),flash flood — Extreme rainfall up to 60 mm in 1 h,0,hanze,HANZE v3.0.1b id 2320; end 2018-09-08; persons affected 280
hanze-2321,2018-10-07T12:00:00Z,day,40.24,-3.65,country,Spain (ES532),flash flood — Extreme rainfall up to 230 mm in 24 h,13,hanze,HANZE v3.0.1b id 2321; end 2018-10-10; persons affected n/a
hanze-2322,2018-10-16T12:00:00Z,day,40.24,-3.65,country,Spain (ES514;ES522;ES617;ES618),river flood — Heavy rainfall up to 289 mm in 24 h,1,hanze,HANZE v3.0.1b id 2322; end 2018-10-22; persons affected n/a
hanze-2323,2018-11-15T12:00:00Z,day,40.24,-3.65,country,Spain (ES512;ES523;ES620),flash flood — Extreme rainfall up to 300 mm in 24 h,1,hanze,HANZE v3.0.1b id 2323; end 2018-11-15; persons affected n/a
hanze-2324,2019-01-22T12:00:00Z,day,40.24,-3.65,country,Spain (ES120),river flood — Heavy rainfall up to 221 mm in 3 days,1,hanze,HANZE v3.0.1b id 2324; end 2019-01-25; persons affected n/a
hanze-2325,2019-07-08T12:00:00Z,day,40.24,-3.65,country,Spain (ES220;ES230),flash flood — Extreme rainfall up to 159 mm in 24 h,1,hanze,HANZE v3.0.1b id 2325; end 2019-07-08; persons affected n/a
hanze-2326,2019-09-11T12:00:00Z,day,40.24,-3.65,country,Spain (ES421;ES521;ES523;ES532;ES611;ES617;ES620),river flood — Heavy rainfall up to 400 mm in 2 days,7,hanze,HANZE v3.0.1b id 2326; end 2019-09-14; persons affected 3500
hanze-2327,2019-09-21T12:00:00Z,day,40.24,-3.65,country,Spain (ES512),flash flood — Extreme rainfall up to 100 mm in 24 h,1,hanze,HANZE v3.0.1b id 2327; end 2019-09-21; persons affected n/a
hanze-2328,2019-10-22T12:00:00Z,day,40.24,-3.65,country,Spain (ES120;ES130;ES511;ES512;ES514;ES532),flash flood — Extreme rainfall up to 287 mm in 24 h,7,hanze,HANZE v3.0.1b id 2328; end 2019-10-23; persons affected n/a
hanze-2405,2019-04-18T12:00:00Z,day,40.24,-3.65,country,Spain (ES521;ES620),river flood — Heavy rainfall up to 357 mm in 4 days,0,hanze,HANZE v3.0.1b id 2405; end 2019-04-22; persons affected n/a
hanze-2406,2019-08-20T12:00:00Z,day,40.24,-3.65,country,Spain (ES521;ES522;ES523),flash flood — Extreme rainfall up to 205 mm in 24 h,0,hanze,HANZE v3.0.1b id 2406; end 2019-08-21; persons affected n/a
hanze-2407,2019-12-16T12:00:00Z,day,40.24,-3.65,country,Spain (ES111;ES120;ES130;ES615),river flood — Heavy rainfall up to 104 mm in 24 h,0,hanze,HANZE v3.0.1b id 2407; end 2019-12-20; persons affected n/a
hanze-2413,2019-12-02T12:00:00Z,day,40.24,-3.65,country,Spain (ES521;ES532;ES620),river flood — Heavy rainfall up to 390 mm in 2 days,0,hanze,HANZE v3.0.1b id 2413; end 2019-12-04; persons affected n/a
hanze-2329,2020-01-20T12:00:00Z,day,40.24,-3.65,country,Spain (ES511;ES512;ES514;ES521;ES522;ES523;ES531;ES532;ES533;ES617;),compound river/coastal flood — Storm surge and heavy rainfall up to 227 mm,7,hanze,HANZE v3.0.1b id 2329; end 2020-01-23; persons affected n/a
hanze-2330,2020-04-01T12:00:00Z,day,40.24,-3.65,country,Spain (ES522),flash flood — Extreme rainfall up to 198 mm in 24 h,0,hanze,HANZE v3.0.1b id 2330; end 2020-04-01; persons affected n/a
hanze-2331,2020-11-05T12:00:00Z,day,40.24,-3.65,country,Spain (ES521;ES523),flash flood — Extreme rainfall up to 195 mm in 6 h,0,hanze,HANZE v3.0.1b id 2331; end 2020-11-05; persons affected n/a
hanze-2867,2020-04-21T12:00:00Z,day,40.24,-3.65,country,Spain (ES514),flash flood — Extreme rainfall up to 79 mm in 24 h,1,hanze,HANZE v3.0.1b id 2867; end 2020-04-21; persons affected n/a
hanze-3054,2021-01-08T12:00:00Z,day,40.24,-3.65,country,Spain (ES612;ES617),flash flood — Extreme rainfall up to 208 mm in 24 h,2,hanze,HANZE v3.0.1b id 3054; end 2021-01-09; persons affected 200
hanze-3055,2021-08-29T12:00:00Z,day,40.24,-3.65,country,Spain (ES522;ES523),river flood — Heavy rainfall up to 155 mm in 24 h (two waves),0,hanze,HANZE v3.0.1b id 3055; end 2021-09-01; persons affected n/a
hanze-3056,2021-08-31T12:00:00Z,day,40.24,-3.65,country,Spain (ES425;ES514),flash flood — Extreme rainfall up to 234 mm in 24 h and 78 mm in 30 minutes,0,hanze,HANZE v3.0.1b id 3056; end 2021-09-01; persons affected 880
hanze-3057,2021-09-20T12:00:00Z,day,40.24,-3.65,country,Spain (ES431;ES532;ES613;ES614;ES615;ES620),river flood — Heavy rainfall up to 112 mm in 1 h (multiple waves),0,hanze,HANZE v3.0.1b id 3057; end 2021-09-23; persons affected n/a
hanze-3058,2021-11-23T12:00:00Z,day,40.24,-3.65,country,Spain (ES120;ES130;ES213;ES514),river flood — Heavy rainfall up to 160 mm in 24 h,0,hanze,HANZE v3.0.1b id 3058; end 2021-11-29; persons affected n/a
hanze-3059,2021-12-09T12:00:00Z,day,40.24,-3.65,country,Spain (ES211;ES220;ES243;ES412),river flood — Heavy rainfall up to 134 mm in 24 h and snowmelt,1,hanze,HANZE v3.0.1b id 3059; end 2021-12-12; persons affected n/a
hanze-3060,2022-03-16T12:00:00Z,day,40.24,-3.65,country,Spain (ES523),river flood — Heavy rainfall up to more than 200 mm,0,hanze,HANZE v3.0.1b id 3060; end 2022-03-21; persons affected 30
hanze-3061,2022-09-16T12:00:00Z,day,40.24,-3.65,country,Spain (ES511;ES514;ES521;ES522),river flood — Heavy rainfall up to 90 mm in 1 h (multiple waves),1,hanze,HANZE v3.0.1b id 3061; end 2022-09-25; persons affected n/a
hanze-3062,2022-09-25T12:00:00Z,day,40.24,-3.65,country,Spain (ES620),flash flood — Extreme rainfall up to 29 mm in 10 minutes,1,hanze,HANZE v3.0.1b id 3062; end 2022-09-26; persons affected n/a
hanze-3063,2022-10-06T12:00:00Z,day,40.24,-3.65,country,Spain (ES521;ES532;ES618;ES620),river flood — Heavy rainfall up to 41 mm in 30 min (multiple waves),0,hanze,HANZE v3.0.1b id 3063; end 2022-10-11; persons affected n/a
hanze-3064,2022-11-11T12:00:00Z,day,40.24,-3.65,country,Spain (ES522;ES523),flash flood — Extreme rainfall up to 66 mm in 30 min,0,hanze,HANZE v3.0.1b id 3064; end 2022-11-12; persons affected n/a
hanze-3065,2022-12-13T12:00:00Z,day,40.24,-3.65,country,Spain (ES300;ES425;ES431;ES432),flash flood — Extreme rainfall up to 120 mm in 24 h,0,hanze,HANZE v3.0.1b id 3065; end 2022-12-13; persons affected n/a
hanze-3066,2022-12-19T12:00:00Z,day,40.24,-3.65,country,Spain (ES114),flash flood — Extreme rainfall up to 90 mm in 12 h,0,hanze,HANZE v3.0.1b id 3066; end 2022-12-20; persons affected n/a
hanze-3067,2023-01-16T12:00:00Z,day,40.24,-3.65,country,Spain (ES111;ES112),flash flood — Extreme rainfall up to 113 mm in 24 h,0,hanze,HANZE v3.0.1b id 3067; end 2023-01-16; persons affected n/a
hanze-3068,2023-02-27T12:00:00Z,day,40.24,-3.65,country,Spain (ES532),flash flood — Extreme rainfall up to 201 mm in 17 h,0,hanze,HANZE v3.0.1b id 3068; end 2023-02-28; persons affected n/a
hanze-3069,2023-05-18T12:00:00Z,day,40.24,-3.65,country,Spain (ES521;ES611;ES620),river flood — Heavy rainfall up to 267 mm in 9 h (multiple waves),0,hanze,HANZE v3.0.1b id 3069; end 2023-06-06; persons affected n/a
hanze-3070,2023-07-06T12:00:00Z,day,40.24,-3.65,country,Spain (ES230;ES242;ES243),flash flood — Extreme rainfall up to 28 mm in 10 minutes,0,hanze,HANZE v3.0.1b id 3070; end 2023-07-06; persons affected n/a
hanze-3071,2023-09-02T12:00:00Z,day,40.24,-3.65,country,Spain (ES300;ES425),river flood — Heavy ainfall up to 243 mm in 24 h,6,hanze,HANZE v3.0.1b id 3071; end 2023-09-04; persons affected 6000
hanze-3072,2024-06-12T12:00:00Z,day,40.24,-3.65,country,Spain (ES620),flash flood — Extreme rainfall up to 66 mm in half an hour,0,hanze,HANZE v3.0.1b id 3072; end 2024-06-12; persons affected n/a
hanze-3073,2024-08-14T12:00:00Z,day,40.24,-3.65,country,Spain (ES533),flash flood — Extreme rainfall up to 200 mm in 4 h,0,hanze,HANZE v3.0.1b id 3073; end 2024-08-15; persons affected 16
hanze-3074,2024-10-27T12:00:00Z,day,40.24,-3.65,country,Spain (ES421;ES423;ES523;ES617),river flood — Heavy rainfall up to 772 mm in 24 h,236,hanze,HANZE v3.0.1b id 3074; end 2024-11-04; persons affected 36803
hanze-3075,2024-11-13T12:00:00Z,day,40.24,-3.65,country,Spain (ES617),river flood — Heavy rainfall up to 104 mm in 2 h,0,hanze,HANZE v3.0.1b id 3075; end 2024-11-14; persons affected 4200
hanze-3076,2025-03-02T12:00:00Z,day,40.24,-3.65,country,Spain (ES620),river flood — Heavy rainfall up to 120 mm in 12 h,1,hanze,HANZE v3.0.1b id 3076; end 2025-03-06; persons affected n/a
hanze-3077,2025-03-17T12:00:00Z,day,40.24,-3.65,country,Spain (ES613;ES617;ES618),river flood — Heavy rainfall up to 85 mm in 12 h,4,hanze,HANZE v3.0.1b id 3077; end 2025-03-20; persons affected 1600
hanze-3203,2025-09-21T12:00:00Z,day,40.24,-3.65,country,Spain (ES511),flash flood — Extreme rainfall up to 92 mm in 4 h,2,hanze,HANZE v3.0.1b id 3203; end 2025-09-21; persons affected n/a
hanze-3204,2025-09-30T12:00:00Z,day,40.24,-3.65,country,Spain (ES531),flash flood — Extreme rainfall up to 133 mm in 2 h,0,hanze,HANZE v3.0.1b id 3204; end 2025-09-30; persons affected n/a
hanze-3205,2025-10-11T12:00:00Z,day,40.24,-3.65,country,Spain (ES514;ES523;ES531),river flood — Heavy rrainfall up to 340 mm in 6 hours,0,hanze,HANZE v3.0.1b id 3205; end 2025-10-14; persons affected 1000
hanze-3206,2025-12-27T12:00:00Z,day,40.24,-3.65,country,Spain (ES617),flash flood — Extreme rainfall up to 100 mm in 3 h,3,hanze,HANZE v3.0.1b id 3206; end 2025-12-28; persons affected n/a
hanze-2359,1872-11-13T12:00:00Z,day,62.78,16.75,country,Sweden (SE224),coastal flood — Storm surge,5,hanze,HANZE v3.0.1b id 2359; end 1872-11-13; persons affected 790
hanze-2386,1916-05-11T12:00:00Z,day,62.78,16.75,country,Sweden (SE232;SE311;SE312;SE313),river flood — Heavy rainfall and snowmelt,0,hanze,HANZE v3.0.1b id 2386; end 1916-05-22; persons affected n/a
hanze-2387,1919-04-28T12:00:00Z,day,62.78,16.75,country,Sweden (SE321),river flood — Heavy rainfall up to 153 mm in 5 days and snowmelt,2,hanze,HANZE v3.0.1b id 2387; end 1919-05-03; persons affected n/a
hanze-2388,1951-04-01T12:00:00Z,day,62.78,16.75,country,Sweden (SE124),river flood — Heavy rainfall and snowmelt,2,hanze,HANZE v3.0.1b id 2388; end 1951-04-08; persons affected n/a
hanze-2612,1973-07-20T12:00:00Z,day,62.78,16.75,country,Sweden (SE311),flash flood — Extreme rainfall up to 80 mm in 24 h,1,hanze,HANZE v3.0.1b id 2612; end 1973-07-20; persons affected n/a
hanze-1430,1977-04-18T12:00:00Z,day,62.78,16.75,country,Sweden (SE124),river flood — Snowmelt and 3 waves of rainfall,0,hanze,HANZE v3.0.1b id 1430; end 1977-05-08; persons affected n/a
hanze-2332,1977-05-03T12:00:00Z,day,62.78,16.75,country,Sweden (SE312),river flood — Heavy rainfall and snowmelt,0,hanze,HANZE v3.0.1b id 2332; end 1977-05-17; persons affected 236
hanze-1431,1985-09-06T12:00:00Z,day,62.78,16.75,country,Sweden (SE312;SE313),river flood — Heavy rainfall up to 160 mm in 7 days,0,hanze,HANZE v3.0.1b id 1431; end 1985-09-15; persons affected n/a
hanze-2389,1987-10-01T12:00:00Z,day,62.78,16.75,country,Sweden (SE311),river flood — Heavy rainfall,0,hanze,HANZE v3.0.1b id 2389; end 1987-10-31; persons affected n/a
hanze-2390,1995-05-18T12:00:00Z,day,62.78,16.75,country,Sweden (SE311),river flood — Heavy rainfall and snowmelt,0,hanze,HANZE v3.0.1b id 2390; end 1995-06-09; persons affected n/a
hanze-1432,1997-07-27T12:00:00Z,day,62.78,16.75,country,Sweden (SE332),flash flood — Extreme rainfall up to 198 mm in 24 h,0,hanze,HANZE v3.0.1b id 1432; end 1997-07-29; persons affected n/a
hanze-2868,2000-12-01T12:00:00Z,day,62.78,16.75,country,Sweden (SE232;SE311),river flood — Heavy rainfall up to 452 mm in 2 months,0,hanze,HANZE v3.0.1b id 2868; end 2001-02-01; persons affected n/a
hanze-2869,2002-02-01T12:00:00Z,day,62.78,16.75,country,Sweden (SE224),river flood — Heavy rainfall and snowmelt,0,hanze,HANZE v3.0.1b id 2869; end 2002-02-13; persons affected 200
hanze-2870,2003-07-02T12:00:00Z,day,62.78,16.75,country,Sweden (SE211;SE213),river flood — Heavy rainfall up to 172 mm in 6 days,0,hanze,HANZE v3.0.1b id 2870; end 2003-07-06; persons affected 240
hanze-1433,2004-07-10T12:00:00Z,day,62.78,16.75,country,Sweden (SE211;SE212;SE213;SE332),river flood — Heavy rainfall up to 160 mm in 10 days,0,hanze,HANZE v3.0.1b id 1433; end 2004-07-23; persons affected n/a
hanze-1434,2014-08-18T12:00:00Z,day,62.78,16.75,country,Sweden (SE224;SE231;SE232;SE311),river flood — Heavy rainfall up to 134 mm in 24 h,0,hanze,HANZE v3.0.1b id 1434; end 2014-08-31; persons affected n/a
hanze-2333,2015-09-05T12:00:00Z,day,62.78,16.75,country,Sweden (SE110;SE124),flash flood — Extreme rainfall up to 97 mm in 24 h,0,hanze,HANZE v3.0.1b id 2333; end 2015-09-06; persons affected 400
hanze-3153,2021-08-17T12:00:00Z,day,62.78,16.75,country,Sweden (SE312;SE313),flash flood — Extreme rainfall up to 162 mm in 24 h (over 100 mm in 2 h),0,hanze,HANZE v3.0.1b id 3153; end 2021-08-18; persons affected 13500
hanze-1435,1871-06-18T12:00:00Z,day,46.8,8.23,country,Switzerland (CH055;CH056),river flood — Heavy rainfall and snowmelt,0,hanze,HANZE v3.0.1b id 1435; end 1871-06-19; persons affected n/a
hanze-1436,1876-06-10T12:00:00Z,day,46.8,8.23,country,Switzerland (CH021;CH023;CH031;CH032;CH033;CH040;CH053;CH054;CH055;CH057;),river flood — Heavy rainfall,0,hanze,HANZE v3.0.1b id 1436; end 1876-06-15; persons affected n/a
hanze-1437,1878-06-03T12:00:00Z,day,46.8,8.23,country,Switzerland (CH040),flash flood — Extreme rainfall,1,hanze,HANZE v3.0.1b id 1437; end 1878-06-04; persons affected n/a
hanze-1438,1880-08-26T12:00:00Z,day,46.8,8.23,country,Switzerland (CH066),flash flood — Extreme rainfall,3,hanze,HANZE v3.0.1b id 1438; end 1880-08-26; persons affected n/a
hanze-1439,1910-06-14T12:00:00Z,day,46.8,8.23,country,Switzerland (CH021;CH023;CH033;CH040;CH051;CH052;CH053;CH054;CH055;CH056;),river flood — Heavy rainfall and snowmelt,0,hanze,HANZE v3.0.1b id 1439; end 1910-06-15; persons affected n/a
hanze-2409,1913-10-08T12:00:00Z,day,46.8,8.23,country,Switzerland (CH070),flash flood — Extreme rainfall up to 212 mm in 24 h,2,hanze,HANZE v3.0.1b id 2409; end 1913-10-09; persons affected n/a
hanze-2410,1917-08-19T12:00:00Z,day,46.8,8.23,country,Switzerland (CH061),flash flood — Extreme rainfall up above 70 mm in 1 h,2,hanze,HANZE v3.0.1b id 2410; end 1917-08-19; persons affected n/a
hanze-1440,1920-09-19T12:00:00Z,day,46.8,8.23,country,Switzerland (CH012),river flood — Heavy rainfall,0,hanze,HANZE v3.0.1b id 1440; end 1920-09-24; persons affected n/a
hanze-1441,1924-09-24T12:00:00Z,day,46.8,8.23,country,Switzerland (CH070),flash flood — Extreme rainfall,11,hanze,HANZE v3.0.1b id 1441; end 1924-09-24; persons affected 612
hanze-1442,1927-08-02T12:00:00Z,day,46.8,8.23,country,Switzerland (CH011;CH021;CH022;CH053;CH061;CH066),flash flood — Extreme rainfall,0,hanze,HANZE v3.0.1b id 1442; end 1927-08-02; persons affected n/a
hanze-1443,1927-09-24T12:00:00Z,day,46.8,8.23,country,Switzerland (CH055;CH056;CH070),flash flood — Extreme rainfall,12,hanze,HANZE v3.0.1b id 1443; end 1927-09-25; persons affected n/a
hanze-2411,1934-09-09T12:00:00Z,day,46.8,8.23,country,Switzerland (CH063;CH066),flash flood — Extreme rainfall up to 120 mm in 45 min,0,hanze,HANZE v3.0.1b id 2411; end 1934-09-09; persons affected n/a
hanze-1444,1939-08-25T12:00:00Z,day,46.8,8.23,country,Switzerland (CH040),flash flood — Extreme rainfall up to 100 mm in 1 h,2,hanze,HANZE v3.0.1b id 1444; end 1939-08-25; persons affected n/a
hanze-1445,1951-08-08T12:00:00Z,day,46.8,8.23,country,Switzerland (CH056;CH070),flash flood — Extreme rainfall,3,hanze,HANZE v3.0.1b id 1445; end 1951-08-09; persons affected n/a
hanze-1446,1954-08-21T12:00:00Z,day,46.8,8.23,country,Switzerland (CH056),flash flood — Extreme rainfall,0,hanze,HANZE v3.0.1b id 1446; end 1954-08-22; persons affected n/a
hanze-1447,1968-09-21T12:00:00Z,day,46.8,8.23,country,Switzerland (CH012;CH021;CH022;CH057),flash flood — Extreme rainfall,0,hanze,HANZE v3.0.1b id 1447; end 1968-09-21; persons affected n/a
hanze-1448,1972-11-22T12:00:00Z,day,46.8,8.23,country,Switzerland (CH061;CH063;CH064;CH065;CH066),flash flood — Extreme rainfall,0,hanze,HANZE v3.0.1b id 1448; end 1972-11-23; persons affected n/a
hanze-1449,1973-06-22T12:00:00Z,day,46.8,8.23,country,Switzerland (CH021;CH023;CH025;CH032;CH061;CH066),river flood — Heavy rainfall,1,hanze,HANZE v3.0.1b id 1449; end 1973-06-24; persons affected n/a
hanze-1450,1975-06-23T12:00:00Z,day,46.8,8.23,country,Switzerland (CH023;CH032;CH033;CH040;CH052),flash flood — Extreme rainfall,2,hanze,HANZE v3.0.1b id 1450; end 1975-06-23; persons affected n/a
hanze-1451,1977-07-31T12:00:00Z,day,46.8,8.23,country,Switzerland (CH055;CH057;CH062;CH063),flash flood — Extreme rainfall,3,hanze,HANZE v3.0.1b id 1451; end 1977-08-01; persons affected n/a
hanze-1452,1978-08-07T12:00:00Z,day,46.8,8.23,country,Switzerland (CH040;CH055;CH057;CH070),flash flood — Extreme rainfall,9,hanze,HANZE v3.0.1b id 1452; end 1978-08-08; persons affected n/a
hanze-1453,1979-06-01T12:00:00Z,day,46.8,8.23,country,Switzerland (CH061;CH065),flash flood — Extreme rainfall,0,hanze,HANZE v3.0.1b id 1453; end 1979-06-02; persons affected n/a
hanze-6017,1981-07-10T12:00:00Z,day,46.8,8.23,country,Switzerland (CH033),river flood — Heavy rainfall,0,hanze,HANZE v3.0.1b id 6017; end 1981-07-12; persons affected n/a
hanze-1454,1984-07-24T12:00:00Z,day,46.8,8.23,country,Switzerland (CH021;CH031;CH040;CH052;CH053;CH054;CH055;CH061;CH065),flash flood — Extreme rainfall,0,hanze,HANZE v3.0.1b id 1454; end 1984-07-25; persons affected n/a
hanze-1455,1985-07-04T12:00:00Z,day,46.8,8.23,country,Switzerland (CH021;CH022),flash flood — Extreme rainfall,0,hanze,HANZE v3.0.1b id 1455; end 1985-07-05; persons affected n/a
hanze-1456,1986-06-16T12:00:00Z,day,46.8,8.23,country,Switzerland (CH021;CH023;CH033;CH040;CH061;CH066),river flood — Heavy rainfall,2,hanze,HANZE v3.0.1b id 1456; end 1986-06-23; persons affected n/a
hanze-6019,1986-05-23T12:00:00Z,day,46.8,8.23,country,Switzerland (CH021),flash flood — Extreme rainfall,1,hanze,HANZE v3.0.1b id 6019; end 1986-05-24; persons affected n/a
hanze-1457,1987-07-01T12:00:00Z,day,46.8,8.23,country,Switzerland (CH021;CH052;CH056;CH063),river flood — Heavy rainfall,2,hanze,HANZE v3.0.1b id 1457; end 1987-07-08; persons affected n/a
hanze-1458,1987-07-14T12:00:00Z,day,46.8,8.23,country,Switzerland (CH012;CH021;CH056;CH070),river flood — Heavy rainfall,4,hanze,HANZE v3.0.1b id 1458; end 1987-07-19; persons affected n/a
hanze-1459,1987-08-24T12:00:00Z,day,46.8,8.23,country,Switzerland (CH012;CH062;CH070),flash flood — Extreme rainfall,2,hanze,HANZE v3.0.1b id 1459; end 1987-08-25; persons affected n/a
hanze-1460,1988-06-11T12:00:00Z,day,46.8,8.23,country,Switzerland (CH021;CH025;CH061),flash flood — Extreme rainfall (3 series),1,hanze,HANZE v3.0.1b id 1460; end 1988-06-16; persons affected n/a
hanze-1461,1990-07-29T12:00:00Z,day,46.8,8.23,country,Switzerland (CH021),flash flood — Extreme rainfall up to 500 mm in 4 h,0,hanze,HANZE v3.0.1b id 1461; end 1990-07-29; persons affected n/a
hanze-1462,1993-09-23T12:00:00Z,day,46.8,8.23,country,Switzerland (CH012;CH070),river flood — Heavy rainfall; more than 100 mm/day,2,hanze,HANZE v3.0.1b id 1462; end 1993-10-14; persons affected n/a
hanze-6029,1993-07-16T12:00:00Z,day,46.8,8.23,country,Switzerland (CH033),flash flood — Extreme rainfall up to 50 mm in 1 h,1,hanze,HANZE v3.0.1b id 6029; end 1993-07-17; persons affected n/a
hanze-2334,1994-05-18T12:00:00Z,day,46.8,8.23,country,Switzerland (CH033;CH040;CH057),flash flood — Extreme rainfall up to 100 mm in 12 h,0,hanze,HANZE v3.0.1b id 2334; end 1994-05-19; persons affected n/a
hanze-6026,1995-07-14T12:00:00Z,day,46.8,8.23,country,Switzerland (CH056),flash flood — Extreme rainfall up to 50 mm in 1 h,0,hanze,HANZE v3.0.1b id 6026; end 1995-07-15; persons affected 800
hanze-1463,1997-08-15T12:00:00Z,day,46.8,8.23,country,Switzerland (CH064),flash flood — Extreme rainfall up to 150 mm in 2 h,0,hanze,HANZE v3.0.1b id 1463; end 1997-08-16; persons affected n/a
hanze-6027,1997-07-10T12:00:00Z,day,46.8,8.23,country,Switzerland (CH021;CH032),river flood — Heavy rainfall (3 waves),0,hanze,HANZE v3.0.1b id 6027; end 1997-07-25; persons affected n/a
hanze-6028,1997-08-05T12:00:00Z,day,46.8,8.23,country,Switzerland (CH021;CH061),flash flood — Extreme rainfall,0,hanze,HANZE v3.0.1b id 6028; end 1997-08-06; persons affected 600
hanze-1464,1999-05-12T12:00:00Z,day,46.8,8.23,country,Switzerland (CH021;CH023;CH031;CH032;CH033;CH040;CH055;CH057),river flood — Snowmelt and rainfall,2,hanze,HANZE v3.0.1b id 1464; end 1999-05-29; persons affected n/a
hanze-6030,1999-02-20T12:00:00Z,day,46.8,8.23,country,Switzerland (CH031;CH032;CH033),river flood — Snowmelt,0,hanze,HANZE v3.0.1b id 6030; end 1999-02-22; persons affected n/a
hanze-6031,1999-09-26T12:00:00Z,day,46.8,8.23,country,Switzerland (CH056),river flood — Heavy rainfall up to 400 mm in 2 days,1,hanze,HANZE v3.0.1b id 6031; end 1999-09-27; persons affected n/a
hanze-1465,2000-10-13T12:00:00Z,day,46.8,8.23,country,Switzerland (CH012;CH070),river flood — Heavy rainfall,3,hanze,HANZE v3.0.1b id 1465; end 2000-10-16; persons affected 6605
hanze-2879,2000-08-06T12:00:00Z,day,46.8,8.23,country,Switzerland (CH021;CH055;CH056),flash flood — Extreme rainfall,0,hanze,HANZE v3.0.1b id 2879; end 2000-08-06; persons affected n/a
hanze-2880,2001-03-12T12:00:00Z,day,46.8,8.23,country,Switzerland (CH021),river flood — Heavy rainfall,0,hanze,HANZE v3.0.1b id 2880; end 2001-03-12; persons affected 1000
hanze-2881,2001-06-27T12:00:00Z,day,46.8,8.23,country,Switzerland (CH021;CH032),flash flood — Extreme rainfall,0,hanze,HANZE v3.0.1b id 2881; end 2001-06-28; persons affected n/a
hanze-2882,2001-07-15T12:00:00Z,day,46.8,8.23,country,Switzerland (CH070),flash flood — Extreme rainfall,0,hanze,HANZE v3.0.1b id 2882; end 2001-07-15; persons affected n/a
hanze-2883,2002-07-13T12:00:00Z,day,46.8,8.23,country,Switzerland (CH021;CH061),river flood — Heavy rainfall,0,hanze,HANZE v3.0.1b id 2883; end 2002-07-17; persons affected 180
hanze-1466,2005-08-19T12:00:00Z,day,46.8,8.23,country,Switzerland (CH021;CH023;CH033;CH040;CH051;CH055;CH056;CH061;CH062;CH063;),river flood — Heavy rainfall up to 220 mm in 48 h,6,hanze,HANZE v3.0.1b id 1466; end 2005-08-26; persons affected 4400
hanze-1467,2006-07-05T12:00:00Z,day,46.8,8.23,country,Switzerland (CH012;CH021),river flood — Heavy rainfall,0,hanze,HANZE v3.0.1b id 1467; end 2006-07-27; persons affected 500
hanze-2884,2006-04-09T12:00:00Z,day,46.8,8.23,country,Switzerland (CH021;CH022;CH025;CH032;CH052),river flood — Heavy rainfall,1,hanze,HANZE v3.0.1b id 2884; end 2006-04-10; persons affected n/a
hanze-2885,2006-09-17T12:00:00Z,day,46.8,8.23,country,Switzerland (CH023;CH032;CH055),flash flood — Extreme rainfall,0,hanze,HANZE v3.0.1b id 2885; end 2006-09-18; persons affected n/a
hanze-1468,2007-06-04T12:00:00Z,day,46.8,8.23,country,Switzerland (CH021;CH040;CH052;CH055;CH061;CH063),river flood — Heavy rainfall (several waves),3,hanze,HANZE v3.0.1b id 1468; end 2007-06-21; persons affected n/a
hanze-1469,2007-08-07T12:00:00Z,day,46.8,8.23,country,Switzerland (CH012;CH021;CH022;CH023;CH024;CH032;CH033;CH056;CH061),river flood — Heavy rainfall (several waves),1,hanze,HANZE v3.0.1b id 1469; end 2007-08-22; persons affected n/a
hanze-2886,2007-08-29T12:00:00Z,day,46.8,8.23,country,Switzerland (CH021),flash flood — Extreme rainfall,0,hanze,HANZE v3.0.1b id 2886; end 2007-08-30; persons affected n/a
hanze-2887,2009-08-08T12:00:00Z,day,46.8,8.23,country,Switzerland (CH021;CH055;CH061),flash flood — Extreme rainfall,0,hanze,HANZE v3.0.1b id 2887; end 2009-08-08; persons affected n/a
hanze-2888,2010-06-06T12:00:00Z,day,46.8,8.23,country,Switzerland (CH021),flash flood — Extreme rainfall,0,hanze,HANZE v3.0.1b id 2888; end 2010-06-06; persons affected n/a
hanze-2889,2011-07-10T12:00:00Z,day,46.8,8.23,country,Switzerland (CH053),flash flood — Extreme rainfall,0,hanze,HANZE v3.0.1b id 2889; end 2011-07-10; persons affected n/a
hanze-2890,2011-10-08T12:00:00Z,day,46.8,8.23,country,Switzerland (CH012;CH021;CH051),river flood — Heavy rainfall and snowmelt,0,hanze,HANZE v3.0.1b id 2890; end 2011-10-10; persons affected n/a
hanze-2891,2013-05-02T12:00:00Z,day,46.8,8.23,country,Switzerland (CH033;CH040;CH052),flash flood — Extreme rainfall up to 33 mm in 10 min,1,hanze,HANZE v3.0.1b id 2891; end 2013-05-02; persons affected 2260
hanze-2892,2013-05-31T12:00:00Z,day,46.8,8.23,country,Switzerland (CH040;CH053;CH054;CH055;CH063),river flood — Heavy rainfall,1,hanze,HANZE v3.0.1b id 2892; end 2013-06-02; persons affected n/a
hanze-6004,2014-07-04T12:00:00Z,day,46.8,8.23,country,Switzerland (CH021;CH055;CH061),river flood — Heavy rainfall (several waves),1,hanze,HANZE v3.0.1b id 6004; end 2014-07-28; persons affected n/a
hanze-6006,2015-06-07T12:00:00Z,day,46.8,8.23,country,Switzerland (CH061),flash flood — Extreme rainfall above 50 mm in 1 h,2,hanze,HANZE v3.0.1b id 6006; end 2015-06-07; persons affected n/a
hanze-2893,2016-06-04T12:00:00Z,day,46.8,8.23,country,Switzerland (CH022;CH032;CH033;CH052;CH055;CH061;CH064),river flood — Heavy rainfall (several waves),0,hanze,HANZE v3.0.1b id 2893; end 2016-06-30; persons affected n/a
hanze-6007,2019-06-21T12:00:00Z,day,46.8,8.23,country,Switzerland (CH024),flash flood — Extreme rainfall up to 100 mm in 3 h,1,hanze,HANZE v3.0.1b id 6007; end 2019-06-21; persons affected n/a
hanze-3021,2021-06-22T12:00:00Z,day,46.8,8.23,country,Switzerland (CH024),flash flood — Extreme rainfall up to 56 mm in 1 h,0,hanze,HANZE v3.0.1b id 3021; end 2021-06-22; persons affected n/a
hanze-3022,2021-07-12T12:00:00Z,day,46.8,8.23,country,Switzerland (CH011;CH021;CH022;CH023;CH024;CH033),river flood — Heavy rainfall up to 211 mm in 3 days,0,hanze,HANZE v3.0.1b id 3022; end 2021-07-20; persons affected n/a
hanze-3023,2024-06-21T12:00:00Z,day,46.8,8.23,country,Switzerland (CH056),flash flood — Extreme rainfall up to 80 mm in 2 h,3,hanze,HANZE v3.0.1b id 3023; end 2024-06-22; persons affected 520
hanze-3024,2024-06-29T12:00:00Z,day,46.8,8.23,country,Switzerland (CH012;CH070),flash flood — Extreme rainfall up to 200 mm in 24 h,5,hanze,HANZE v3.0.1b id 3024; end 2024-06-30; persons affected 440
hanze-3025,2024-08-12T12:00:00Z,day,46.8,8.23,country,Switzerland (CH021),flash flood — Extreme rainfall up to 42 mm in 1 h,0,hanze,HANZE v3.0.1b id 3025; end 2024-08-12; persons affected 70
hanze-1470,1875-07-01T12:00:00Z,day,54.16,-2.87,country,United Kingdom (UKF22),flash flood — Extreme rainfall,2,hanze,HANZE v3.0.1b id 1470; end 1875-07-01; persons affected n/a
hanze-1471,1875-08-10T12:00:00Z,day,54.16,-2.87,country,United Kingdom (UKL41;UKL42),river flood — Heavy rainfall up to 113 mm in 4 days,2,hanze,HANZE v3.0.1b id 1471; end 1875-08-10; persons affected 300
hanze-1472,1875-10-22T12:00:00Z,day,54.16,-2.87,country,United Kingdom (UKF13;UKF14;UKF15;UKF16;UKG24),river flood — Heavy rainfall,13,hanze,HANZE v3.0.1b id 1472; end 1875-10-24; persons affected n/a
hanze-1473,1883-07-25T12:00:00Z,day,54.16,-2.87,country,United Kingdom (UKE33),flash flood — Extreme rainfall,5,hanze,HANZE v3.0.1b id 1473; end 1883-07-25; persons affected n/a
hanze-1474,1890-08-12T12:00:00Z,day,54.16,-2.87,country,United Kingdom (UKC41;UKC42;UKC43;UKC44),river flood — Heavy rainfall,1,hanze,HANZE v3.0.1b id 1474; end 1890-08-12; persons affected n/a
hanze-1475,1892-10-15T12:00:00Z,day,54.16,-2.87,country,United Kingdom (UKE22),river flood — Heavy rainfall,1,hanze,HANZE v3.0.1b id 1475; end 1892-10-15; persons affected n/a
hanze-1476,1894-11-12T12:00:00Z,day,54.16,-2.87,country,United Kingdom (UKK30;UKK52;UKK62;UKK64;UKK72),river flood — Heavy rainfall,2,hanze,HANZE v3.0.1b id 1476; end 1894-11-14; persons affected n/a
hanze-1477,1903-01-28T12:00:00Z,day,54.16,-2.87,country,United Kingdom (UKD45),river flood — Heavy rainfall,1,hanze,HANZE v3.0.1b id 1477; end 1903-01-28; persons affected n/a
hanze-1478,1903-02-09T12:00:00Z,day,54.16,-2.87,country,United Kingdom (UKM32),river flood — Heavy rainfall,1,hanze,HANZE v3.0.1b id 1478; end 1903-02-09; persons affected n/a
hanze-1479,1905-06-25T12:00:00Z,day,54.16,-2.87,country,United Kingdom (UKM20),river flood — Heavy rainfall,1,hanze,HANZE v3.0.1b id 1479; end 1905-06-25; persons affected n/a
hanze-1480,1909-09-28T12:00:00Z,day,54.16,-2.87,country,United Kingdom (UKL44),flash flood — Extreme rainfall up to 85 mm in 3 h,1,hanze,HANZE v3.0.1b id 1480; end 1909-09-28; persons affected n/a
hanze-1481,1909-12-10T12:00:00Z,day,54.16,-2.87,country,United Kingdom (UKM93),river flood — Heavy rainfall,10,hanze,HANZE v3.0.1b id 1481; end 1909-12-10; persons affected n/a
hanze-1482,1910-05-20T12:00:00Z,day,54.16,-2.87,country,United Kingdom (UKE12),flash flood — Extreme rainfall,1,hanze,HANZE v3.0.1b id 1482; end 1910-05-20; persons affected n/a
hanze-1483,1912-08-25T12:00:00Z,day,54.16,-2.87,country,United Kingdom (UKH51;UKH53;UKH63),river flood — Heavy rainfall up to 200 mm in 48 h,4,hanze,HANZE v3.0.1b id 1483; end 1912-08-27; persons affected 15300
hanze-1484,1914-06-18T12:00:00Z,day,54.16,-2.87,country,United Kingdom (UKM20),flash flood — Extreme rainfall,5,hanze,HANZE v3.0.1b id 1484; end 1914-06-18; persons affected n/a
hanze-1485,1918-05-17T12:00:00Z,day,54.16,-2.87,country,United Kingdom (UKF30),flash flood — Extreme rainfall up to 117 mm in 24 h,2,hanze,HANZE v3.0.1b id 1485; end 1918-05-17; persons affected n/a
hanze-1486,1920-05-29T12:00:00Z,day,54.16,-2.87,country,United Kingdom (UKF30),flash flood — Extreme rainfall,23,hanze,HANZE v3.0.1b id 1486; end 1920-05-29; persons affected n/a
hanze-1487,1921-12-17T12:00:00Z,day,54.16,-2.87,country,United Kingdom (UKE11),coastal flood — Storm surge up to 3.17 m,0,hanze,HANZE v3.0.1b id 1487; end 1921-12-17; persons affected n/a
hanze-1488,1926-09-19T12:00:00Z,day,54.16,-2.87,country,United Kingdom (UKD13),river flood — Heavy rainfall up to 51 mm in 6 h,1,hanze,HANZE v3.0.1b id 1488; end 1926-09-19; persons affected n/a
hanze-1489,1927-09-24T12:00:00Z,day,54.16,-2.87,country,United Kingdom (UKM91),river flood — Heavy rainfall,1,hanze,HANZE v3.0.1b id 1489; end 1927-09-24; persons affected n/a
hanze-1490,1927-10-28T12:00:00Z,day,54.16,-2.87,country,United Kingdom (UKL32;UKD42;UKD44),coastal flood — Storm surge due to SSW'ly winds; force 11,6,hanze,HANZE v3.0.1b id 1490; end 1927-10-29; persons affected 4800
hanze-1491,1928-01-06T12:00:00Z,day,54.16,-2.87,country,United Kingdom (UKI33;UKI34;UKI35;UKI42;UKI44;UKI45;UKI51),compound river/coastal flood — Storm surge by brief but strong NW'ly gale combined with elevated river water levels due to rainfall and snowmelt,14,hanze,HANZE v3.0.1b id 1491; end 1928-01-07; persons affected 4000
hanze-1492,1930-09-18T12:00:00Z,day,54.16,-2.87,country,United Kingdom (UKM02),river flood — Heavy rainfall,1,hanze,HANZE v3.0.1b id 1492; end 1930-09-18; persons affected n/a
hanze-1493,1931-05-27T12:00:00Z,day,54.16,-2.87,country,United Kingdom (UKG11),flash flood — Extreme rainfall,1,hanze,HANZE v3.0.1b id 1493; end 1931-05-27; persons affected n/a
hanze-1494,1931-06-14T12:00:00Z,day,54.16,-2.87,country,United Kingdom (UKM92),flash flood — Extreme rainfall up to 64 mm in 7 h,1,hanze,HANZE v3.0.1b id 1494; end 1931-06-14; persons affected n/a
hanze-1495,1931-06-20T12:00:00Z,day,54.16,-2.87,country,United Kingdom (UKD63;UKD74),flash flood — Extreme rainfall,1,hanze,HANZE v3.0.1b id 1495; end 1931-06-20; persons affected n/a
hanze-1496,1932-05-23T12:00:00Z,day,54.16,-2.87,country,United Kingdom (UKE35),river flood — Heavy rainfall,0,hanze,HANZE v3.0.1b id 1496; end 1932-05-23; persons affected 4000
hanze-1497,1938-02-13T12:00:00Z,day,54.16,-2.87,country,United Kingdom (UKH51;UKH52),coastal flood — Storm surge,0,hanze,HANZE v3.0.1b id 1497; end 1938-02-13; persons affected n/a
hanze-1498,1944-05-29T12:00:00Z,day,54.16,-2.87,country,United Kingdom (UKE44),flash flood — Extreme rainfall,3,hanze,HANZE v3.0.1b id 1498; end 1944-05-29; persons affected n/a
hanze-1499,1947-03-07T12:00:00Z,day,54.16,-2.87,country,United Kingdom (UKE12;UKE13;UKE21;UKE22;UKF11;UKF13;UKF14;UKF15;UKF16;UKF24;),river flood — Snowmelt,0,hanze,HANZE v3.0.1b id 1499; end 1947-03-17; persons affected 400000
hanze-1500,1948-09-03T12:00:00Z,day,54.16,-2.87,country,United Kingdom (UKM95),river flood — Heavy rainfall,1,hanze,HANZE v3.0.1b id 1500; end 1948-09-03; persons affected n/a
hanze-1501,1949-02-27T12:00:00Z,day,54.16,-2.87,country,United Kingdom (UKH51;UKH52),coastal flood — Storm surge,0,hanze,HANZE v3.0.1b id 1501; end 1949-02-27; persons affected n/a
hanze-1502,1952-08-15T12:00:00Z,day,54.16,-2.87,country,United Kingdom (UKK43),flash flood — Extreme rainfall up to 229 mm in 24 h,34,hanze,HANZE v3.0.1b id 1502; end 1952-08-16; persons affected 660
hanze-1503,1953-01-31T12:00:00Z,day,54.16,-2.87,country,United Kingdom (UKE12;UKE13;UKF30;UKH31;UKH32;UKH34;UKH37;UKH51;UKH52;UKH61;),coastal flood — Storm surge up to 2.5 m,307,hanze,HANZE v3.0.1b id 1503; end 1953-02-01; persons affected 96000
hanze-1504,1953-06-26T12:00:00Z,day,54.16,-2.87,country,United Kingdom (UKD14),flash flood — Extreme rainfall,1,hanze,HANZE v3.0.1b id 1504; end 1953-06-26; persons affected n/a
hanze-1505,1954-11-11T12:00:00Z,day,54.16,-2.87,country,United Kingdom (UKE11;UKE12;UKE13),compound river/coastal flood — Heavy rainfall and storm surge,0,hanze,HANZE v3.0.1b id 1505; end 1954-11-11; persons affected 4000
hanze-2613,1954-10-19T12:00:00Z,day,54.16,-2.87,country,United Kingdom (UKN0F;UKN0G),river flood — Heavy rainfall,0,hanze,HANZE v3.0.1b id 2613; end 1954-10-19; persons affected 2000
hanze-1506,1955-07-18T12:00:00Z,day,54.16,-2.87,country,United Kingdom (UKK64),flash flood — Extreme rainfall,1,hanze,HANZE v3.0.1b id 1506; end 1955-07-18; persons affected n/a
hanze-1507,1957-06-08T12:00:00Z,day,54.16,-2.87,country,United Kingdom (UKK30),flash flood — Extreme rainfall up to 203 mm,0,hanze,HANZE v3.0.1b id 1507; end 1957-06-08; persons affected 200
hanze-3157,1958-06-03T12:00:00Z,day,54.16,-2.87,country,United Kingdom (UKK30),flash flood — Extreme rainfall,1,hanze,HANZE v3.0.1b id 3157; end 1958-06-03; persons affected n/a
hanze-1508,1960-09-27T12:00:00Z,day,54.16,-2.87,country,United Kingdom (UKK43),river flood — Heavy rainfall up to 103 mm in 24 h,1,hanze,HANZE v3.0.1b id 1508; end 1960-10-01; persons affected 4000
hanze-1509,1960-10-07T12:00:00Z,day,54.16,-2.87,country,United Kingdom (UKF30),flash flood — Extreme rainfall up to 184 mm in 6 h,1,hanze,HANZE v3.0.1b id 1509; end 1960-10-07; persons affected n/a
hanze-1510,1960-10-22T12:00:00Z,day,54.16,-2.87,country,United Kingdom (UKK43;UKK62),river flood — Heavy rainfall up to 50 mm in 24 h,2,hanze,HANZE v3.0.1b id 1510; end 1960-10-27; persons affected 4400
hanze-2553,1960-12-03T12:00:00Z,day,54.16,-2.87,country,United Kingdom (UKK43;UKK51;UKK52;UKK61;UKK62;UKK72),river flood — Heavy rainfall up to 117 mm in 24 h,0,hanze,HANZE v3.0.1b id 2553; end 1960-12-05; persons affected 9000
hanze-2391,1962-03-07T12:00:00Z,day,54.16,-2.87,country,United Kingdom (UKK30),coastal flood — Storm surge,0,hanze,HANZE v3.0.1b id 2391; end 1962-03-07; persons affected 300
hanze-1511,1968-07-09T12:00:00Z,day,54.16,-2.87,country,United Kingdom (UKK43;UKK51;UKK52),flash flood — Extreme rainfall up to 175 mm in 18 h,7,hanze,HANZE v3.0.1b id 1511; end 1968-07-10; persons affected n/a
hanze-2554,1968-01-08T12:00:00Z,day,54.16,-2.87,country,United Kingdom (UKK43),river flood — Heavy rainfall up to 64 mm in 24 h,0,hanze,HANZE v3.0.1b id 2554; end 1968-01-09; persons affected n/a
hanze-2555,1968-07-01T12:00:00Z,day,54.16,-2.87,country,United Kingdom (UKL41),flash flood — Extreme rainfall up to 64 mm in 24 h,1,hanze,HANZE v3.0.1b id 2555; end 1968-07-02; persons affected n/a
hanze-3158,1968-09-14T12:00:00Z,day,54.16,-2.87,country,United Kingdom (UKH32;UKH34;UKH42;UKH64;UKI44;UKI51;UKI61;UKI63;UKJ25;UKJ26;),river flood — Heavy rainfall up to 200 mm in 48 h,0,hanze,HANZE v3.0.1b id 3158; end 1968-09-19; persons affected 100000
hanze-2614,1973-09-20T12:00:00Z,day,54.16,-2.87,country,United Kingdom (UKJ44;UKJ45),river flood — Heavy rainfall,1,hanze,HANZE v3.0.1b id 2614; end 1973-09-21; persons affected n/a
hanze-1512,1976-01-03T12:00:00Z,day,54.16,-2.87,country,United Kingdom (UKE13;UKF30;UKH52),coastal flood — Storm surge,0,hanze,HANZE v3.0.1b id 1512; end 1976-01-03; persons affected 1650
hanze-1513,1976-09-24T12:00:00Z,day,54.16,-2.87,country,United Kingdom (UKK30),flash flood — Extreme rainfall,1,hanze,HANZE v3.0.1b id 1513; end 1976-09-24; persons affected 900
hanze-1514,1977-11-11T12:00:00Z,day,54.16,-2.87,country,United Kingdom (UKD13;UKD14;UKD42;UKD44;UKD45;UKD73),coastal flood — Storm surge up to 1.2 m,1,hanze,HANZE v3.0.1b id 1514; end 1977-11-12; persons affected 20000
hanze-2615,1977-08-16T12:00:00Z,day,54.16,-2.87,country,United Kingdom (UKI72;UKI73;UKI74;UKJ15),flash flood — Extreme rainfall up to 115 mm in 24 h,0,hanze,HANZE v3.0.1b id 2615; end 1977-08-17; persons affected 4400
hanze-2640,1977-02-06T12:00:00Z,day,54.16,-2.87,country,United Kingdom (UKH42),flash flood — Extreme rainfall,2,hanze,HANZE v3.0.1b id 2640; end 1977-02-06; persons affected n/a
hanze-2641,1977-02-25T12:00:00Z,day,54.16,-2.87,country,United Kingdom (UKF13;UKF14;UKF15;UKF16),river flood — Heavy rainfall throughout February 1977,3,hanze,HANZE v3.0.1b id 2641; end 1977-02-25; persons affected n/a
hanze-2917,1977-12-10T12:00:00Z,day,54.16,-2.87,country,United Kingdom (UKK43),flash flood — Extreme rainfall,1,hanze,HANZE v3.0.1b id 2917; end 1977-12-10; persons affected n/a
hanze-1515,1978-01-11T12:00:00Z,day,54.16,-2.87,country,United Kingdom (UKE13;UKF30;UKH52),compound river/coastal flood — Heavy rainfall and storm surge,1,hanze,HANZE v3.0.1b id 1515; end 1978-01-12; persons affected 6700
hanze-2392,1978-12-13T12:00:00Z,day,54.16,-2.87,country,United Kingdom (UKK64),coastal flood — Storm surge,0,hanze,HANZE v3.0.1b id 2392; end 1978-12-13; persons affected 320
hanze-2919,1978-02-21T12:00:00Z,day,54.16,-2.87,country,United Kingdom (UKK43),river flood — Snowmelt,1,hanze,HANZE v3.0.1b id 2919; end 1978-02-28; persons affected n/a
hanze-2921,1978-12-27T12:00:00Z,day,54.16,-2.87,country,United Kingdom (UKE21),river flood — Heavy rainfall,0,hanze,HANZE v3.0.1b id 2921; end 1978-12-30; persons affected 1600
hanze-2393,1979-01-04T12:00:00Z,day,54.16,-2.87,country,United Kingdom (UKK43),coastal flood — Storm surge,0,hanze,HANZE v3.0.1b id 2393; end 1979-01-04; persons affected 500
hanze-2642,1979-12-26T12:00:00Z,day,54.16,-2.87,country,United Kingdom (UKK30;UKK43;UKK51;UKK62;UKK72;UKL51;UKL52;UKL53;UKL54),river flood — Heavy rainfall,4,hanze,HANZE v3.0.1b id 2642; end 1979-12-28; persons affected 12400
hanze-2922,1979-02-13T12:00:00Z,day,54.16,-2.87,country,United Kingdom (UKK64),coastal flood — Storm surge,0,hanze,HANZE v3.0.1b id 2922; end 1979-02-14; persons affected 280
hanze-2923,1979-03-29T12:00:00Z,day,54.16,-2.87,country,United Kingdom (UKC31;UKC32),river flood — Heavy rainfall (worst in 20 years),0,hanze,HANZE v3.0.1b id 2923; end 1979-03-30; persons affected 1600
hanze-2924,1979-06-13T12:00:00Z,day,54.16,-2.87,country,United Kingdom (UKE22),flash flood — Extreme rainfall,1,hanze,HANZE v3.0.1b id 2924; end 1979-06-13; persons affected n/a
hanze-1517,1980-08-29T12:00:00Z,day,54.16,-2.87,country,United Kingdom (UKG31),flash flood — Extreme rainfall,2,hanze,HANZE v3.0.1b id 1517; end 1980-08-29; persons affected n/a
hanze-2687,1980-10-23T12:00:00Z,day,54.16,-2.87,country,United Kingdom (UKD44;UKD45),river flood — Heavy rainfall up to 223 mm in 6 days,0,hanze,HANZE v3.0.1b id 2687; end 1980-10-28; persons affected 1600
hanze-1516,1981-12-13T12:00:00Z,day,54.16,-2.87,country,United Kingdom (UKK61;UKK62),coastal flood — Storm surge over 2 m high,0,hanze,HANZE v3.0.1b id 1516; end 1981-12-13; persons affected 4000
hanze-2929,1981-03-09T12:00:00Z,day,54.16,-2.87,country,United Kingdom (UKL42;UKL53),river flood — Heavy rainfall up to 230 mm in 24 h,1,hanze,HANZE v3.0.1b id 2929; end 1981-03-13; persons affected 200
hanze-2930,1981-03-12T12:00:00Z,day,54.16,-2.87,country,United Kingdom (UKE41),flash flood — Extreme rainfall,2,hanze,HANZE v3.0.1b id 2930; end 1981-03-12; persons affected n/a
hanze-2932,1981-04-24T12:00:00Z,day,54.16,-2.87,country,United Kingdom (UKE13;UKF30;UKG13),river flood — Heavy rainfall,1,hanze,HANZE v3.0.1b id 2932; end 1981-04-29; persons affected 400
hanze-1518,1982-01-01T12:00:00Z,day,54.16,-2.87,country,United Kingdom (UKE12;UKE21;UKE22;UKE42;UKE45;UKF11;UKF13;UKF16;UKF21;UKF22;),river flood — Heavy rainfall and snowmelt,3,hanze,HANZE v3.0.1b id 1518; end 1982-01-05; persons affected n/a
hanze-2394,1983-02-01T12:00:00Z,day,54.16,-2.87,country,United Kingdom (UKH51;UKJ27),coastal flood — Storm surge,0,hanze,HANZE v3.0.1b id 2394; end 1983-02-01; persons affected 1000
hanze-2741,1984-01-13T12:00:00Z,day,54.16,-2.87,country,United Kingdom (UKM32),flash flood — Extreme rainfall,0,hanze,HANZE v3.0.1b id 2741; end 1984-01-13; persons affected 2000
hanze-2936,1984-01-01T12:00:00Z,day,54.16,-2.87,country,United Kingdom (UKM20),river flood — Heavy rainfall,3,hanze,HANZE v3.0.1b id 2936; end 1984-01-03; persons affected n/a
hanze-2937,1984-11-03T12:00:00Z,day,54.16,-2.87,country,United Kingdom (UKD13;UKM13;UKM91),river flood — Heavy rainfall,0,hanze,HANZE v3.0.1b id 2937; end 1984-11-04; persons affected 4000
hanze-2938,1984-11-22T12:00:00Z,day,54.16,-2.87,country,United Kingdom (UKJ22;UKJ27;UKJ31;UKJ35;UKK30;UKK41;UKK43),coastal flood — Storm surge (wind up to 130 km/h),0,hanze,HANZE v3.0.1b id 2938; end 1984-11-24; persons affected 2000
hanze-1519,1985-07-25T12:00:00Z,day,54.16,-2.87,country,United Kingdom (UKM20;UKM32;UKM33;UKM34;UKM95),flash flood — Extreme rainfall up to 84 mm in 24 h,0,hanze,HANZE v3.0.1b id 1519; end 1985-07-26; persons affected n/a
hanze-2335,1987-10-21T12:00:00Z,day,54.16,-2.87,country,United Kingdom (UKN0A;UKN0G),flash flood — Extreme rainfall up to 137 mm in 24 h,0,hanze,HANZE v3.0.1b id 2335; end 1987-10-22; persons affected 2140
hanze-2691,1987-08-22T12:00:00Z,day,54.16,-2.87,country,United Kingdom (UKG23;UKG24),river flood — Heavy rainfall up to 84 mm in 24 h,0,hanze,HANZE v3.0.1b id 2691; end 1987-08-23; persons affected n/a
hanze-2692,1987-10-19T12:00:00Z,day,54.16,-2.87,country,United Kingdom (UKL42),river flood — Heavy rainfall,4,hanze,HANZE v3.0.1b id 2692; end 1987-10-21; persons affected 1600
hanze-3207,1988-05-01T12:00:00Z,day,54.16,-2.87,country,United Kingdom (UKK30),flash flood — Extreme rainfall,,hanze,HANZE v3.0.1b id 3207; end 1988-05-31; persons affected 240
hanze-2689,1989-01-14T12:00:00Z,day,54.16,-2.87,country,United Kingdom (UKM20),river flood — Heavy rainfall,0,hanze,HANZE v3.0.1b id 2689; end 1989-01-17; persons affected 3000
hanze-2690,1989-05-24T12:00:00Z,day,54.16,-2.87,country,United Kingdom (UKD62;UKF13),flash flood — Extreme rainfall up to 84 mm in 24 h,1,hanze,HANZE v3.0.1b id 2690; end 1989-05-24; persons affected n/a
hanze-1520,1990-02-26T12:00:00Z,day,54.16,-2.87,country,United Kingdom (UKL32;UKL33;UKL34),coastal flood — Storm surge and waves up to 4.5 m,0,hanze,HANZE v3.0.1b id 1520; end 1990-02-28; persons affected 5000
hanze-1521,1990-10-27T12:00:00Z,day,54.16,-2.87,country,United Kingdom (UKN06;UKN0C),flash flood — Extreme rainfall,1,hanze,HANZE v3.0.1b id 1521; end 1990-10-28; persons affected n/a
hanze-2740,1990-10-05T12:00:00Z,day,54.16,-2.87,country,United Kingdom (UKM32),flash flood — Extreme rainfall,0,hanze,HANZE v3.0.1b id 2740; end 1990-10-06; persons affected 800
hanze-2742,1990-02-04T12:00:00Z,day,54.16,-2.87,country,United Kingdom (UKM02),river flood — Heavy rainfall up to 518 mm in 25 days and snowmelt,0,hanze,HANZE v3.0.1b id 2742; end 1990-02-07; persons affected n/a
hanze-1522,1991-01-05T12:00:00Z,day,54.16,-2.87,country,United Kingdom (UKM20;UKM31;UKM33),coastal flood — Storm surge up to 1.31 m,0,hanze,HANZE v3.0.1b id 1522; end 1991-01-05; persons affected n/a
hanze-1523,1993-01-15T12:00:00Z,day,54.16,-2.87,country,United Kingdom (UKM02),river flood — Heavy rainfall and snowmelt,0,hanze,HANZE v3.0.1b id 1523; end 1993-01-18; persons affected 6000
hanze-1524,1993-02-21T12:00:00Z,day,54.16,-2.87,country,United Kingdom (UKH51;UKH52),coastal flood — Storm surge up to 1.77 m,0,hanze,HANZE v3.0.1b id 1524; end 1993-02-21; persons affected 600
hanze-1525,1993-06-11T12:00:00Z,day,54.16,-2.87,country,United Kingdom (UKK43;UKL33;UKL41),flash flood — Extreme rainfall,0,hanze,HANZE v3.0.1b id 1525; end 1993-06-13; persons affected 4000
hanze-1526,1993-12-26T12:00:00Z,day,54.16,-2.87,country,United Kingdom (UKJ22;UKJ27;UKJ45;UKK30),river flood — Heavy rainfall,4,hanze,HANZE v3.0.1b id 1526; end 1993-12-31; persons affected n/a
hanze-1527,1994-01-07T12:00:00Z,day,54.16,-2.87,country,United Kingdom (UKJ27),river flood — Heavy rainfall,3,hanze,HANZE v3.0.1b id 1527; end 1994-01-12; persons affected n/a
hanze-1528,1994-12-09T12:00:00Z,day,54.16,-2.87,country,United Kingdom (UKM31;UKM32;UKM92),river flood — Heavy rainfall up to 220 mm in 24 h,3,hanze,HANZE v3.0.1b id 1528; end 1994-12-13; persons affected 2800
hanze-2914,1995-01-28T12:00:00Z,day,54.16,-2.87,country,United Kingdom (UKD13;UKD14;UKD44;UKD45;UKE12;UKE22;UKE41;UKE42;UKE45),river flood — Heavy rainfall and snowmelt,2,hanze,HANZE v3.0.1b id 2914; end 1995-02-04; persons affected n/a
hanze-2915,1995-01-30T12:00:00Z,day,54.16,-2.87,country,United Kingdom (UKK62),river flood — Heavy rainfall and snowmelt,0,hanze,HANZE v3.0.1b id 2915; end 1995-02-08; persons affected n/a
hanze-1529,1997-07-01T12:00:00Z,day,54.16,-2.87,country,United Kingdom (UKM20),river flood — Heavy rainfall,1,hanze,HANZE v3.0.1b id 1529; end 1997-07-02; persons affected 1200
hanze-2743,1997-08-13T12:00:00Z,day,54.16,-2.87,country,United Kingdom (UKM01;UKM02;UKM12),flash flood — Extreme rainfall,0,hanze,HANZE v3.0.1b id 2743; end 1997-08-13; persons affected n/a
hanze-1530,1998-04-09T12:00:00Z,day,54.16,-2.87,country,United Kingdom (UKF22;UKF24;UKG11;UKG12;UKG13;UKH24;UKH25;UKH42;UKJ12;UKJ13;),river flood — Heavy rainfall; up to 80 mm per 24 h,4,hanze,HANZE v3.0.1b id 1530; end 1998-04-13; persons affected 18000
hanze-1531,1998-10-22T12:00:00Z,day,54.16,-2.87,country,United Kingdom (UKG11;UKL42;UKL44;UKL51;UKL52;UKL54),river flood — Heavy rainfall,2,hanze,HANZE v3.0.1b id 1531; end 1998-10-24; persons affected 3000
hanze-1532,1999-03-07T12:00:00Z,day,54.16,-2.87,country,United Kingdom (UKE12;UKE22),river flood — Heavy rainfall,0,hanze,HANZE v3.0.1b id 1532; end 1999-03-13; persons affected 800
hanze-1533,1999-12-24T12:00:00Z,day,54.16,-2.87,country,United Kingdom (UKJ34;UKJ35;UKJ36;UKJ46;UKK30;UKK42;UKK43),compound river/coastal flood — Heavy rainfall and storm surge,1,hanze,HANZE v3.0.1b id 1533; end 1999-12-27; persons affected 2060
hanze-1534,2000-06-04T12:00:00Z,day,54.16,-2.87,country,United Kingdom (UKC41;UKE44),flash flood — Extreme rainfall,0,hanze,HANZE v3.0.1b id 1534; end 2000-06-05; persons affected 2000
hanze-1535,2000-10-09T12:00:00Z,day,54.16,-2.87,country,United Kingdom (UKC32;UKC41;UKC42;UKD44;UKD45;UKD61;UKD63;UKE21;UKE22;UKE34;),river flood — Heavy rainfall throughout autumn; wettest on record; daily rainfall up to 150 mm,3,hanze,HANZE v3.0.1b id 1535; end 2000-11-12; persons affected 40000
hanze-2871,2000-04-26T12:00:00Z,day,54.16,-2.87,country,United Kingdom (UKM11;UKM13;UKM14),river flood — Heavy rainfall up to 100 mm in 48 h,0,hanze,HANZE v3.0.1b id 2871; end 2000-04-27; persons affected 2000
hanze-2872,2000-12-14T12:00:00Z,day,54.16,-2.87,country,United Kingdom (UKD33),flash flood — Extreme rainfall,1,hanze,HANZE v3.0.1b id 2872; end 2000-12-14; persons affected n/a
hanze-1536,2001-10-21T12:00:00Z,day,54.16,-2.87,country,United Kingdom (UKH35;UKH42),flash flood — Extreme rainfall up to 75 mm in few hours,0,hanze,HANZE v3.0.1b id 1536; end 2001-10-23; persons affected 1000
hanze-1537,2002-07-30T12:00:00Z,day,54.16,-2.87,country,United Kingdom (UKM32),flash flood — Extreme rainfall,1,hanze,HANZE v3.0.1b id 1537; end 2002-08-01; persons affected 1500
hanze-1538,2002-11-15T12:00:00Z,day,54.16,-2.87,country,United Kingdom (UKM20),river flood — Heavy rainfall up to 75 mm in 48 h,0,hanze,HANZE v3.0.1b id 1538; end 2002-11-16; persons affected 620
hanze-1539,2003-01-01T12:00:00Z,day,54.16,-2.87,country,United Kingdom (UKI53;UKJ14;UKJ16;UKJ25),river flood — Heavy rainfall,1,hanze,HANZE v3.0.1b id 1539; end 2003-01-06; persons affected 2000
hanze-1540,2004-08-16T12:00:00Z,day,54.16,-2.87,country,United Kingdom (UKK30),flash flood — Extreme rainfall up to 75 mm in 2 h (around 200 mm in 4 h),0,hanze,HANZE v3.0.1b id 1540; end 2004-08-17; persons affected 1000
hanze-2395,2004-10-27T12:00:00Z,day,54.16,-2.87,country,United Kingdom (UKK30),coastal flood — Storm surge up to 1 m,0,hanze,HANZE v3.0.1b id 2395; end 2004-10-27; persons affected 750
hanze-2873,2004-02-03T12:00:00Z,day,54.16,-2.87,country,United Kingdom (UKG12;UKG22),river flood — Heavy rainfall and snowmelt,0,hanze,HANZE v3.0.1b id 2873; end 2004-02-07; persons affected 640
hanze-1541,2005-01-07T12:00:00Z,day,54.16,-2.87,country,United Kingdom (UKD13;UKD14),flash flood — Extreme rainfall up to 172 mm in 24 h,2,hanze,HANZE v3.0.1b id 1541; end 2005-01-08; persons affected 10200
hanze-1542,2005-01-11T12:00:00Z,day,54.16,-2.87,country,United Kingdom (UKM20),coastal flood — Storm surge up to 1.5 m,5,hanze,HANZE v3.0.1b id 1542; end 2005-01-12; persons affected n/a
hanze-1543,2005-06-19T12:00:00Z,day,54.16,-2.87,country,United Kingdom (UKE22),flash flood — Extreme rainfall up to 70 mm in 3 h,0,hanze,HANZE v3.0.1b id 1543; end 2005-06-20; persons affected n/a
hanze-1544,2005-10-12T12:00:00Z,day,54.16,-2.87,country,United Kingdom (UKM91),flash flood — Extreme rainfall,0,hanze,HANZE v3.0.1b id 1544; end 2005-10-14; persons affected 800
hanze-1545,2005-11-03T12:00:00Z,day,54.16,-2.87,country,United Kingdom (UKJ27;UKJ31;UKJ32;UKJ35),coastal flood — Storm surge and waves up to 2 m,0,hanze,HANZE v3.0.1b id 1545; end 2005-11-03; persons affected 920
hanze-1546,2007-06-15T12:00:00Z,day,54.16,-2.87,country,United Kingdom (UKD13;UKD14;UKE11;UKE12;UKE13;UKE21;UKE22;UKE32;UKE33;UKE34;),river flood — Heavy rainfall; 3 main waves; total May-July rainfall up to 415 mm; and up to 98 mm in 24 h,13,hanze,HANZE v3.0.1b id 1546; end 2007-07-30; persons affected 192000
hanze-1547,2007-08-10T12:00:00Z,day,54.16,-2.87,country,United Kingdom (UKE22),flash flood — Extreme rainfall,0,hanze,HANZE v3.0.1b id 1547; end 2007-08-11; persons affected 320
hanze-1548,2008-01-15T12:00:00Z,day,54.16,-2.87,country,United Kingdom (UKE33;UKE34;UKE44),river flood — Heavy rainfall,0,hanze,HANZE v3.0.1b id 1548; end 2008-01-26; persons affected 2000
hanze-1549,2008-08-15T12:00:00Z,day,54.16,-2.87,country,United Kingdom (UKN06;UKN07;UKN08;UKN0D;UKN0E),flash flood — Extreme rainfall up to 62 mm in 12 h,0,hanze,HANZE v3.0.1b id 1549; end 2008-08-16; persons affected n/a
hanze-1550,2008-09-06T12:00:00Z,day,54.16,-2.87,country,United Kingdom (UKC42;UKL41),flash flood — Extreme rainfall up to 150 mm in 24 h,1,hanze,HANZE v3.0.1b id 1550; end 2008-09-08; persons affected 3000
hanze-1551,2008-12-13T12:00:00Z,day,54.16,-2.87,country,United Kingdom (UKK62),flash flood — Extreme rainfall,0,hanze,HANZE v3.0.1b id 1551; end 2008-12-14; persons affected 1080
hanze-2874,2008-06-03T12:00:00Z,day,54.16,-2.87,country,United Kingdom (UKJ14),flash flood — Extreme rainfall,1,hanze,HANZE v3.0.1b id 2874; end 2008-06-03; persons affected n/a
hanze-1552,2009-04-24T12:00:00Z,day,54.16,-2.87,country,United Kingdom (UKK30),flash flood — Extreme rainfall,3,hanze,HANZE v3.0.1b id 1552; end 2009-04-25; persons affected n/a
hanze-1553,2009-11-18T12:00:00Z,day,54.16,-2.87,country,United Kingdom (UKD13;UKD14;UKL41),river flood — Heavy rainfall up to 314 mm in 24 h,2,hanze,HANZE v3.0.1b id 1553; end 2009-11-23; persons affected 8900
hanze-1554,2010-11-16T12:00:00Z,day,54.16,-2.87,country,United Kingdom (UKK30),flash flood — Extreme rainfall up to 79 mm in 24 h,0,hanze,HANZE v3.0.1b id 1554; end 2010-11-17; persons affected 400
hanze-2875,2010-02-27T12:00:00Z,day,54.16,-2.87,country,United Kingdom (UKE22),flash flood — Extreme rainfall,1,hanze,HANZE v3.0.1b id 2875; end 2010-02-27; persons affected n/a
hanze-1555,2012-06-10T12:00:00Z,day,54.16,-2.87,country,United Kingdom (UKG24;UKJ27;UKJ36;UKK43;UKK62;UKK64),river flood — Heavy rainfall,0,hanze,HANZE v3.0.1b id 1555; end 2012-06-11; persons affected n/a
hanze-1556,2012-06-23T12:00:00Z,day,54.16,-2.87,country,United Kingdom (UKC43;UKD13;UKD14;UKD36;UKD41;UKD47;UKE22;UKE44),river flood — Heavy rainfall,1,hanze,HANZE v3.0.1b id 1556; end 2012-06-24; persons affected n/a
hanze-1557,2012-09-23T12:00:00Z,day,54.16,-2.87,country,United Kingdom (UKC42;UKC43;UKE22;UKL34),river flood — Heavy rainfall,2,hanze,HANZE v3.0.1b id 1557; end 2012-09-27; persons affected 1500
hanze-1558,2012-11-21T12:00:00Z,day,54.16,-2.87,country,United Kingdom (UKD13;UKD14;UKE22;UKE33;UKE34;UKE35;UKF24;UKF25;UKJ15;UKJ16;),river flood — Heavy rainfall,2,hanze,HANZE v3.0.1b id 1558; end 2012-12-18; persons affected 4400
hanze-1559,2012-12-23T12:00:00Z,day,54.16,-2.87,country,United Kingdom (UKE12;UKK30;UKK43;UKL43;UKM50),river flood — Heavy rainfall,0,hanze,HANZE v3.0.1b id 1559; end 2012-12-23; persons affected 585
hanze-2876,2012-04-29T12:00:00Z,day,54.16,-2.87,country,United Kingdom (UKJ37),flash flood — Extreme rainfall,1,hanze,HANZE v3.0.1b id 2876; end 2012-04-29; persons affected n/a
hanze-2877,2012-06-08T12:00:00Z,day,54.16,-2.87,country,United Kingdom (UKL41),river flood — Heavy rainfall up to 198 mm in 36 h,0,hanze,HANZE v3.0.1b id 2877; end 2012-06-09; persons affected 1150
hanze-2878,2012-06-28T12:00:00Z,day,54.16,-2.87,country,United Kingdom (UKG22),flash flood — Extreme rainfall,1,hanze,HANZE v3.0.1b id 2878; end 2012-06-28; persons affected n/a
hanze-1560,2013-12-05T12:00:00Z,day,54.16,-2.87,country,United Kingdom (UKE11;UKE12;UKE13;UKE22;UKF30;UKH51;UKH62;UKH63;UKL33),coastal flood — Storm surge up to 1.93 m,0,hanze,HANZE v3.0.1b id 1560; end 2013-12-08; persons affected 10000
hanze-1561,2013-12-23T12:00:00Z,day,54.16,-2.87,country,United Kingdom (UKJ13;UKJ14;UKJ15;UKJ16;UKJ25;UKJ27;UKJ36;UKJ37;UKJ46;UKK43;),river flood — Heavy rainfall; several waves,1,hanze,HANZE v3.0.1b id 1561; end 2014-02-28; persons affected 25000
hanze-1562,2014-01-03T12:00:00Z,day,54.16,-2.87,country,United Kingdom (UKJ22;UKK30;UKK43;UKK52;UKK61;UKK73;UKL41;UKL54;UKM92),coastal flood — Storm surge up to 1.07 m and waves up to 4.5 m,2,hanze,HANZE v3.0.1b id 1562; end 2014-01-04; persons affected 1000
hanze-1563,2015-12-05T12:00:00Z,day,54.16,-2.87,country,United Kingdom (UKC42;UKD13;UKD14;UKD36;UKD37;UKD44;UKD46;UKD47;UKE21;UKE22;),river flood — Heavy rainfall; several waves; up to 405 mm in 48 h,1,hanze,HANZE v3.0.1b id 1563; end 2016-01-27; persons affected 64000
hanze-1564,2016-03-09T12:00:00Z,day,54.16,-2.87,country,United Kingdom (UKF22;UKG13;UKJ12),flash flood — Extreme rainfall up to 36 mm in 24 h,0,hanze,HANZE v3.0.1b id 1564; end 2016-03-10; persons affected n/a
hanze-2336,2016-11-19T12:00:00Z,day,54.16,-2.87,country,United Kingdom (UKD35;UKD37;UKK43;UKL51),river flood — Heavy rainfall up to 59 mm in 24 h,1,hanze,HANZE v3.0.1b id 2336; end 2016-11-22; persons affected 600
hanze-2337,2017-07-18T12:00:00Z,day,54.16,-2.87,country,United Kingdom (UKK30),flash flood — Extreme rainfall up to 100 mm in 3 h,0,hanze,HANZE v3.0.1b id 2337; end 2017-07-18; persons affected 200
hanze-2338,2018-05-26T12:00:00Z,day,54.16,-2.87,country,United Kingdom (UKG38),flash flood — Extreme rainfall up to 94 mm in 24 h,1,hanze,HANZE v3.0.1b id 2338; end 2018-05-27; persons affected n/a
hanze-2339,2018-10-12T12:00:00Z,day,54.16,-2.87,country,United Kingdom (UKL41;UKL42),river flood — Heavy rainfall up to 198 mm in 36 h,0,hanze,HANZE v3.0.1b id 2339; end 2018-10-14; persons affected 780
hanze-2340,2019-03-10T12:00:00Z,day,54.16,-2.87,country,United Kingdom (UKF30),river flood — Heavy rainfall,0,hanze,HANZE v3.0.1b id 2340; end 2019-03-12; persons affected 2320
hanze-2341,2019-07-30T12:00:00Z,day,54.16,-2.87,country,United Kingdom (UKD62),flash flood — Extreme rainfall up to 90 mm in 24 h,0,hanze,HANZE v3.0.1b id 2341; end 2019-07-31; persons affected 240
hanze-2342,2019-11-07T12:00:00Z,day,54.16,-2.87,country,United Kingdom (UKE13;UKE32;UKE35;UKF12;UKF13;UKF15;UKF30),river flood — Heavy rainfall up to 84 mm in 24 h,1,hanze,HANZE v3.0.1b id 2342; end 2019-11-09; persons affected 4800
hanze-2343,2020-02-08T12:00:00Z,day,54.16,-2.87,country,United Kingdom (UKD13;UKD14;UKE12;UKE21;UKE22;UKE41;UKE42;UKE44;UKE45),river flood — Heavy rainfall up to 180 mm in 24 h,0,hanze,HANZE v3.0.1b id 2343; end 2020-02-10; persons affected 2200
hanze-2344,2020-02-15T12:00:00Z,day,54.16,-2.87,country,United Kingdom (UKF15;UKG11;UKG12;UKG22;UKG24;UKL41;UKL51),river flood — Heavy rainfall,2,hanze,HANZE v3.0.1b id 2344; end 2020-02-18; persons affected 6400
hanze-2345,2020-12-18T12:00:00Z,day,54.16,-2.87,country,United Kingdom (UKF24;UKF25;UKG12;UKH24;UKH42;UKH52;UKH53;UKH63;UKJ14),river flood — Heavy rainfall up to 80 mm in 48 h,0,hanze,HANZE v3.0.1b id 2345; end 2020-12-28; persons affected 3000
hanze-2688,2020-08-11T12:00:00Z,day,54.16,-2.87,country,United Kingdom (UKM02),flash flood — Extreme rainfall up to 106 mm in 24 h,0,hanze,HANZE v3.0.1b id 2688; end 2020-08-12; persons affected 760
hanze-3159,2021-01-19T12:00:00Z,day,54.16,-2.87,country,United Kingdom (UKD33;UKD61;UKD63;UKE21;UKE22;UKE34;UKE35;UKL33;UKL44;UKL34),river flood — Heavy rainfall up to 100 mm in 72 h,0,hanze,HANZE v3.0.1b id 3159; end 2021-01-21; persons affected 8000
hanze-3160,2022-02-18T12:00:00Z,day,54.16,-2.87,country,United Kingdom (UKE21;UKE22;UKE34;UKE35;UKG12;UKG22;UKL41),river flood — Heavy rainfall,0,hanze,HANZE v3.0.1b id 3160; end 2022-02-24; persons affected 1600
hanze-3161,2022-11-16T12:00:00Z,day,54.16,-2.87,country,United Kingdom (UKM50),flash flood — Extreme rainfall up to 140 mm in 48 h,1,hanze,HANZE v3.0.1b id 3161; end 2022-11-18; persons affected n/a
hanze-3162,2023-05-09T12:00:00Z,day,54.16,-2.87,country,United Kingdom (UKK43;UKK62),flash flood — Extreme rainfall up to 42 mm in 24 h,0,hanze,HANZE v3.0.1b id 3162; end 2023-05-10; persons affected 412
hanze-3163,2023-10-18T12:00:00Z,day,54.16,-2.87,country,United Kingdom (UKE13;UKE34;UKF12;UKF15;UKF30;UKG22;UKH61;UKM03;UKM50),river flood — Heavy rainfall up to 200 mm,4,hanze,HANZE v3.0.1b id 3163; end 2023-10-22; persons affected 10000
hanze-3164,2024-01-02T12:00:00Z,day,54.16,-2.87,country,United Kingdom (UKE12;UKE21;UKF15;UKF16;UKF21;UKF22;UKF24;UKF25;UKF30;UKG12;),river flood — Heavy rainfall more then 40 mm in 24 h,0,hanze,HANZE v3.0.1b id 3164; end 2024-01-05; persons affected 8800
hanze-3165,2024-04-08T12:00:00Z,day,54.16,-2.87,country,United Kingdom (UKJ27;UKJ35),coastal flood — Storm surge and high tide,0,hanze,HANZE v3.0.1b id 3165; end 2024-04-09; persons affected 420
hanze-3166,2024-11-22T12:00:00Z,day,54.16,-2.87,country,United Kingdom (UKD46;UKF24;UKG12;UKK52;UKK73;UKL33;UKL51),river flood — Heavy rainfall up to 175 mm in 72 h,2,hanze,HANZE v3.0.1b id 3166; end 2024-11-25; persons affected 4052
hanze-3167,2024-12-06T12:00:00Z,day,54.16,-2.87,country,United Kingdom (UKC42;UKE22),river flood — Heavy rainfall up to 50-75 mm in 48 h in Wales,1,hanze,HANZE v3.0.1b id 3167; end 2024-12-09; persons affected 100
hanze-3168,2025-01-05T12:00:00Z,day,54.16,-2.87,country,United Kingdom (UKE22;UKF22;UKF30),river flood — Heavy rainfall and snowmelt,1,hanze,HANZE v3.0.1b id 3168; end 2025-01-06; persons affected 109
