id,time,date_precision,latitude,longitude,loc_precision,place,cause,deaths,tier,notes
ncei-1153,1702-03-14T00:00:00Z,day,41.1,14.5,region,ITALY:  BENEVENTO,earthquake,>=100,ncei-deaths,NCEI/WDS id 1153; Mw n/a; death bracket >= 100
ncei-1157,1703-01-14T00:00:00Z,day,42.78,13.1,region,ITALY:  CENTRAL APENNINO; NORCIA; L'AQUILA; PERUGIA,earthquake,>=10000,ncei-deaths,NCEI/WDS id 1157; Mw n/a; death bracket >= 10000
ncei-1161,1703-02-02T01:11:05Z,minute,42.467,13.2,region,ITALY:  L'AQUILA (AQUILA),earthquake,>=10000,ncei-deaths,NCEI/WDS id 1161; Mw 6.7; death bracket >= 10000
ncei-1163,1703-12-30T00:00:00Z,day,35,140,region,JAPAN:  OFF SW BOSO PENINSULA,earthquake,>=1000,ncei-deaths,NCEI/WDS id 1163; Mw 8.2; death bracket >= 1000
ncei-1166,1704-05-27T00:00:00Z,day,41,139.5,region,JAPAN:  N OF NOSIRO,earthquake,>=10,ncei-deaths,NCEI/WDS id 1166; Mw n/a; death bracket >= 10
ncei-1168,1704-11-11T19:30:00Z,minute,38.825,20.673,region,GREECE,earthquake,>=10,ncei-deaths,NCEI/WDS id 1168; Mw 6.2; death bracket >= 10
ncei-1172,1706-11-03T00:00:00Z,day,41.6,14.6,region,ITALY:  SULMONA TO CAMPOBASSO;  ABRUZZI,earthquake,>=1000,ncei-deaths,NCEI/WDS id 1172; Mw n/a; death bracket >= 1000
ncei-1174,1707-09-17T05:00:00Z,minute,-13.9,-72.1,region,PERU:  CUZCO,earthquake,>=100,ncei-deaths,NCEI/WDS id 1174; Mw 5.8; death bracket >= 100
ncei-1178,1707-10-28T00:00:00Z,day,33.2,134.8,region,JAPAN:  NANKAIDO,earthquake,>=1000,ncei-deaths,NCEI/WDS id 1178; Mw 8.4; death bracket >= 1000
ncei-1180,1709-10-14T00:00:00Z,day,37.4,105.3,region,CHINA:  NINGXIA,earthquake,>=1000,ncei-deaths,NCEI/WDS id 1180; Mw 7.5; death bracket >= 1000
ncei-1181,1711-03-19T00:00:00Z,day,35.5,133,region,JAPAN:  MIMASAKA,earthquake,>=1,ncei-deaths,NCEI/WDS id 1181; Mw n/a; death bracket >= 1
ncei-1185,1713-02-26T00:00:00Z,day,25.4,103.2,region,CHINA:  YUNNAN PROVINCE:  S OF XUNDIAN,earthquake,>=1000,ncei-deaths,NCEI/WDS id 1185; Mw 6.8; death bracket >= 1000
ncei-1187,1714-04-28T00:00:00Z,day,36.5,138,region,JAPAN:  OOMATI,earthquake,>=10,ncei-deaths,NCEI/WDS id 1187; Mw n/a; death bracket >= 10
ncei-1210,1718-06-19T00:00:00Z,day,35,105.2,region,CHINA:  GANSU PROVINCE,earthquake,>=10000,ncei-deaths,NCEI/WDS id 1210; Mw 7.5; death bracket >= 10000
ncei-1212,1719-05-25T00:00:00Z,day,40.8,29.4,region,TURKEY,earthquake,>=1000,ncei-deaths,NCEI/WDS id 1212; Mw n/a; death bracket >= 1000
ncei-1222,1721-04-26T00:00:00Z,day,37.9,46.7,region,IRAN:  TABRIZ,earthquake,>=10000,ncei-deaths,NCEI/WDS id 1222; Mw 7.7; death bracket >= 10000
ncei-1230,1725-01-07T04:25:00Z,minute,-9,-79,region,PERU: TRUJILLO; ANCASH; LIMA,earthquake,>=1000,ncei-deaths,NCEI/WDS id 1230; Mw 7.7; death bracket >= 1000
ncei-1233,1725-01-08T00:00:00Z,day,25.1,103.1,region,CHINA:  YUNNAN PROVINCE:   SONGMING; YILIANG,earthquake,>=100,ncei-deaths,NCEI/WDS id 1233; Mw 6; death bracket >= 100
ncei-1237,1726-09-01T00:00:00Z,day,38.1,13.35,region,ITALY:  PALERMO; MARSALA; MAZZARA,earthquake,>=100,ncei-deaths,NCEI/WDS id 1237; Mw n/a; death bracket >= 100
ncei-1242,1727-11-18T00:00:00Z,day,38,46.3,region,IRAN:  TABRIZ,earthquake,>=10000,ncei-deaths,NCEI/WDS id 1242; Mw n/a; death bracket >= 10000
ncei-1244,1729-08-01T00:00:00Z,day,37.5,137,region,JAPAN:  NOTO,earthquake,>=1,ncei-deaths,NCEI/WDS id 1244; Mw n/a; death bracket >= 1
ncei-1246,1730-07-08T08:45:00Z,minute,-32.5,-71.5,region,CHILE:  VALPARAISO,earthquake,>=1,ncei-deaths,NCEI/WDS id 1246; Mw 9.1; death bracket >= 1
ncei-1248,1730-05-12T03:15:00Z,minute,42.8,13,region,ITALY:  NORCIA,earthquake,>=100,ncei-deaths,NCEI/WDS id 1248; Mw n/a; death bracket >= 100
ncei-1253,1730-09-30T00:00:00Z,day,40,116.2,region,CHINA:  BEIJING,earthquake,>=100,ncei-deaths,NCEI/WDS id 1253; Mw 6.5; death bracket >= 100
ncei-1256,1731-03-20T02:30:00Z,minute,41.5,15.5,region,ITALY:  FOGGIA,earthquake,>=1000,ncei-deaths,NCEI/WDS id 1256; Mw 6.3; death bracket >= 1000
ncei-1257,1731-11-15T00:00:00Z,day,23,-102,region,MEXICO,earthquake,>=1,ncei-deaths,NCEI/WDS id 1257; Mw n/a; death bracket >= 1
ncei-1259,1732-11-29T00:00:00Z,day,41.08,15.15,region,ITALY:  ARIANO; LUCANIE; AVELLINO,earthquake,>=1000,ncei-deaths,NCEI/WDS id 1259; Mw n/a; death bracket >= 1000
ncei-1265,1736-01-30T00:00:00Z,day,23.1,120.3,region,TAIWAN:  TAINAN,earthquake,>=100,ncei-deaths,NCEI/WDS id 1265; Mw 6; death bracket >= 100
ncei-1274,1739-01-03T00:00:00Z,day,38.9,106.5,region,CHINA:  NINGXIA,earthquake,>=10000,ncei-deaths,NCEI/WDS id 1274; Mw 8; death bracket >= 10000
ncei-1283,1742-02-25T00:00:00Z,day,37.71,21.022,region,GREECE:  ZAKYNTHOS,earthquake,>=100,ncei-deaths,NCEI/WDS id 1283; Mw 6.6; death bracket >= 100
ncei-1288,1743-01-12T00:00:00Z,day,14,121.6,region,PHILIPPINES:  LUZON:  TAYABAS;LAGUNA,earthquake,>=1,ncei-deaths,NCEI/WDS id 1288; Mw n/a; death bracket >= 1
ncei-1295,1746-10-29T03:30:00Z,minute,-11.996,-77.198,region,PERU:  LIMA; CALLAO,earthquake,>=1000,ncei-deaths,NCEI/WDS id 1295; Mw 8; death bracket >= 1000
ncei-1301,1748-11-21T00:00:00Z,day,36.4,106.1,region,CHINA:  NINGXIA,earthquake,>=10,ncei-deaths,NCEI/WDS id 1301; Mw 5.5; death bracket >= 10
ncei-1307,1750-06-07T00:00:00Z,day,36.2,23,region,GREECE:  MOREA;CERIGO,earthquake,>=1000,ncei-deaths,NCEI/WDS id 1307; Mw n/a; death bracket >= 1000
ncei-1308,1750-09-15T00:00:00Z,day,24.7,102.9,region,CHINA:  YUNNAN PROVINCE,earthquake,>=10,ncei-deaths,NCEI/WDS id 1308; Mw 6; death bracket >= 10
ncei-1315,1751-05-20T00:00:00Z,day,37.2,138.1,region,JAPAN:  HONSHU:  NW,earthquake,>=1000,ncei-deaths,NCEI/WDS id 1315; Mw 6.6; death bracket >= 1000
ncei-1317,1751-05-25T00:00:00Z,day,26.5,99.9,region,CHINA:  YUNNAN PROVINCE,earthquake,>=100,ncei-deaths,NCEI/WDS id 1317; Mw 6.8; death bracket >= 100
ncei-1328,1754-05-15T00:00:00Z,day,14.002,120.993,region,PHILIPPINES:  TAAL VOLCANO,earthquake,>=10,ncei-deaths,NCEI/WDS id 1328; Mw n/a; death bracket >= 10
ncei-1331,1755-01-27T00:00:00Z,day,24.7,102.2,region,CHINA:  YUNNAN PROVINCE,earthquake,>=100,ncei-deaths,NCEI/WDS id 1331; Mw 6.5; death bracket >= 100
ncei-1332,1755-02-08T00:00:00Z,day,23.8,102.7,region,CHINA:  YUNNAN PROVINCE,earthquake,>=10,ncei-deaths,NCEI/WDS id 1332; Mw 6; death bracket >= 10
ncei-1336,1755-06-07T00:00:00Z,day,34,51.5,region,IRAN:  N:  TABRIZ;KASHAN,earthquake,>=10000,ncei-deaths,NCEI/WDS id 1336; Mw n/a; death bracket >= 10000
ncei-1339,1755-11-01T09:30:00Z,minute,37,-10,region,PORTUGAL:  LISBON,earthquake,>=10000,ncei-deaths,NCEI/WDS id 1339; Mw 8.5; death bracket >= 10000
ncei-1342,1755-11-19T00:00:00Z,day,34.08,-5,region,MOROCCO:  MEKNES; FES,earthquake,>=1000,ncei-deaths,NCEI/WDS id 1342; Mw n/a; death bracket >= 1000
ncei-1345,1757-02-22T00:00:00Z,day,-0.9,-78.6,region,ECUADOR:  COTOPAXI;TUNGURAHUA; LATACUNGA,earthquake,>=1000,ncei-deaths,NCEI/WDS id 1345; Mw 7; death bracket >= 1000
ncei-1346,1757-04-15T00:00:00Z,day,34,-6.8,region,MOROCCO:  SALE; CAPE CANTIN,earthquake,>=1000,ncei-deaths,NCEI/WDS id 1346; Mw n/a; death bracket >= 1000
ncei-1348,1757-07-09T23:45:00Z,minute,38.65,-28.08,region,AZORES:  SAO JORGE,earthquake,>=1000,ncei-deaths,NCEI/WDS id 1348; Mw n/a; death bracket >= 1000
ncei-1351,1757-08-06T00:00:00Z,day,37,15,region,ITALY:  SIRACUSA (SYRACUSE),earthquake,>=10000,ncei-deaths,NCEI/WDS id 1351; Mw n/a; death bracket >= 10000
ncei-1360,1759-10-30T00:00:00Z,day,33,35.5,region,ISRAEL:  ZEFAT (SAFED),earthquake,>=1000,ncei-deaths,NCEI/WDS id 1360; Mw 6.6; death bracket >= 1000
ncei-1362,1759-11-25T00:00:00Z,day,33.3,35.7,region,LEBANON-SYRIA:  BAALBEC; SYRIA: DAMASCUS; ANTIOCH,earthquake,>=10000,ncei-deaths,NCEI/WDS id 1362; Mw 7.4; death bracket >= 10000
ncei-1364,1761-05-23T00:00:00Z,day,24.4,102.5,region,CHINA:  YUNNAN PROVINCE,earthquake,>=100,ncei-deaths,NCEI/WDS id 1364; Mw 6; death bracket >= 100
ncei-1365,1761-11-03T00:00:00Z,day,24.4,102.5,region,CHINA:  YUNNAN PROVINCE,earthquake,>=10,ncei-deaths,NCEI/WDS id 1365; Mw 6; death bracket >= 10
ncei-1368,1762-04-02T00:00:00Z,day,22,92,region,BANGLADESH:  CHITTAGONG; DACCA; ARRACAN,earthquake,>=100,ncei-deaths,NCEI/WDS id 1368; Mw n/a; death bracket >= 100
ncei-1372,1763-06-28T05:28:00Z,minute,47.7,18.2,region,HUNGARY:  GYOR; CZECHOSLOVAKIA:  KOMAROM,earthquake,>=10,ncei-deaths,NCEI/WDS id 1372; Mw 6.2; death bracket >= 10
ncei-1373,1763-12-30T00:00:00Z,day,24.3,102.8,region,CHINA:  YUNNAN PROVINCE,earthquake,>=1000,ncei-deaths,NCEI/WDS id 1373; Mw 6.5; death bracket >= 1000
ncei-1374,1765-04-20T00:00:00Z,day,13.7,-89.2,region,EL SALVADOR; GUATEMALA: CHIQUIMULA,earthquake,>=10,ncei-deaths,NCEI/WDS id 1374; Mw n/a; death bracket >= 10
ncei-1375,1765-09-02T00:00:00Z,day,34.8,105,region,CHINA:  GANSU PROVINCE:  WUSHAN; GANGU,earthquake,>=1000,ncei-deaths,NCEI/WDS id 1375; Mw 6.5; death bracket >= 1000
ncei-1378,1766-03-08T00:00:00Z,day,40.9,140.7,region,JAPAN:  HIROSAKI,earthquake,>=1000,ncei-deaths,NCEI/WDS id 1378; Mw 6.9; death bracket >= 1000
ncei-1379,1766-05-22T05:30:00Z,minute,40.8,29,region,TURKEY,earthquake,>=1000,ncei-deaths,NCEI/WDS id 1379; Mw 6.5; death bracket >= 1000
ncei-1381,1766-06-12T05:00:00Z,minute,19.9,-76.1,region,CUBA:  SANTIAGO DE CUBA,earthquake,>=10,ncei-deaths,NCEI/WDS id 1381; Mw 6.8; death bracket >= 10
ncei-1388,1767-07-11T00:00:00Z,day,38.268,20.464,region,GREECE:  KEFALONIA,earthquake,>=100,ncei-deaths,NCEI/WDS id 1388; Mw 6.7; death bracket >= 100
ncei-1389,1767-07-14T00:00:00Z,day,39.3,16.2,region,ITALY:  CRATI,earthquake,>=10,ncei-deaths,NCEI/WDS id 1389; Mw n/a; death bracket >= 10
ncei-1391,1768-10-19T00:00:00Z,day,44,12,region,ITALY:  SANTA SOFIA,earthquake,>=100,ncei-deaths,NCEI/WDS id 1391; Mw n/a; death bracket >= 100
ncei-1397,1769-10-12T00:00:00Z,day,38.583,20.726,region,GREECE,earthquake,>=1,ncei-deaths,NCEI/WDS id 1397; Mw 6.5; death bracket >= 1
ncei-1415,1773-06-03T00:00:00Z,day,14.6,-90.7,region,GUATEMALA: ST. JAGO,earthquake,>=100,ncei-deaths,NCEI/WDS id 1415; Mw n/a; death bracket >= 100
ncei-1432,1778-01-30T00:00:00Z,day,33.6,51.3,region,IRAN:  KASHAN,earthquake,>=10000,ncei-deaths,NCEI/WDS id 1432; Mw n/a; death bracket >= 10000
ncei-1436,1779-12-27T00:00:00Z,day,38,46.7,region,IRAN:  TABRIZ,earthquake,>=10000,ncei-deaths,NCEI/WDS id 1436; Mw 6.5; death bracket >= 10000
ncei-1439,1780-01-08T19:30:00Z,minute,38,46.2,region,IRAN:  TABRIZ,earthquake,>=10000,ncei-deaths,NCEI/WDS id 1439; Mw 7.7; death bracket >= 10000
ncei-1445,1780-10-03T00:00:00Z,day,18.2,-78.1,region,JAMAICA:  SAVANNA LA MAR,earthquake,>=100,ncei-deaths,NCEI/WDS id 1445; Mw n/a; death bracket >= 100
ncei-1455,1783-02-05T12:00:00Z,minute,38.3,15.967,region,ITALY:  TYRRHENIAN CALABRIA,earthquake,>=10000,ncei-deaths,NCEI/WDS id 1455; Mw 6.9; death bracket >= 10000
ncei-1464,1783-03-23T00:00:00Z,day,38.65,20.57,region,GREECE:  LEFKADA,earthquake,>=10,ncei-deaths,NCEI/WDS id 1464; Mw 6.5; death bracket >= 10
ncei-1471,1784-05-13T12:35:00Z,minute,-16.5,-72,region,PERU:  AREQUIPA;CAMANA;MOQUEGUA;TAMBO,earthquake,>=100,ncei-deaths,NCEI/WDS id 1471; Mw 8; death bracket >= 100
ncei-1474,1784-07-23T00:00:00Z,day,39.7,39.5,region,TURKEY:  ERZURUM;ERZINCAN,earthquake,>=1000,ncei-deaths,NCEI/WDS id 1474; Mw n/a; death bracket >= 1000
ncei-1479,1785-01-30T00:00:00Z,day,38.2,21.7,region,GREECE:  PATRAI (PATRAS); ZAKYNTHOS (ZANTE),earthquake,>=10,ncei-deaths,NCEI/WDS id 1479; Mw n/a; death bracket >= 10
ncei-1480,1785-04-18T00:00:00Z,day,39.9,98,region,CHINA:  GANSU PROVINCE:  HUIHUIPU,earthquake,>=10,ncei-deaths,NCEI/WDS id 1480; Mw 6; death bracket >= 10
ncei-1481,1785-07-12T12:45:00Z,minute,4.6,-74,region,COLOMBIA:  BOGOTA;ENGATIVA;CAXICA;SOACHA,earthquake,>=10,ncei-deaths,NCEI/WDS id 1481; Mw n/a; death bracket >= 10
ncei-1485,1786-02-05T00:00:00Z,day,39.7,19.8,region,GREECE:  CORFU (KERKIRA),earthquake,>=100,ncei-deaths,NCEI/WDS id 1485; Mw n/a; death bracket >= 100
ncei-1488,1786-06-01T00:00:00Z,day,29.8,102.1,region,CHINA:  SICHUAN PROVINCE:  S OF KANGDING,earthquake,>=100,ncei-deaths,NCEI/WDS id 1488; Mw 7.5; death bracket >= 100
ncei-1500,1788-10-12T00:00:00Z,day,14,-61,region,SAINT LUCIA,earthquake,>=100,ncei-deaths,NCEI/WDS id 1500; Mw n/a; death bracket >= 100
ncei-1502,1789-09-30T04:15:00Z,minute,43.5,12.2,region,ITALY:  CITTA DI CASTELLO;SANSEPOLCRO,earthquake,>=100,ncei-deaths,NCEI/WDS id 1502; Mw n/a; death bracket >= 100
ncei-1504,1790-10-09T01:15:00Z,minute,35.7,-0.6,region,ALGERIA:  ORAN; SPAIN:  CARTAGENA; SANTA FE,earthquake,>=1000,ncei-deaths,NCEI/WDS id 1504; Mw n/a; death bracket >= 1000
ncei-1510,1791-10-12T00:00:00Z,day,38.5,16.1,region,ITALY:  MONTELEONE;SORIANO CALABRO; CAPRI,earthquake,>=10,ncei-deaths,NCEI/WDS id 1510; Mw n/a; death bracket >= 10
ncei-1516,1792-08-09T00:00:00Z,day,23.6,120.5,region,TAIWAN:  JIAYI; TAINAN,earthquake,>=100,ncei-deaths,NCEI/WDS id 1516; Mw 6.8; death bracket >= 100
ncei-1518,1792-09-07T00:00:00Z,day,31,101.5,region,CHINA:  SICHUAN PROVINCE:  N OF QIANNING,earthquake,>=100,ncei-deaths,NCEI/WDS id 1518; Mw 6; death bracket >= 100
ncei-1520,1793-02-08T00:00:00Z,day,40.85,139.95,region,JAPAN:   AOMORI,earthquake,>=10,ncei-deaths,NCEI/WDS id 1520; Mw 6.9; death bracket >= 10
ncei-1521,1793-02-17T00:00:00Z,day,38.5,144,region,JAPAN:  SANRIKU;RIKUZEN;RIKUCHU,earthquake,>=10,ncei-deaths,NCEI/WDS id 1521; Mw 8.3; death bracket >= 10
ncei-1524,1793-05-15T00:00:00Z,day,30.6,101.5,region,CHINA:  SICHUAN PROVINCE:  NEAR QIANNING,earthquake,>=100,ncei-deaths,NCEI/WDS id 1524; Mw 6; death bracket >= 100
ncei-1531,1796-02-26T00:00:00Z,day,35.2,35.8,region,SYRIA:  AL-LADHIQIYAH (LATAKIA),earthquake,>=1000,ncei-deaths,NCEI/WDS id 1531; Mw n/a; death bracket >= 1000
ncei-1532,1796-03-18T00:00:00Z,day,40.5,13.9,region,ITALY:  CASAMICCIOLA,earthquake,>=1,ncei-deaths,NCEI/WDS id 1532; Mw n/a; death bracket >= 1
ncei-1537,1797-02-04T12:30:00Z,minute,-1.64,-78.67,region,ECUADOR: RIOBAMBA; QUITO; CUZCO; PERU;  COLOMBIA,earthquake,>=10000,ncei-deaths,NCEI/WDS id 1537; Mw 8.3; death bracket >= 10000
ncei-1541,1797-12-14T00:00:00Z,day,10.6,-64.1,region,VENEZUELA:  CUMANA; CARIACO,earthquake,>=10000,ncei-deaths,NCEI/WDS id 1541; Mw n/a; death bracket >= 10000
ncei-1550,1799-08-27T00:00:00Z,day,23.8,102.4,region,CHINA:  YUNNAN PROVINCE,earthquake,>=1000,ncei-deaths,NCEI/WDS id 1550; Mw 6.5; death bracket >= 1000
ncei-1554,1801-10-05T00:00:00Z,day,16.2,-96.1,region,MEXICO:  OAXACA,earthquake,>=1,ncei-deaths,NCEI/WDS id 1554; Mw 7; death bracket >= 1
ncei-1560,1802-12-09T00:00:00Z,day,37.7,138.3,region,JAPAN:  NW HONSHU:  SADO ISLAND; OGI,earthquake,>=10,ncei-deaths,NCEI/WDS id 1560; Mw 6.6; death bracket >= 10
ncei-1562,1803-02-01T00:00:00Z,day,25.6,100.6,region,CHINA:  YUNNAN PROVINCE,earthquake,>=100,ncei-deaths,NCEI/WDS id 1562; Mw 6; death bracket >= 100
ncei-1566,1804-07-10T00:00:00Z,day,39.05,139.95,region,JAPAN:  KISAKATA,earthquake,>=100,ncei-deaths,NCEI/WDS id 1566; Mw 7.3; death bracket >= 100
ncei-1569,1804-08-25T08:25:00Z,minute,36.77,-2.83,region,SPAIN: ALMERIA; DALIAS; ROQUETAS,earthquake,>=100,ncei-deaths,NCEI/WDS id 1569; Mw 6.4; death bracket >= 100
ncei-1572,1805-06-16T08:15:00Z,minute,5.37,-74.87,region,COLOMBIA:  HONDA;MARIQUITA,earthquake,>=100,ncei-deaths,NCEI/WDS id 1572; Mw 6.1; death bracket >= 100
ncei-1575,1805-07-26T20:57:00Z,minute,41.2,14.7,region,ITALY:  MOLISE; ROSOLONE; NAPOLI (NAPLES); ISERNIA,earthquake,>=1000,ncei-deaths,NCEI/WDS id 1575; Mw n/a; death bracket >= 1000
ncei-1577,1806-03-25T00:00:00Z,day,18.9,-103.8,region,MEXICO:  JALISCO;OAXACA;MICHOACAN,earthquake,>=1000,ncei-deaths,NCEI/WDS id 1577; Mw 7.5; death bracket >= 1000
ncei-1585,1810-02-16T00:00:00Z,day,35.5,25,region,GREECE:  CRETE:  IRAKLION (CANDIA),earthquake,>=1000,ncei-deaths,NCEI/WDS id 1585; Mw n/a; death bracket >= 1000
ncei-1587,1810-09-25T00:00:00Z,day,39.9,139.9,region,JAPAN:  OGA,earthquake,>=10,ncei-deaths,NCEI/WDS id 1587; Mw 6.6; death bracket >= 10
ncei-1590,1811-03-18T00:00:00Z,day,25.2,121.3,region,TAIWAN:  DANSHUI:  OFF WEST COAST,earthquake,>=10,ncei-deaths,NCEI/WDS id 1590; Mw 7; death bracket >= 10
ncei-1591,1811-09-27T00:00:00Z,day,31.7,100.3,region,CHINA:  SICHUAN PROVINCE:  E. OF GANZE,earthquake,>=100,ncei-deaths,NCEI/WDS id 1591; Mw 6.5; death bracket >= 100
ncei-1605,1812-03-26T20:07:00Z,minute,10.6,-66.9,region,VENEZUELA:  LA GUAIRA,earthquake,>=10000,ncei-deaths,NCEI/WDS id 1605; Mw 7.7; death bracket >= 10000
ncei-1609,1812-12-08T00:00:00Z,day,34.37,-117.65,region,CALIFORNIA:   SAN JUAN CAPISTRANO,earthquake,>=10,ncei-deaths,NCEI/WDS id 1609; Mw 6.9; death bracket >= 10
ncei-1610,1812-12-21T00:00:00Z,day,34.2,-119.9,region,CALIFORNIA:   PURISIMA,earthquake,>=1,ncei-deaths,NCEI/WDS id 1610; Mw 7.5; death bracket >= 1
ncei-1612,1813-03-30T09:30:00Z,minute,-14.1,-75.4,region,PERU:  ICA,earthquake,>=10,ncei-deaths,NCEI/WDS id 1612; Mw n/a; death bracket >= 10
ncei-1615,1814-11-24T00:00:00Z,day,23.7,102.5,region,CHINA:  YUNNAN PROVINCE:  SIPING,earthquake,>=100,ncei-deaths,NCEI/WDS id 1615; Mw 6; death bracket >= 100
ncei-1618,1815-10-13T00:00:00Z,day,25.2,121.2,region,TAIWAN:,earthquake,>=100,ncei-deaths,NCEI/WDS id 1618; Mw 6.5; death bracket >= 100
ncei-1619,1815-10-23T00:00:00Z,day,34.8,111.2,region,CHINA:  SHANXI PROVINCE,earthquake,>=10000,ncei-deaths,NCEI/WDS id 1619; Mw 6.8; death bracket >= 10000
ncei-1620,1815-11-22T00:00:00Z,day,-8.1,114.9,region,INDONESIA:  BALI,earthquake,>=10000,ncei-deaths,NCEI/WDS id 1620; Mw 7.3; death bracket >= 10000
ncei-1622,1816-07-22T15:30:00Z,minute,15.5,-91.5,region,GUATEMALA:  SOLOMA,earthquake,>=10,ncei-deaths,NCEI/WDS id 1622; Mw 7.5; death bracket >= 10
ncei-1623,1817-03-11T20:10:00Z,minute,45.9,6.8,region,FRANCE:  CHAMONIX VALLEY,earthquake,>=1,ncei-deaths,NCEI/WDS id 1623; Mw 8; death bracket >= 1
ncei-1626,1818-02-20T18:10:00Z,minute,37.6,15,region,ITALY:  ACIREALE; CATANIA; CALABRIA,earthquake,>=10,ncei-deaths,NCEI/WDS id 1626; Mw n/a; death bracket >= 10
ncei-1631,1818-05-31T00:00:00Z,day,19.1,-103.94,region,MEXICO:  MORELOS-GUERRERO;MEXICO CITY;GUADALAJARA,earthquake,>=1000,ncei-deaths,NCEI/WDS id 1631; Mw 8.2; death bracket >= 1000
ncei-1632,1818-09-08T09:37:00Z,minute,37.8,14,region,ITALY:  MADONIE,earthquake,>=100,ncei-deaths,NCEI/WDS id 1632; Mw n/a; death bracket >= 100
ncei-1633,1819-02-24T00:00:00Z,day,36.1,102.3,region,CHINA: QINGHAI PROVINCE,earthquake,>=100,ncei-deaths,NCEI/WDS id 1633; Mw 5.8; death bracket >= 100
ncei-1642,1819-06-16T23:30:00Z,minute,23,71,region,INDIA:  RANN OF KUTCH;AHMADABAD;POONAH;BHOOJ,earthquake,>=1000,ncei-deaths,NCEI/WDS id 1642; Mw 7.7; death bracket >= 1000
ncei-1651,1820-08-03T00:00:00Z,day,34.1,113.8,region,CHINA:  HENAN PROVINCE,earthquake,>=100,ncei-deaths,NCEI/WDS id 1651; Mw 6; death bracket >= 100
ncei-1654,1820-12-29T03:30:00Z,minute,37.75,21.25,region,GREECE:  ZAKINTHOS (ZANTE),earthquake,>=100,ncei-deaths,NCEI/WDS id 1654; Mw 6.9; death bracket >= 100
ncei-1657,1821-07-10T00:00:00Z,day,-16.107,-72.967,region,PERU:  CAMANA; OCONA; CARAVELI,earthquake,>=100,ncei-deaths,NCEI/WDS id 1657; Mw n/a; death bracket >= 100
ncei-1660,1822-08-13T00:00:00Z,day,36,36,region,TURKEY:  ANTAKYA; SYRIA:  HALAB;DIMASHQ (DAMASCUS);,earthquake,>=10000,ncei-deaths,NCEI/WDS id 1660; Mw n/a; death bracket >= 10000
ncei-1662,1822-06-18T00:00:00Z,day,33,104.6,region,CHINA:  GANSU PROVINCE,earthquake,>=10,ncei-deaths,NCEI/WDS id 1662; Mw 5.5; death bracket >= 10
ncei-1669,1822-11-20T02:30:00Z,minute,-33,-72,region,CHILE:  VALPARAISO; QUILLOTA; CONCON;  ACONCAGUA,earthquake,>=10,ncei-deaths,NCEI/WDS id 1669; Mw 8.5; death bracket >= 10
ncei-1675,1823-03-05T16:37:00Z,minute,38.1,14.7,region,ITALY:  NASO; SICILY,earthquake,>=10,ncei-deaths,NCEI/WDS id 1675; Mw n/a; death bracket >= 10
ncei-1686,1825-01-19T09:50:00Z,minute,38.834,20.708,region,GREECE:  IONIAN ISLANDS:  LEUKAS,earthquake,>=10,ncei-deaths,NCEI/WDS id 1686; Mw 6.5; death bracket >= 10
ncei-1692,1825-03-02T00:00:00Z,day,36.4,2.8,region,ALGERIA:  BLIDA; ALGIERS,earthquake,>=1000,ncei-deaths,NCEI/WDS id 1692; Mw n/a; death bracket >= 1000
ncei-1701,1827-03-23T00:00:00Z,day,34.9,111.1,region,CHINA:  SHANXI PROVINCE,earthquake,>=10,ncei-deaths,NCEI/WDS id 1701; Mw 5.3; death bracket >= 10
ncei-1703,1827-09-26T00:00:00Z,day,31.6,74.3,region,PAKISTAN:  LAHORE; PUNJAB,earthquake,>=1000,ncei-deaths,NCEI/WDS id 1703; Mw n/a; death bracket >= 1000
ncei-1706,1827-11-16T22:45:00Z,minute,1.8,-76.4,region,COLOMBIA:  BOGOTA; NEIVA; POPAYAN; PASTO; HUILA,earthquake,>=100,ncei-deaths,NCEI/WDS id 1706; Mw 7; death bracket >= 100
ncei-1712,1828-02-02T13:15:00Z,minute,40.7,13.9,region,ITALY:  ISCHIA ISLAND,earthquake,>=10,ncei-deaths,NCEI/WDS id 1712; Mw n/a; death bracket >= 10
ncei-1715,1828-03-30T12:35:00Z,minute,-12.13,-77.809,region,PERU:  LIMA; CALLAO,earthquake,>=10,ncei-deaths,NCEI/WDS id 1715; Mw 8.3; death bracket >= 10
ncei-1717,1828-06-26T00:00:00Z,day,34.2,74.5,region,INDIA:  KASHMIR,earthquake,>=1000,ncei-deaths,NCEI/WDS id 1717; Mw n/a; death bracket >= 1000
ncei-1720,1828-12-18T00:00:00Z,day,37.5,139.5,region,JAPAN:  SANDYO IN ETIGO,earthquake,>=1000,ncei-deaths,NCEI/WDS id 1720; Mw n/a; death bracket >= 1000
ncei-1727,1829-03-21T18:30:00Z,minute,38.2,-0.9,region,SPAIN:  TORREVIEJA; MURCIA,earthquake,>=1000,ncei-deaths,NCEI/WDS id 1727; Mw n/a; death bracket >= 1000
ncei-1731,1829-11-19T00:00:00Z,day,36.6,118.5,region,CHINA:  SHANDONG PROVINCE,earthquake,>=100,ncei-deaths,NCEI/WDS id 1731; Mw 6; death bracket >= 100
ncei-1735,1830-03-09T00:00:00Z,day,43.5,47.5,region,RUSSIA,earthquake,>=100,ncei-deaths,NCEI/WDS id 1735; Mw n/a; death bracket >= 100
ncei-1736,1830-03-09T11:22:00Z,minute,43,47,region,RUSSIA:  DAGESTAN,earthquake,>=10,ncei-deaths,NCEI/WDS id 1736; Mw 6.3; death bracket >= 10
ncei-1738,1830-05-09T00:00:00Z,day,35.7,52.1,region,IRAN:  DAMAVAND;TEHRAN;SEMNAN;DAMGHAN,earthquake,>=100,ncei-deaths,NCEI/WDS id 1738; Mw n/a; death bracket >= 100
ncei-1740,1830-06-12T00:00:00Z,day,36.4,114.2,region,CHINA:  HEBEI PROVINCE,earthquake,>=1000,ncei-deaths,NCEI/WDS id 1740; Mw 7.5; death bracket >= 1000
ncei-1741,1830-08-19T00:00:00Z,day,35,136,region,JAPAN:  KYOTO,earthquake,>=100,ncei-deaths,NCEI/WDS id 1741; Mw n/a; death bracket >= 100
ncei-1743,1831-05-26T10:25:00Z,minute,43.8,7.8,region,ITALY:  COAST OF LIGURIA,earthquake,>=1,ncei-deaths,NCEI/WDS id 1743; Mw n/a; death bracket >= 1
ncei-1744,1831-08-11T00:00:00Z,day,13.1,-59.617,region,BARBADOS; SAINT VINCENT; DOMINICA; ANTIGUA,earthquake,>=1000,ncei-deaths,NCEI/WDS id 1744; Mw n/a; death bracket >= 1000
ncei-1746,1831-09-28T00:00:00Z,day,32.8,116.8,region,CHINA:  ANHUI PROVINCE,earthquake,>=10,ncei-deaths,NCEI/WDS id 1746; Mw 6.3; death bracket >= 10
ncei-1749,1832-01-13T00:00:00Z,day,42.9,12.6,region,ITALY:  FOLIGNO,earthquake,>=10,ncei-deaths,NCEI/WDS id 1749; Mw n/a; death bracket >= 10
ncei-1758,1833-08-26T00:00:00Z,day,28.3,85.5,region,NEPAL: KATHMANDU; INDIA: BIHAR; CHINA: TIBET,earthquake,>=100,ncei-deaths,NCEI/WDS id 1758; Mw 7.7; death bracket >= 100
ncei-1759,1833-09-06T00:00:00Z,day,25.2,103,region,CHINA:  YUNNAN PROVINCE,earthquake,>=1000,ncei-deaths,NCEI/WDS id 1759; Mw 8; death bracket >= 1000
ncei-1760,1833-09-18T10:45:00Z,minute,-18.251,-71.01,region,PERU-CHILE:  PERU:  TACNA; CHILE:  ARICA,earthquake,>=100,ncei-deaths,NCEI/WDS id 1760; Mw 7.7; death bracket >= 100
ncei-1765,1833-12-07T00:00:00Z,day,38.9,139.15,region,JAPAN:  HONSHU:  NW,earthquake,>=10,ncei-deaths,NCEI/WDS id 1765; Mw 7.4; death bracket >= 10
ncei-1768,1834-02-14T00:00:00Z,day,44.3,9.4,region,ITALY:  BORGO VAL DI TARO,earthquake,>=10,ncei-deaths,NCEI/WDS id 1768; Mw n/a; death bracket >= 10
ncei-1776,1835-02-20T16:22:00Z,minute,-36.83,-73.03,region,CHILE:  CONCEPCION,earthquake,>=10,ncei-deaths,NCEI/WDS id 1776; Mw 8.2; death bracket >= 10
ncei-1783,1835-08-23T00:00:00Z,day,38.5,35.5,region,TURKEY,earthquake,>=100,ncei-deaths,NCEI/WDS id 1783; Mw n/a; death bracket >= 100
ncei-1784,1835-10-12T00:00:00Z,day,39.3,16.3,region,ITALY:  CASTIGLIONE;COSENZA;CRATI,earthquake,>=100,ncei-deaths,NCEI/WDS id 1784; Mw n/a; death bracket >= 100
ncei-1788,1836-04-24T23:15:00Z,minute,39.6,16.6,region,ITALY:  ROSSANO;CROSIA;CRACO;BASILICATA,earthquake,>=100,ncei-deaths,NCEI/WDS id 1788; Mw n/a; death bracket >= 100
ncei-1790,1836-11-20T00:00:00Z,day,40.1,15.8,region,ITALY:  BASILICATA,earthquake,>=10,ncei-deaths,NCEI/WDS id 1790; Mw n/a; death bracket >= 10
ncei-1794,1837-01-01T00:00:00Z,day,33,35.5,region,ISRAEL: ZEFAT (SAFED); LEBANON:  BEIRUT (BEYROUT),earthquake,>=1000,ncei-deaths,NCEI/WDS id 1794; Mw 6.4; death bracket >= 1000
ncei-1795,1837-04-11T00:00:00Z,day,44.2,10.5,region,ITALY,earthquake,>=1,ncei-deaths,NCEI/WDS id 1795; Mw n/a; death bracket >= 1
ncei-1797,1837-09-10T00:00:00Z,day,34.6,103.7,region,CHINA:  GANSU PROVINCE,earthquake,>=10,ncei-deaths,NCEI/WDS id 1797; Mw 6; death bracket >= 10
ncei-1807,1838-01-23T18:36:00Z,minute,45.7,26.6,region,ROMANIA:  CARPATHIAN FOLD;VRANCEA,earthquake,>=10,ncei-deaths,NCEI/WDS id 1807; Mw 6.9; death bracket >= 10
ncei-1811,1839-01-11T09:55:00Z,minute,14.9,-60.6,region,MARTINIQUE:  FORT-DE-FRANCE; ST PIERRE; CASTRIES,earthquake,>=100,ncei-deaths,NCEI/WDS id 1811; Mw 7.8; death bracket >= 100
ncei-1812,1839-02-07T00:00:00Z,day,26.1,99.9,region,CHINA:  YUNNAN PROVINCE,earthquake,>=100,ncei-deaths,NCEI/WDS id 1812; Mw 6; death bracket >= 100
ncei-1813,1839-02-23T00:00:00Z,day,26.1,99.9,region,CHINA:  YUNNAN PROVINCE,earthquake,>=100,ncei-deaths,NCEI/WDS id 1813; Mw 6; death bracket >= 100
ncei-1814,1839-03-23T00:00:00Z,day,21.9,96,region,MYANMAR (BURMA):  AVA; AMARAPURA,earthquake,>=100,ncei-deaths,NCEI/WDS id 1814; Mw n/a; death bracket >= 100
ncei-1816,1839-06-27T00:00:00Z,day,23.4,120.4,region,TAIWAN: JIAYI,earthquake,>=100,ncei-deaths,NCEI/WDS id 1816; Mw 6.5; death bracket >= 100
ncei-1820,1840-03-22T00:00:00Z,day,12.9,123.9,region,PHILIPPINES:  SORSOGON;MASBATE IS;CASIGURAN;ALBAY,earthquake,>=10,ncei-deaths,NCEI/WDS id 1820; Mw 6.5; death bracket >= 10
ncei-1823,1840-07-02T00:00:00Z,day,39.7,44.4,region,TURKEY:  MT ARARAT; AGURI; ARALIKH; IRAN:  MAKU,earthquake,>=1000,ncei-deaths,NCEI/WDS id 1823; Mw 6.7; death bracket >= 1000
ncei-1827,1840-10-30T00:00:00Z,day,38,21,region,GREECE:  ZAKINTHOS (ZANTE),earthquake,>=10,ncei-deaths,NCEI/WDS id 1827; Mw n/a; death bracket >= 10
ncei-1834,1842-02-19T00:00:00Z,day,34.4,70.5,region,AFGHANISTAN:  JALALABAD,earthquake,>=100,ncei-deaths,NCEI/WDS id 1834; Mw n/a; death bracket >= 100
ncei-1840,1842-05-07T00:00:00Z,day,19.75,-72.2,region,HAITI:  CAP-HAITIEN,earthquake,>=1000,ncei-deaths,NCEI/WDS id 1840; Mw 8; death bracket >= 1000
ncei-1846,1843-02-08T14:50:00Z,minute,16.5,-62.2,region,GUADELOUPE:  POINTE-A-PITRE,earthquake,>=1000,ncei-deaths,NCEI/WDS id 1846; Mw 8.3; death bracket >= 1000
ncei-1848,1843-04-18T00:00:00Z,day,38.6,44.9,region,IRAN:  KHVOY (KHOY),earthquake,>=1000,ncei-deaths,NCEI/WDS id 1848; Mw n/a; death bracket >= 1000
ncei-1857,1844-05-12T00:00:00Z,day,33.6,51.4,region,IRAN:  KASHAN; QAMSAR; KAMU; KUSHIAN; CHUKA,earthquake,>=1000,ncei-deaths,NCEI/WDS id 1857; Mw 6.4; death bracket >= 1000
ncei-1860,1844-05-12T00:00:00Z,day,40.98,34.8,region,TURKEY:  OSMANCIK; ANKARA,earthquake,>=100,ncei-deaths,NCEI/WDS id 1860; Mw n/a; death bracket >= 100
ncei-1865,1845-02-08T07:30:00Z,minute,1.48,124.85,region,INDONESIA:  N SULAWESI:  MENADO; TIKALA; TOMOHON,earthquake,>=100,ncei-deaths,NCEI/WDS id 1865; Mw 7; death bracket >= 100
ncei-1876,1846-06-10T00:00:00Z,day,37,22,region,GREECE:  MESSINI-MICROMANI (MESSINIA),earthquake,>=10,ncei-deaths,NCEI/WDS id 1876; Mw n/a; death bracket >= 10
ncei-1881,1846-08-14T12:35:00Z,minute,43.4,10.6,region,ITALY:  ORCIANO; LUCIANA,earthquake,>=10,ncei-deaths,NCEI/WDS id 1881; Mw 6.1; death bracket >= 10
ncei-1887,1847-05-08T00:00:00Z,day,37,138,region,JAPAN:  ZENKOJI; NAGANO,earthquake,>=10000,ncei-deaths,NCEI/WDS id 1887; Mw 7.4; death bracket >= 10000
ncei-1889,1847-08-07T00:00:00Z,day,29.5,30.5,region,EGYPT:  AL-FAYYUM; CAIRO,earthquake,>=100,ncei-deaths,NCEI/WDS id 1889; Mw n/a; death bracket >= 100
ncei-1890,1847-10-02T00:00:00Z,day,20.36,-102.84,region,MEXICO:  JALISCO;OAXACA;MICHOACAN,earthquake,>=10,ncei-deaths,NCEI/WDS id 1890; Mw n/a; death bracket >= 10
ncei-1895,1848-12-03T00:00:00Z,day,24.1,120.5,region,TAIWAN: ZHANGHUA,earthquake,>=1000,ncei-deaths,NCEI/WDS id 1895; Mw 6.8; death bracket >= 1000
ncei-1897,1849-02-26T09:30:00Z,minute,7.3,-72.3,region,VENEZUELA:  TACHIRA (LOBATERA),earthquake,>=10,ncei-deaths,NCEI/WDS id 1897; Mw 6; death bracket >= 10
ncei-1905,1850-09-12T00:00:00Z,day,27.8,102.3,region,CHINA:  SICHUAN:  XICHANG,earthquake,>=10000,ncei-deaths,NCEI/WDS id 1905; Mw 7.5; death bracket >= 10000
ncei-1918,1851-08-14T01:23:00Z,minute,41,15.7,region,ITALY:  MELFI; RAPOLLA; BARILE; RIONERO; MT VULTURE,earthquake,>=100,ncei-deaths,NCEI/WDS id 1918; Mw n/a; death bracket >= 100
ncei-1921,1851-10-12T00:00:00Z,day,40.5,19.7,region,ALBANIA:  VLORE (VALONA);BERAT; TURKEY,earthquake,>=1000,ncei-deaths,NCEI/WDS id 1921; Mw 6.6; death bracket >= 1000
ncei-1922,1851-10-17T00:00:00Z,day,40.5,19.7,region,ALBANIA:  BERAT,earthquake,>=100,ncei-deaths,NCEI/WDS id 1922; Mw n/a; death bracket >= 100
ncei-1924,1852-01-24T00:00:00Z,day,27.7,68.8,region,PAKISTAN:  UPPER SINDH; FORT KAHAN; MURREE HILLS,earthquake,>=100,ncei-deaths,NCEI/WDS id 1924; Mw n/a; death bracket >= 100
ncei-1928,1852-02-22T00:00:00Z,day,37.1,58.4,region,IRAN:  KHABUSHAN (NW KUCHAN),earthquake,>=1000,ncei-deaths,NCEI/WDS id 1928; Mw 5.8; death bracket >= 1000
ncei-1929,1852-04-16T22:16:00Z,minute,37.5,-25.3,region,AZORES:  SAO MIGUEL (SAN MIGUEL),earthquake,>=1,ncei-deaths,NCEI/WDS id 1929; Mw n/a; death bracket >= 1
ncei-1930,1852-05-26T00:00:00Z,day,37.5,105.2,region,CHINA: NINGXIA,earthquake,>=100,ncei-deaths,NCEI/WDS id 1930; Mw 6; death bracket >= 100
ncei-1931,1852-07-24T00:00:00Z,day,39.9,41.3,region,TURKEY,earthquake,>=10,ncei-deaths,NCEI/WDS id 1931; Mw 7.3; death bracket >= 10
ncei-1933,1852-09-16T10:45:00Z,minute,14,120.5,region,PHILIPPINES:  LUZON:  BATAAN; RIZAL; PAMPANGA;MANILA,earthquake,>=1,ncei-deaths,NCEI/WDS id 1933; Mw 7.5; death bracket >= 1
ncei-1939,1853-03-11T00:00:00Z,day,35.5,139.5,region,JAPAN:  ODAWARA,earthquake,>=10,ncei-deaths,NCEI/WDS id 1939; Mw n/a; death bracket >= 10
ncei-1940,1853-04-09T00:00:00Z,day,40.9,15.2,region,ITALY:  CAPOSELE;CALABRITTO;LIONI,earthquake,>=10,ncei-deaths,NCEI/WDS id 1940; Mw n/a; death bracket >= 10
ncei-1942,1853-04-22T00:00:00Z,day,29.6,52.5,region,IRAN:  SHIRAZ,earthquake,>=10000,ncei-deaths,NCEI/WDS id 1942; Mw n/a; death bracket >= 10000
ncei-1948,1853-07-15T00:00:00Z,day,10.5,-64.2,region,VENEZUELA:  CUMANA,earthquake,>=1000,ncei-deaths,NCEI/WDS id 1948; Mw 6.7; death bracket >= 1000
ncei-1950,1853-08-18T08:30:00Z,minute,38.25,23.5,region,GREECE:  THEBES; BOEOTIA,earthquake,>=10,ncei-deaths,NCEI/WDS id 1950; Mw n/a; death bracket >= 10
ncei-1955,1854-02-12T00:00:00Z,day,39.3,16.3,region,ITALY:  CONNICI;COSENZA;PIETRAFITTA;PATERNO,earthquake,>=100,ncei-deaths,NCEI/WDS id 1955; Mw n/a; death bracket >= 100
ncei-1957,1854-04-14T00:00:00Z,day,13.8,-89.2,region,EL SALVADOR:  SAN SALVADOR,earthquake,>=1000,ncei-deaths,NCEI/WDS id 1957; Mw n/a; death bracket >= 1000
ncei-1958,1854-05-05T00:00:00Z,day,16.35,-97.7,region,MEXICO:  VERACRUZ;OAXACA,earthquake,>=1,ncei-deaths,NCEI/WDS id 1958; Mw 7.7; death bracket >= 1
ncei-1960,1854-07-09T00:00:00Z,day,35,136,region,JAPAN:  IGA; ISE; YAMATO,earthquake,>=1000,ncei-deaths,NCEI/WDS id 1960; Mw n/a; death bracket >= 1000
ncei-1969,1854-12-23T00:46:00Z,minute,34,137.9,region,JAPAN:  ENSHUNADA SEA,earthquake,>=100,ncei-deaths,NCEI/WDS id 1969; Mw 8.3; death bracket >= 100
ncei-1977,1855-02-28T00:00:00Z,day,40.2,29.1,region,TURKEY:  TAYABAS; BURSA,earthquake,>=1000,ncei-deaths,NCEI/WDS id 1977; Mw 6.7; death bracket >= 1000
ncei-1981,1855-04-11T17:40:00Z,minute,40.2,29.1,region,TURKEY:  BURSA,earthquake,>=100,ncei-deaths,NCEI/WDS id 1981; Mw n/a; death bracket >= 100
ncei-1982,1855-04-29T00:00:00Z,day,40.2,29.1,region,TURKEY:  BURSA,earthquake,>=1000,ncei-deaths,NCEI/WDS id 1982; Mw 6.7; death bracket >= 1000
ncei-1985,1855-07-14T00:00:00Z,day,0.8,127.3,region,INDONESIA:  MALUKU:  TERNATE ISLAND,earthquake,>=10,ncei-deaths,NCEI/WDS id 1985; Mw n/a; death bracket >= 10
ncei-1986,1855-07-25T00:00:00Z,day,46.3,7.9,region,SWITZERLAND:  HAUT-VALAIS,earthquake,>=1,ncei-deaths,NCEI/WDS id 1986; Mw n/a; death bracket >= 1
ncei-1991,1855-11-11T00:00:00Z,day,35.65,139.8,region,JAPAN:  TOKYO,earthquake,>=1000,ncei-deaths,NCEI/WDS id 1991; Mw 7; death bracket >= 1000
ncei-1997,1856-06-10T00:00:00Z,day,29.7,108.8,region,CHINA:  HUBEI PROVINCE,earthquake,>=100,ncei-deaths,NCEI/WDS id 1997; Mw 5.5; death bracket >= 100
ncei-1999,1856-08-21T21:45:00Z,minute,37.1,5.7,region,ALGERIA:  NORTHERN,earthquake,>=1,ncei-deaths,NCEI/WDS id 1999; Mw n/a; death bracket >= 1
ncei-2005,1856-10-12T00:45:00Z,minute,35.5,26,region,GREECE:  CRETE; EGYPT,earthquake,>=100,ncei-deaths,NCEI/WDS id 2005; Mw n/a; death bracket >= 100
ncei-2007,1857-01-09T10:13:00Z,minute,35.717,-120.317,region,CALIFORNIA: SAN LUIS OBISPO,earthquake,>=1,ncei-deaths,NCEI/WDS id 2007; Mw 7.9; death bracket >= 1
ncei-2010,1857-09-16T00:00:00Z,day,39.4,16.4,region,ITALY:  CALABRIA;MONTEMURRO,earthquake,>=10000,ncei-deaths,NCEI/WDS id 2010; Mw n/a; death bracket >= 10000
ncei-2013,1857-12-16T21:18:00Z,minute,40.3,16,region,ITALY:  CAMPANIA; POTENZA,earthquake,>=10000,ncei-deaths,NCEI/WDS id 2013; Mw 6.5; death bracket >= 10000
ncei-2019,1858-02-21T07:30:00Z,minute,38,23,region,GREECE:  VIEILLE;KORINTHOS;HEXAMILIA,earthquake,>=10,ncei-deaths,NCEI/WDS id 2019; Mw n/a; death bracket >= 10
ncei-2020,1858-04-09T00:00:00Z,day,36,137.5,region,JAPAN:  HIDA:  N,earthquake,>=100,ncei-deaths,NCEI/WDS id 2020; Mw n/a; death bracket >= 100
ncei-2025,1858-09-20T00:00:00Z,day,40,20,region,ALBANIA:  DELVINON; BERATI; GREECE: CORFU,earthquake,>=10,ncei-deaths,NCEI/WDS id 2025; Mw n/a; death bracket >= 10
ncei-2028,1858-11-11T06:15:00Z,minute,38.2,-9,region,PORTUGAL:  SETUBAL,earthquake,>=1,ncei-deaths,NCEI/WDS id 2028; Mw n/a; death bracket >= 1
ncei-2036,1859-06-02T00:00:00Z,day,39.9,41.3,region,TURKEY:  ERZURUM,earthquake,>=10000,ncei-deaths,NCEI/WDS id 2036; Mw 6.1; death bracket >= 10000
ncei-2037,1859-06-11T00:00:00Z,day,40.7,48.5,region,AZERBAIJAN:  SHEMAKHA (SEMACHA),earthquake,>=100,ncei-deaths,NCEI/WDS id 2037; Mw 5.9; death bracket >= 100
ncei-2039,1859-08-22T17:15:00Z,minute,42.8,13.1,region,ITALY,earthquake,>=100,ncei-deaths,NCEI/WDS id 2039; Mw n/a; death bracket >= 100
ncei-2040,1859-10-05T12:00:00Z,minute,-27.35,-70.35,region,CHILE,earthquake,>=10,ncei-deaths,NCEI/WDS id 2040; Mw 7.6; death bracket >= 10
ncei-2044,1861-03-20T00:00:00Z,day,-32.8,-68.8,region,ARGENTINA:  MENDOZA; SAN LUIZ,earthquake,>=10000,ncei-deaths,NCEI/WDS id 2044; Mw n/a; death bracket >= 10000
ncei-2050,1861-05-09T00:00:00Z,day,46,12,region,ITALY:  CITTA DELLA PIEVE,earthquake,>=1,ncei-deaths,NCEI/WDS id 2050; Mw n/a; death bracket >= 1
ncei-2052,1861-12-26T00:00:00Z,day,38.2,22.2,region,GREECE:  ACHAIE;VALYMITIKA;TRIPOLIS,earthquake,>=10,ncei-deaths,NCEI/WDS id 2052; Mw 7.5; death bracket >= 10
ncei-2059,1862-06-06T00:00:00Z,day,23.4,120,region,TAIWAN:  TAINAN,earthquake,>=1000,ncei-deaths,NCEI/WDS id 2059; Mw 6.5; death bracket >= 1000
ncei-2061,1862-07-10T08:15:00Z,minute,7,0.4,region,GHANA:  ACCRA;CHRISTIANSBORG;ASHANTI;AKWAPIM,earthquake,>=1,ncei-deaths,NCEI/WDS id 2061; Mw 6.5; death bracket >= 1
ncei-2063,1862-10-16T00:00:00Z,day,38.8,30.5,region,TURKEY,earthquake,>=100,ncei-deaths,NCEI/WDS id 2063; Mw 6.1; death bracket >= 100
ncei-2068,1863-04-22T20:30:00Z,minute,36.5,28,region,GREECE:  RHODES; KOS,earthquake,>=100,ncei-deaths,NCEI/WDS id 2068; Mw 7.8; death bracket >= 100
ncei-2073,1863-06-03T11:20:00Z,minute,14.5,121,region,PHILIPPINES:  MANILA; RIZAL; BULACAN,earthquake,>=100,ncei-deaths,NCEI/WDS id 2073; Mw 6.5; death bracket >= 100
ncei-2078,1863-11-06T00:00:00Z,day,40.5,29.1,region,TURKEY:  GALLIPOLI; GEMLIK,earthquake,>=1,ncei-deaths,NCEI/WDS id 2078; Mw 6.7; death bracket >= 1
ncei-2082,1864-01-03T00:00:00Z,day,38.25,48.28,region,IRAN:  ARDABIL; AZERBAIJAN:  LENKORAN; NIAR,earthquake,>=100,ncei-deaths,NCEI/WDS id 2082; Mw n/a; death bracket >= 100
ncei-2087,1864-10-03T00:00:00Z,day,17.5,-100.1,region,MEXICO:  PUEBLA;VERACRUZ;ACULTZINGO;ACATZINGO,earthquake,>=10,ncei-deaths,NCEI/WDS id 2087; Mw 7; death bracket >= 10
ncei-2088,1864-12-02T00:00:00Z,day,33.38,45.98,region,IRAQ:  ZURBATIYAH; BADRAH; TURSAQ; BAGHDAD,earthquake,>=100,ncei-deaths,NCEI/WDS id 2088; Mw 6.4; death bracket >= 100
ncei-2095,1865-07-19T00:00:00Z,day,37.7,15.1,region,ITALY:  ETNA,earthquake,>=10,ncei-deaths,NCEI/WDS id 2095; Mw n/a; death bracket >= 10
ncei-2102,1866-01-02T00:00:00Z,day,40.4,19.5,region,ALBANIA:  NARTA; VLORE; KANINA,earthquake,>=10,ncei-deaths,NCEI/WDS id 2102; Mw 6.6; death bracket >= 10
ncei-2104,1866-03-02T15:30:00Z,minute,40.3,19.3,region,ALBANIA:  SMOKTHINE; VELCA; VLORE,earthquake,>=10,ncei-deaths,NCEI/WDS id 2104; Mw n/a; death bracket >= 10
ncei-2109,1867-01-02T06:13:00Z,minute,36.4,2.7,region,ALGERIA:  EL AFFROUN,earthquake,>=10,ncei-deaths,NCEI/WDS id 2109; Mw n/a; death bracket >= 10
ncei-2112,1867-02-04T04:19:00Z,minute,38.233,20.424,region,GREECE:  CEPHALONIA,earthquake,>=100,ncei-deaths,NCEI/WDS id 2112; Mw 7.2; death bracket >= 100
ncei-2114,1867-03-07T00:00:00Z,day,39.2,26.4,region,GREECE: MITILINI;  TURKEY: IZMIR,earthquake,>=100,ncei-deaths,NCEI/WDS id 2114; Mw 7; death bracket >= 100
ncei-2117,1867-06-10T00:00:00Z,day,-7.8,110.4,region,INDONESIA:  JAVA:  JOGYAKARTA; SURAKARTA,earthquake,>=1,ncei-deaths,NCEI/WDS id 2117; Mw n/a; death bracket >= 1
ncei-2125,1868-04-03T02:24:00Z,minute,19,-155.5,region,HAWAII:  SE OF,earthquake,>=10,ncei-deaths,NCEI/WDS id 2125; Mw 7.9; death bracket >= 10
ncei-2139,1868-08-13T21:30:00Z,minute,-18.6,-71,region,CHILE:  ARICA,earthquake,>=10000,ncei-deaths,NCEI/WDS id 2139; Mw 8.5; death bracket >= 10000
ncei-2143,1868-08-16T06:30:00Z,minute,0.31,-78.18,region,ECUADOR:  GUAYAQUIL;IBARRA; COLOMBIA:  SAN PABLO,earthquake,>=10000,ncei-deaths,NCEI/WDS id 2143; Mw 7.7; death bracket >= 10000
ncei-2148,1868-10-21T15:53:00Z,minute,37.7,-122.1,region,CALIFORNIA:  HAYWARD;SAN FRANCISCO,earthquake,>=10,ncei-deaths,NCEI/WDS id 2148; Mw 6.8; death bracket >= 10
ncei-2150,1869-01-10T00:00:00Z,day,24.5,92.5,region,INDIA:  ASSAM:  CACHAR;SILCHAR,earthquake,>=1,ncei-deaths,NCEI/WDS id 2150; Mw n/a; death bracket >= 1
ncei-2160,1869-11-16T11:45:00Z,minute,34.9,5.9,region,ALGERIA:  BISKRA,earthquake,>=10,ncei-deaths,NCEI/WDS id 2160; Mw n/a; death bracket >= 10
ncei-2161,1869-12-01T19:55:00Z,minute,37,28,region,TURKEY:  GULF OF KERAMOS; MENTESE,earthquake,>=1,ncei-deaths,NCEI/WDS id 2161; Mw 7.5; death bracket >= 1
ncei-2165,1869-12-28T00:00:00Z,day,38.827,20.669,region,GREECE:  LEUKAS (IONIAN ISLANDS),earthquake,>=10,ncei-deaths,NCEI/WDS id 2165; Mw 6.2; death bracket >= 10
ncei-2166,1870-04-11T00:00:00Z,day,30,99,region,CHINA:  SICHUAN PROVINCE:  BATANG,earthquake,>=1000,ncei-deaths,NCEI/WDS id 2166; Mw 7.3; death bracket >= 1000
ncei-2169,1870-05-11T00:00:00Z,day,15.4,-96.3,region,MEXICO:  OAXACA;ZANAGUIA;SAN FRANCISCO OZOLOTEPEC,earthquake,>=10,ncei-deaths,NCEI/WDS id 2169; Mw 7.9; death bracket >= 10
ncei-2171,1870-06-26T00:00:00Z,day,9.5,-69.5,region,VENEZUELA:  EL TOCUYO,earthquake,>=1,ncei-deaths,NCEI/WDS id 2171; Mw n/a; death bracket >= 1
ncei-2172,1870-08-01T00:45:00Z,minute,38.5,22.5,region,GREECE:  ITEA DELPHI (PHOKIS),earthquake,>=100,ncei-deaths,NCEI/WDS id 2172; Mw 7; death bracket >= 100
ncei-2173,1870-09-30T00:00:00Z,day,38.5,22.5,region,GREECE,earthquake,>=100,ncei-deaths,NCEI/WDS id 2173; Mw 7.5; death bracket >= 100
ncei-2174,1870-10-04T16:55:00Z,minute,39.2,16.3,region,ITALY:  COSENZA,earthquake,>=100,ncei-deaths,NCEI/WDS id 2174; Mw n/a; death bracket >= 100
ncei-2178,1870-11-04T00:00:00Z,day,7,125.4,region,PHILIPPINES:  MINDANAO:  DAVAO;BLANCO,earthquake,>=1,ncei-deaths,NCEI/WDS id 2178; Mw n/a; death bracket >= 1
ncei-2185,1871-12-23T00:00:00Z,day,37.3,58.3,region,IRAN:  QUCHAN,earthquake,>=1000,ncei-deaths,NCEI/WDS id 2185; Mw 5.6; death bracket >= 1000
ncei-2186,1872-01-06T00:00:00Z,day,37.3,58.3,region,IRAN:  QUCHAN,earthquake,>=1000,ncei-deaths,NCEI/WDS id 2186; Mw 6.3; death bracket >= 1000
ncei-2187,1872-01-28T00:00:00Z,day,40.6,48.7,region,AZERBAIJAN:  SHEMAKHA (SEMACHA),earthquake,>=100,ncei-deaths,NCEI/WDS id 2187; Mw 5.7; death bracket >= 100
ncei-2193,1872-03-14T08:20:00Z,minute,34.9,132,region,JAPAN:  HONSHU:  SW,earthquake,>=100,ncei-deaths,NCEI/WDS id 2193; Mw 7.4; death bracket >= 100
ncei-2195,1872-03-26T10:30:00Z,minute,36.7,-118.1,region,CALIFORNIA:  OWENS VALLEY,earthquake,>=10,ncei-deaths,NCEI/WDS id 2195; Mw 7.8; death bracket >= 10
ncei-2198,1872-04-03T05:45:00Z,minute,36.2,36.2,region,TURKEY:  ANTAKYA (ANTIOCH); SUEDIJE,earthquake,>=1000,ncei-deaths,NCEI/WDS id 2198; Mw 7.3; death bracket >= 1000
ncei-2206,1873-03-04T00:00:00Z,day,13.64,-89.13,region,EL SALVADOR:  SANTA TOMAS; SAN VICENTE,earthquake,>=100,ncei-deaths,NCEI/WDS id 2206; Mw n/a; death bracket >= 100
ncei-2207,1873-04-11T00:00:00Z,day,13.6,-89,region,EL SALVADOR:  SALVADOR;SAN VICENTE,earthquake,>=100,ncei-deaths,NCEI/WDS id 2207; Mw n/a; death bracket >= 100
ncei-2209,1873-06-29T03:58:00Z,minute,46.2,12.4,region,ITALY:  BELLUNESE,earthquake,>=10,ncei-deaths,NCEI/WDS id 2209; Mw n/a; death bracket >= 10
ncei-2219,1874-09-03T03:02:00Z,minute,14.5,-90.7,region,GUATEMALA:  ANTIGUA;CHIMALTENANGO;AMATITLAN,earthquake,>=100,ncei-deaths,NCEI/WDS id 2219; Mw 7.1; death bracket >= 100
ncei-2222,1875-02-11T00:00:00Z,day,20.7,-103.4,region,MEXICO:  SAN CRISTOBAL DE LA BARRANCA,earthquake,>=10,ncei-deaths,NCEI/WDS id 2222; Mw 7.5; death bracket >= 10
ncei-2224,1875-05-03T00:00:00Z,day,38.1,30.2,region,TURKEY:  CAPALI; DINAR; CIVRIL; YAKA,earthquake,>=1000,ncei-deaths,NCEI/WDS id 2224; Mw 7.3; death bracket >= 1000
ncei-2233,1875-05-18T16:25:00Z,minute,7.9,-72.5,region,COLOMBIA:  CUCUTA;SAN CAYETANO;VILLA DEL ROSARIO,earthquake,>=1000,ncei-deaths,NCEI/WDS id 2233; Mw 7.5; death bracket >= 1000
ncei-2240,1875-10-25T00:00:00Z,day,-6.9,108.3,region,INDONESIA:  W JAVA:  KUNINGAN,earthquake,>=1,ncei-deaths,NCEI/WDS id 2240; Mw n/a; death bracket >= 1
ncei-2248,1877-05-10T00:59:00Z,minute,-21.5,-70.5,region,CHILE:  OFF NORTH COAST,earthquake,>=100,ncei-deaths,NCEI/WDS id 2248; Mw 8.3; death bracket >= 100
ncei-2256,1878-04-12T00:41:00Z,minute,10.3,-66.8,region,VENEZUELA:  CUA; CHARALLAVE; SAN DIEGO,earthquake,>=100,ncei-deaths,NCEI/WDS id 2256; Mw 5.9; death bracket >= 100
ncei-2258,1878-04-19T00:00:00Z,day,40.7,29.7,region,TURKEY:  IZMIT; ESME; LABINIA,earthquake,>=10,ncei-deaths,NCEI/WDS id 2258; Mw 6.6; death bracket >= 10
ncei-2261,1878-08-07T00:00:00Z,day,27.7,100.8,region,CHINA:  YUNNAN PROVINCE,earthquake,>=10,ncei-deaths,NCEI/WDS id 2261; Mw 5.5; death bracket >= 10
ncei-2269,1879-03-22T00:00:00Z,day,37.8,47.9,region,IRAN:  BOZQUSH; ARDABIL; GAMRUD; TARK; MANAN,earthquake,>=1000,ncei-deaths,NCEI/WDS id 2269; Mw 6.7; death bracket >= 1000
ncei-2270,1879-04-02T00:00:00Z,day,37.5,57.4,region,IRAN:  BOJNURD,earthquake,>=100,ncei-deaths,NCEI/WDS id 2270; Mw 6.7; death bracket >= 100
ncei-2272,1879-07-01T00:00:00Z,day,33.2,104.7,region,CHINA:  GANSU PROVINCE,earthquake,>=10000,ncei-deaths,NCEI/WDS id 2272; Mw 8; death bracket >= 10000
ncei-2273,1879-07-17T00:00:00Z,day,37.5,15,region,ITALY,earthquake,>=10,ncei-deaths,NCEI/WDS id 2273; Mw n/a; death bracket >= 10
ncei-2283,1880-07-18T04:40:00Z,minute,16,121.85,region,PHILIPPINES:  S COAST LUZON:  PASIG RIVER;PAMPANGA,earthquake,>=10,ncei-deaths,NCEI/WDS id 2283; Mw 7.5; death bracket >= 10
ncei-2286,1880-07-29T02:40:00Z,minute,38.6,27.1,region,TURKEY,earthquake,>=10,ncei-deaths,NCEI/WDS id 2286; Mw 6.7; death bracket >= 10
ncei-2289,1880-08-15T12:48:00Z,minute,-31.62,-71.18,region,CHILE:  ILLAPEL,earthquake,>=1,ncei-deaths,NCEI/WDS id 2289; Mw 7.7; death bracket >= 1
ncei-2292,1881-03-04T00:00:00Z,day,40.7,13.9,region,ITALY:  ISCHIA ISLAND,earthquake,>=100,ncei-deaths,NCEI/WDS id 2292; Mw n/a; death bracket >= 100
ncei-2298,1881-04-03T11:30:00Z,minute,38.25,26.25,region,GREECE:  KHIOS; TURKEY: CESME,earthquake,>=1000,ncei-deaths,NCEI/WDS id 2298; Mw 7.3; death bracket >= 1000
ncei-2301,1881-06-07T00:00:00Z,day,38.5,43.3,region,TURKEY:  VAN;NEMRUT,earthquake,>=10,ncei-deaths,NCEI/WDS id 2301; Mw n/a; death bracket >= 10
ncei-2304,1881-07-20T00:00:00Z,day,33.6,104.6,region,CHINA:  GANSU PROVINCE,earthquake,>=100,ncei-deaths,NCEI/WDS id 2304; Mw 6.5; death bracket >= 100
ncei-2308,1881-09-28T00:00:00Z,day,40.6,33.6,region,TURKEY,earthquake,>=10,ncei-deaths,NCEI/WDS id 2308; Mw 6.1; death bracket >= 10
ncei-2312,1882-07-19T00:00:00Z,day,17.7,-98.2,region,MEXICO:  PUEBLA;HUAHUAPAN;HUAMUXTITLAN;XALPATLAHUAC,earthquake,>=1,ncei-deaths,NCEI/WDS id 2312; Mw 7.5; death bracket >= 1
ncei-2314,1882-09-02T00:00:00Z,day,40.9,14.4,region,ITALY,earthquake,>=10,ncei-deaths,NCEI/WDS id 2314; Mw n/a; death bracket >= 10
ncei-2318,1882-12-02T00:00:00Z,day,38.1,115.5,region,CHINA:  HEBEI PROVINCE,earthquake,>=10,ncei-deaths,NCEI/WDS id 2318; Mw 5.8; death bracket >= 10
ncei-2324,1883-07-28T20:25:00Z,minute,40.7,13.9,region,ITALY:  ISCHIA IS: CASAMICCIOLA; FORINO; LACCO AMENO,earthquake,>=1000,ncei-deaths,NCEI/WDS id 2324; Mw n/a; death bracket >= 1000
ncei-2331,1883-10-15T13:30:00Z,minute,38.3,26.2,region,TURKEY:  AYVALIK; IZMIR; CESME,earthquake,>=10000,ncei-deaths,NCEI/WDS id 2331; Mw 7.3; death bracket >= 10000
ncei-2333,1884-05-19T00:00:00Z,day,26.81,55.91,region,IRAN:  QESHM I;BANDAR-E-LAFT;SAHELI;TONBAN;DIRESTAN,earthquake,>=100,ncei-deaths,NCEI/WDS id 2333; Mw n/a; death bracket >= 100
ncei-2335,1884-11-14T00:00:00Z,day,23,101.1,region,CHINA:  YUNNAN PROVINCE,earthquake,>=10,ncei-deaths,NCEI/WDS id 2335; Mw 6.5; death bracket >= 10
ncei-2341,1884-12-25T21:08:00Z,minute,36.95,-3.983,region,SPAIN:  ARENAS DEL REY; VEGA; ALHAMA; MALAGA,earthquake,>=100,ncei-deaths,NCEI/WDS id 2341; Mw 6.7; death bracket >= 100
ncei-2342,1885-01-14T00:00:00Z,day,34.5,105.7,region,CHINA:  GANSU PROVINCE,earthquake,>=10,ncei-deaths,NCEI/WDS id 2342; Mw 6; death bracket >= 10
ncei-2348,1885-05-30T00:00:00Z,day,34.5,74.68,region,INDIA:  KASHMIR:  SRINAGAR,earthquake,>=1000,ncei-deaths,NCEI/WDS id 2348; Mw 6.3; death bracket >= 1000
ncei-2354,1885-08-02T21:20:00Z,minute,42.7,74.1,region,KYRGYZSTAN:  BELOVODSKOJE,earthquake,>=10,ncei-deaths,NCEI/WDS id 2354; Mw 6.9; death bracket >= 10
ncei-2357,1886-08-27T21:32:00Z,minute,37.1,21.7,region,GREECE:  TRIPHYLIE (PELEPONESE); PHILIATRA,earthquake,>=100,ncei-deaths,NCEI/WDS id 2357; Mw 6.8; death bracket >= 100
ncei-2362,1886-09-01T02:51:00Z,minute,32.9,-80,region,SOUTH CAROLINA:  CHARLESTON,earthquake,>=10,ncei-deaths,NCEI/WDS id 2362; Mw 7.3; death bracket >= 10
ncei-2366,1887-02-23T05:21:00Z,minute,43.9,8.1,region,ITALY:  LIGURIAN COAST,earthquake,>=100,ncei-deaths,NCEI/WDS id 2366; Mw 6.5; death bracket >= 100
ncei-2369,1887-05-03T00:00:00Z,day,30.8,-109.25,region,MEXICO:  BAVISPE,earthquake,>=10,ncei-deaths,NCEI/WDS id 2369; Mw 7.4; death bracket >= 10
ncei-2376,1887-11-29T12:30:00Z,minute,35.58,0.33,region,ALGERIA:  KALAA,earthquake,>=10,ncei-deaths,NCEI/WDS id 2376; Mw n/a; death bracket >= 10
ncei-2378,1887-12-16T00:00:00Z,day,23.7,102.5,region,CHINA:  YUNNAN PROVINCE,earthquake,>=1000,ncei-deaths,NCEI/WDS id 2378; Mw 6.8; death bracket >= 1000
ncei-2381,1888-01-10T12:55:00Z,minute,10.3,-61.1,region,TRINIDAD; GRENADA:  ST GEORGE'S,earthquake,>=1,ncei-deaths,NCEI/WDS id 2381; Mw 7.5; death bracket >= 1
ncei-2393,1889-07-28T14:45:00Z,minute,32.8,130.7,region,JAPAN:  KUMAMOTO,earthquake,>=10,ncei-deaths,NCEI/WDS id 2393; Mw 6.3; death bracket >= 10
ncei-2397,1889-10-25T21:29:00Z,minute,39.2,26,region,GREECE:  LESBOS,earthquake,>=10,ncei-deaths,NCEI/WDS id 2397; Mw 6.9; death bracket >= 10
ncei-2402,1890-07-11T07:55:00Z,minute,36.6,54.6,region,IRAN:  TASH; ASTRABAD (GORGAN); BASTAM; SHAKHRUD,earthquake,>=100,ncei-deaths,NCEI/WDS id 2402; Mw 7.2; death bracket >= 100
ncei-2405,1891-01-15T03:55:00Z,minute,36.5,1.8,region,ALGERIA:  BOURAVA; GOURAYA,earthquake,>=10,ncei-deaths,NCEI/WDS id 2405; Mw n/a; death bracket >= 10
ncei-2407,1891-04-17T00:00:00Z,day,37.1,111.9,region,CHINA:  SHANXI PROVINCE,earthquake,>=10,ncei-deaths,NCEI/WDS id 2407; Mw 5.8; death bracket >= 10
ncei-2411,1891-10-27T21:37:00Z,minute,35.5,137,region,JAPAN:  MINO-OWARI,earthquake,>=1000,ncei-deaths,NCEI/WDS id 2411; Mw 8.4; death bracket >= 1000
ncei-2415,1892-03-16T12:58:00Z,minute,17.3,120.6,region,PHILIPPINES:  LUZON:  ABRA;PANGASINAN;UNION,earthquake,>=1,ncei-deaths,NCEI/WDS id 2415; Mw n/a; death bracket >= 1
ncei-2421,1893-01-31T03:45:00Z,minute,37.7,20.9,region,GREECE:  ZAKINTHOS (ZANTE),earthquake,>=1,ncei-deaths,NCEI/WDS id 2421; Mw 6.3; death bracket >= 1
ncei-2423,1893-02-09T00:00:00Z,day,40.5,25.5,region,GREECE:  SAMOTHRAKI,earthquake,>=1,ncei-deaths,NCEI/WDS id 2423; Mw 6.5; death bracket >= 1
ncei-2424,1893-03-31T00:00:00Z,day,38.3,38.3,region,TURKEY:  MALATYA,earthquake,>=100,ncei-deaths,NCEI/WDS id 2424; Mw 6.7; death bracket >= 100
ncei-2426,1893-04-17T05:10:00Z,minute,37.68,20.81,region,GREECE:  ZAKINTHOS (ZANTE); GAITANI-KERI,earthquake,>=10,ncei-deaths,NCEI/WDS id 2426; Mw 6.5; death bracket >= 10
ncei-2433,1893-08-29T00:00:00Z,day,30.5,101.5,region,CHINA:  SICHUAN PROVINCE,earthquake,>=100,ncei-deaths,NCEI/WDS id 2433; Mw 6.8; death bracket >= 100
ncei-2434,1893-11-17T15:06:00Z,minute,37.2,58.4,region,IRAN:  QUCHAN; MASHHAD; BOJNURD,earthquake,>=10000,ncei-deaths,NCEI/WDS id 2434; Mw 6.6; death bracket >= 10000
ncei-2443,1894-03-22T10:23:00Z,minute,42.5,146,region,JAPAN:  OFF COAST OF HONSHU,earthquake,>=1,ncei-deaths,NCEI/WDS id 2443; Mw 7.9; death bracket >= 1
ncei-2444,1894-04-20T16:52:00Z,minute,38.6,23.2,region,GREECE:  LOCRIDE; MALESINA-MARTINON (LOKRIS),earthquake,>=100,ncei-deaths,NCEI/WDS id 2444; Mw 6.7; death bracket >= 100
ncei-2448,1894-04-29T02:45:00Z,minute,8.5,-71.7,region,VENEZUELA:  MERIDA;TOVAR; COLOMBIA: N SANTANDER,earthquake,>=100,ncei-deaths,NCEI/WDS id 2448; Mw 7.1; death bracket >= 100
ncei-2453,1894-06-20T00:00:00Z,day,35.7,139.9,region,JAPAN:  TOKYO,earthquake,>=10,ncei-deaths,NCEI/WDS id 2453; Mw 7.5; death bracket >= 10
ncei-2455,1894-07-10T12:33:00Z,minute,40.6,28.7,region,TURKEY,earthquake,>=1000,ncei-deaths,NCEI/WDS id 2455; Mw 6.7; death bracket >= 1000
ncei-2456,1894-10-22T08:35:00Z,minute,38.9,139.8,region,JAPAN:  SYONAI,earthquake,>=100,ncei-deaths,NCEI/WDS id 2456; Mw 7; death bracket >= 100
ncei-2461,1894-11-16T18:52:00Z,minute,38.3,15.9,region,ITALY:  PALMI; SANTA CRISTINA,earthquake,>=100,ncei-deaths,NCEI/WDS id 2461; Mw n/a; death bracket >= 100
ncei-2464,1895-01-17T08:30:00Z,minute,37.1,58.4,region,IRAN:  QUCHAN,earthquake,>=1000,ncei-deaths,NCEI/WDS id 2464; Mw 6.8; death bracket >= 1000
ncei-2467,1895-04-14T20:17:30Z,minute,46.1,14.5,region,BALKANS NW:  SLOVENIA:  LJUBLJANA,earthquake,>=1,ncei-deaths,NCEI/WDS id 2467; Mw 6.1; death bracket >= 1
ncei-2470,1895-05-13T22:45:00Z,minute,39.5,20.5,region,GREECE:  MARGARITION-FILIATES (THESPROTIA),earthquake,>=10,ncei-deaths,NCEI/WDS id 2470; Mw 6.3; death bracket >= 10
ncei-2481,1896-01-02T00:00:00Z,day,37.8,48.3,region,IRAN:  SANGABAD (SENJABAD),earthquake,>=100,ncei-deaths,NCEI/WDS id 2481; Mw n/a; death bracket >= 100
ncei-2482,1896-01-05T00:00:00Z,day,38.5,45,region,IRAN:  KHVOY (KHOY),earthquake,>=100,ncei-deaths,NCEI/WDS id 2482; Mw n/a; death bracket >= 100
ncei-2483,1896-02-14T00:00:00Z,day,29.2,104.9,region,CHINA:  SICHUAN PROVINCE:  FUSHUN,earthquake,>=10,ncei-deaths,NCEI/WDS id 2483; Mw 5.8; death bracket >= 10
ncei-2485,1896-04-18T00:00:00Z,day,-8.25,124.75,region,INDONESIA:  TIMOR:  ALOR ISLAND,earthquake,>=100,ncei-deaths,NCEI/WDS id 2485; Mw n/a; death bracket >= 100
ncei-2489,1896-06-15T10:33:00Z,minute,39.5,144,region,JAPAN:  SANRIKU,earthquake,>=10000,ncei-deaths,NCEI/WDS id 2489; Mw 8.3; death bracket >= 10000
ncei-2492,1896-08-31T00:00:00Z,day,40,141,region,JAPAN:  SENHOKU; UGO,earthquake,>=100,ncei-deaths,NCEI/WDS id 2492; Mw n/a; death bracket >= 100
ncei-2494,1896-11-01T05:01:00Z,minute,39.7,75.9,region,CHINA:  XINJIANG PROVINCE:  KASHGAR,earthquake,>=1,ncei-deaths,NCEI/WDS id 2494; Mw 6.6; death bracket >= 1
ncei-2498,1897-01-11T03:00:00Z,minute,26.95,56.26,region,IRAN:  QESHM ISLAND; LARAK ISLAND,earthquake,>=1000,ncei-deaths,NCEI/WDS id 2498; Mw 6.1; death bracket >= 1000
ncei-2505,1897-04-29T14:15:00Z,minute,16.5,-61.8,region,GUADELOUPE; ANTIGUA; ST KITTS,earthquake,>=1,ncei-deaths,NCEI/WDS id 2505; Mw n/a; death bracket >= 1
ncei-2513,1897-06-12T11:06:46Z,minute,26,90.7,region,INDIA:  ASSAM; BANGLADESH,earthquake,>=1000,ncei-deaths,NCEI/WDS id 2513; Mw 8; death bracket >= 1000
ncei-2538,1898-06-21T00:00:00Z,day,39.8,76.6,region,CHINA: XINJIANG,earthquake,>=10,ncei-deaths,NCEI/WDS id 2538; Mw 6; death bracket >= 10
ncei-2544,1898-09-22T00:00:00Z,day,39.1,113,region,CHINA:  SHANXI PROVINCE,earthquake,>=10,ncei-deaths,NCEI/WDS id 2544; Mw 5.5; death bracket >= 10
ncei-2559,1899-09-20T02:12:00Z,minute,37.93,28.84,region,TURKEY:  SULTANHISAR;ATCA;NAZILLI;KUYUCAK;DENIZLI,earthquake,>=1000,ncei-deaths,NCEI/WDS id 2559; Mw 6.7; death bracket >= 1000
ncei-2564,1899-12-25T12:25:00Z,minute,33.5,-117,region,CALIFORNIA,earthquake,>=1,ncei-deaths,NCEI/WDS id 2564; Mw 6.4; death bracket >= 1
ncei-2565,1899-12-31T07:50:00Z,minute,41.6,43.5,region,TURKEY,earthquake,>=100,ncei-deaths,NCEI/WDS id 2565; Mw 5.6; death bracket >= 100
ncei-2574,1900-07-12T06:25:00Z,minute,40.3,43.1,point,TURKEY:  KARS;KARAKURT;KAGIZMAN;DIGOR,earthquake,>=100,ncei-deaths,NCEI/WDS id 2574; Mw 5.9; death bracket >= 100
ncei-2583,1900-10-29T09:11:00Z,minute,11,-66,point,VENEZUELA:  MACUTO,earthquake,>=10,ncei-deaths,NCEI/WDS id 2583; Mw 7.7; death bracket >= 10
ncei-2589,1901-03-31T07:11:00Z,minute,43.4,28.7,point,BULGARIA:  BALCHIK; KAVARNA; BLATNITSA; LIMANU,earthquake,>=1,ncei-deaths,NCEI/WDS id 2589; Mw 6.4; death bracket >= 1
ncei-2596,1901-08-09T18:33:45Z,minute,40.6,142.3,point,JAPAN:  OFF NORTHEAST COAST HONSHU,earthquake,>=10,ncei-deaths,NCEI/WDS id 2596; Mw 8.2; death bracket >= 10
ncei-2608,1902-01-16T23:19:00Z,minute,17.617,-99.717,point,MEXICO:  GUERRERO,earthquake,>=1,ncei-deaths,NCEI/WDS id 2608; Mw 7; death bracket >= 1
ncei-2613,1902-02-13T09:39:30Z,minute,40.7,48.6,point,AZERBAIJAN:  SEMACHA; N IRAN,earthquake,>=1000,ncei-deaths,NCEI/WDS id 2613; Mw 6.9; death bracket >= 1000
ncei-2615,1902-03-09T07:46:00Z,minute,40.7,33.6,point,TURKEY:  CANKIRI,earthquake,>=1,ncei-deaths,NCEI/WDS id 2615; Mw 5.5; death bracket >= 1
ncei-2618,1902-04-19T02:23:30Z,minute,14,-91,point,GUATEMALA:  QUEZALTENANGO; SAN MARCOS,earthquake,>=1000,ncei-deaths,NCEI/WDS id 2618; Mw 7.5; death bracket >= 1000
ncei-2623,1902-07-05T14:56:30Z,minute,40.82,23.04,point,GREECE: THESSALONIKI,earthquake,>=1,ncei-deaths,NCEI/WDS id 2623; Mw 6.5; death bracket >= 1
ncei-2624,1902-07-09T03:38:00Z,minute,27.1,56.3,point,IRAN:  QESHM ISLAND:  QESHM;BANDAR ABBAS;GENU,earthquake,>=10,ncei-deaths,NCEI/WDS id 2624; Mw 6.3; death bracket >= 10
ncei-2631,1902-08-22T00:00:00Z,day,39.8,76.2,point,CHINA:  XINJIANG; TURKESTAN,earthquake,>=1000,ncei-deaths,NCEI/WDS id 2631; Mw 7.7; death bracket >= 1000
ncei-2640,1902-12-16T05:07:00Z,minute,40.8,72.3,point,UZBEKISTAN:   ANDIZHAN,earthquake,>=1000,ncei-deaths,NCEI/WDS id 2640; Mw 6.4; death bracket >= 1000
ncei-2646,1903-03-29T22:30:00Z,minute,32.2,35.3,point,ISRAEL:  NABULUS,earthquake,>=10,ncei-deaths,NCEI/WDS id 2646; Mw 5.7; death bracket >= 10
ncei-2649,1903-04-28T23:46:00Z,minute,39.1,42.5,point,TURKEY:  MALAZGIRT,earthquake,>=1000,ncei-deaths,NCEI/WDS id 2649; Mw 6.3; death bracket >= 1000
ncei-2653,1903-05-28T03:58:00Z,minute,40.9,42.7,point,TURKEY:  VARGINIS;CARDAHLI;MEHKEREK,earthquake,>=1000,ncei-deaths,NCEI/WDS id 2653; Mw 5.8; death bracket >= 1000
ncei-2660,1903-08-11T04:32:54Z,minute,36,23,point,GREECE:  MITATA (KYTHERA),earthquake,>=1,ncei-deaths,NCEI/WDS id 2660; Mw 7.8; death bracket >= 1
ncei-2664,1903-09-25T01:20:00Z,minute,35.2,58.2,point,IRAN:  KASHMAR,earthquake,>=100,ncei-deaths,NCEI/WDS id 2664; Mw 5.9; death bracket >= 100
ncei-2684,1904-08-11T05:56:00Z,minute,37.75,27,point,GREECE:  SAMOS; PATMOS,earthquake,>=1,ncei-deaths,NCEI/WDS id 2684; Mw 6.1; death bracket >= 1
ncei-2694,1904-08-30T00:00:00Z,day,31.2,100.9,point,CHINA:  SICHUAN PROVINCE,earthquake,>=100,ncei-deaths,NCEI/WDS id 2694; Mw 6; death bracket >= 100
ncei-2696,1904-11-05T20:25:00Z,minute,23.5,120.3,point,TAIWAN:  JIAYI,earthquake,>=100,ncei-deaths,NCEI/WDS id 2696; Mw 6.3; death bracket >= 100
ncei-2709,1905-04-04T00:49:59Z,minute,32.597,76.916,point,INDIA:  KANGRA,earthquake,>=10000,ncei-deaths,NCEI/WDS id 2709; Mw 7.9; death bracket >= 10000
ncei-2715,1905-06-01T04:42:00Z,minute,42.1,19.6,point,ALBANIA:  SHKODER,earthquake,>=100,ncei-deaths,NCEI/WDS id 2715; Mw 6.6; death bracket >= 100
ncei-2717,1905-06-02T05:39:42Z,minute,34,132,point,JAPAN:  AKI,earthquake,>=10,ncei-deaths,NCEI/WDS id 2717; Mw 7.8; death bracket >= 10
ncei-2732,1905-09-08T01:43:11Z,minute,38.67,16.07,point,ITALY:  MONTELEONE; TROPEA; MONTE PORO,earthquake,>=100,ncei-deaths,NCEI/WDS id 2732; Mw 7.1; death bracket >= 100
ncei-2748,1906-01-31T15:36:10Z,minute,0.955,-79.369,point,ECUADOR:  OFF COAST,earthquake,>=1000,ncei-deaths,NCEI/WDS id 2748; Mw 8.8; death bracket >= 1000
ncei-2762,1906-03-16T22:42:40Z,minute,23.6,120.5,point,TAIWAN:  JIAYI,earthquake,>=1000,ncei-deaths,NCEI/WDS id 2762; Mw 6.8; death bracket >= 1000
ncei-2766,1906-04-13T19:18:00Z,minute,23.4,120.4,point,TAIWAN:  JIAYI,earthquake,>=10,ncei-deaths,NCEI/WDS id 2766; Mw 6.5; death bracket >= 10
ncei-2768,1906-04-18T13:12:21Z,minute,37.67,-122.48,point,CALIFORNIA:  SAN FRANCISCO,earthquake,>=100,ncei-deaths,NCEI/WDS id 2768; Mw 7.9; death bracket >= 100
ncei-2779,1906-08-17T00:40:00Z,minute,-33,-72,point,CHILE:  SOUTH CENTRAL,earthquake,>=1000,ncei-deaths,NCEI/WDS id 2779; Mw 8.2; death bracket >= 1000
ncei-2794,1906-12-22T18:21:00Z,minute,43.5,85,point,CHINA:  XINJIANG PROVINCE,earthquake,>=100,ncei-deaths,NCEI/WDS id 2794; Mw 8.3; death bracket >= 100
ncei-2801,1907-01-14T20:38:12Z,minute,18.667,-76.237,point,JAMAICA:  KINGSTON,earthquake,>=1000,ncei-deaths,NCEI/WDS id 2801; Mw 6.2; death bracket >= 1000
ncei-2804,1907-04-15T06:08:06Z,minute,17,-100,point,MEXICO:  GUERRERO,earthquake,>=1,ncei-deaths,NCEI/WDS id 2804; Mw 8.3; death bracket >= 1
ncei-2807,1907-04-18T20:59:48Z,minute,14,123,point,PHILIPPINES:  SE LUZON:  CAMARINES,earthquake,>=1,ncei-deaths,NCEI/WDS id 2807; Mw 7.6; death bracket >= 1
ncei-2821,1907-10-21T04:23:36Z,minute,38.5,67.9,point,TAJIKISTAN:   KARATAG,earthquake,>=10000,ncei-deaths,NCEI/WDS id 2821; Mw 7.4; death bracket >= 10000
ncei-2827,1907-10-23T20:28:19Z,minute,38.133,16.017,point,ITALY:  FERRUZANO,earthquake,>=100,ncei-deaths,NCEI/WDS id 2827; Mw 5.9; death bracket >= 100
ncei-2846,1908-12-28T04:20:27Z,minute,38.17,15.58,point,ITALY:  MESSINA; SICILY; CALABRIA,earthquake,>=10000,ncei-deaths,NCEI/WDS id 2846; Mw 7; death bracket >= 10000
ncei-2849,1909-01-19T04:56:00Z,minute,38.6,26.9,point,TURKEY:  FOCA;MENEMEN;GUZELHISAR,earthquake,>=1,ncei-deaths,NCEI/WDS id 2849; Mw 5.8; death bracket >= 1
ncei-2850,1909-01-23T02:48:29Z,minute,34.306,50.396,point,IRAN:  SILAKOR,earthquake,>=1000,ncei-deaths,NCEI/WDS id 2850; Mw 7.3; death bracket >= 1000
ncei-2853,1909-01-29T00:00:00Z,day,35.6,-5.4,point,MOROCCO:  TETUAN (TETOUAN);ROMARS,earthquake,>=100,ncei-deaths,NCEI/WDS id 2853; Mw n/a; death bracket >= 100
ncei-2861,1909-04-14T19:53:42Z,minute,25,121.5,point,TAIWAN:  TAIPEI,earthquake,>=1,ncei-deaths,NCEI/WDS id 2861; Mw 7.3; death bracket >= 1
ncei-2864,1909-04-23T17:39:36Z,minute,38.9,-8.8,point,PORTUGAL:  RIBATEJO; BENAVENTE,earthquake,>=10,ncei-deaths,NCEI/WDS id 2864; Mw 6.6; death bracket >= 10
ncei-2866,1909-05-11T15:54:24Z,minute,24.4,103,point,CHINA:  YUNNAN PROVINCE,earthquake,>=10,ncei-deaths,NCEI/WDS id 2866; Mw 6.5; death bracket >= 10
ncei-2867,1909-06-11T21:06:00Z,minute,43.7,5.4,point,FRANCE:  VERNEGUES;CHARLEVAL;LA ROQUE D'ANTHERON,earthquake,>=10,ncei-deaths,NCEI/WDS id 2867; Mw 6.2; death bracket >= 10
ncei-2880,1909-07-08T02:30:00Z,minute,35.5,72.5,point,PAKISTAN,earthquake,>=10,ncei-deaths,NCEI/WDS id 2880; Mw n/a; death bracket >= 10
ncei-2886,1909-08-14T06:30:00Z,minute,35.4,136.3,point,JAPAN:  OOMI,earthquake,>=10,ncei-deaths,NCEI/WDS id 2886; Mw 6.9; death bracket >= 10
ncei-2889,1909-10-20T23:41:00Z,minute,30,68,point,PAKISTAN,earthquake,>=100,ncei-deaths,NCEI/WDS id 2889; Mw 7.2; death bracket >= 100
ncei-2901,1910-04-12T00:22:13Z,minute,25.5,122.5,point,TAIWAN,earthquake,>=10,ncei-deaths,NCEI/WDS id 2901; Mw 7.8; death bracket >= 10
ncei-2904,1910-05-04T23:50:00Z,minute,10,-84,point,COSTA RICA:  CARTAGO; SAN JOSE,earthquake,>=100,ncei-deaths,NCEI/WDS id 2904; Mw 6.4; death bracket >= 100
ncei-2910,1910-06-24T13:27:00Z,minute,36,4,point,ALGERIA:  MASQUERAY;  KABYLIA,earthquake,>=10,ncei-deaths,NCEI/WDS id 2910; Mw 6.4; death bracket >= 10
ncei-2919,1911-01-03T23:25:49Z,minute,42.919,76.808,point,KAZAKHSTAN: ALMA-ATA; TURKESTAN;  AFGHANISTAN,earthquake,>=100,ncei-deaths,NCEI/WDS id 2919; Mw 8; death bracket >= 100
ncei-2927,1911-04-18T18:14:27Z,minute,30.46,56.305,point,IRAN:  RAVAR,earthquake,>=100,ncei-deaths,NCEI/WDS id 2927; Mw 6.5; death bracket >= 100
ncei-2935,1911-06-15T14:26:00Z,minute,28,130,point,JAPAN:  RYUKYU ISLANDS,earthquake,>=10,ncei-deaths,NCEI/WDS id 2935; Mw 8; death bracket >= 10
ncei-2948,1912-01-24T16:23:14Z,minute,37.928,21.013,point,GREECE:  ASPROGERAKAS (KEPHALLENIA),earthquake,>=1,ncei-deaths,NCEI/WDS id 2948; Mw 6.4; death bracket >= 1
ncei-2955,1912-08-09T01:29:02Z,minute,40.73,27.121,point,TURKEY:  MARMARA SEA,earthquake,>=1000,ncei-deaths,NCEI/WDS id 2955; Mw 7.2; death bracket >= 1000
ncei-2966,1912-11-19T13:55:03Z,minute,19.561,-99.884,point,MEXICO:  CENTRAL; ACAMBAY; TIXMADEJE,earthquake,>=100,ncei-deaths,NCEI/WDS id 2966; Mw 6.7; death bracket >= 100
ncei-2973,1913-03-14T08:45:04Z,minute,5.354,126.121,point,INDONESIA:  SANGIHE ISLAND,earthquake,>=100,ncei-deaths,NCEI/WDS id 2973; Mw 7.8; death bracket >= 100
ncei-2974,1913-03-24T10:34:00Z,minute,26.8,53.7,point,IRAN:  TEYHAN,earthquake,>=10,ncei-deaths,NCEI/WDS id 2974; Mw 5.8; death bracket >= 10
ncei-2990,1913-11-04T21:33:00Z,minute,-14.2,-72.9,point,PERU:  AMYARAES; ABANCAY; CASAYA; SORAYA,earthquake,>=100,ncei-deaths,NCEI/WDS id 2990; Mw 6.3; death bracket >= 100
ncei-2993,1913-12-21T15:37:38Z,minute,24.15,102.45,point,CHINA:  YUNNAN PROVINCE,earthquake,>=100,ncei-deaths,NCEI/WDS id 2993; Mw 7; death bracket >= 100
ncei-2994,1914-01-12T00:00:00Z,day,31.58,130.67,point,JAPAN:  SAKURIJIMA,earthquake,>=10,ncei-deaths,NCEI/WDS id 2994; Mw 7.1; death bracket >= 10
ncei-2999,1914-03-15T20:00:06Z,minute,39.2,139.8,point,JAPAN:  SENHOKU,earthquake,>=10,ncei-deaths,NCEI/WDS id 2999; Mw 7.2; death bracket >= 10
ncei-3002,1914-05-08T18:01:00Z,minute,37.7,15.2,point,ITALY:  CATANIA; ETNA,earthquake,>=100,ncei-deaths,NCEI/WDS id 3002; Mw 4.9; death bracket >= 100
ncei-3010,1914-06-25T19:07:25Z,minute,-3.924,101.82,point,INDONESIA:  SUMATERA,earthquake,>=10,ncei-deaths,NCEI/WDS id 3010; Mw 7.6; death bracket >= 10
ncei-3012,1914-08-04T22:41:06Z,minute,43.5,91.5,point,CHINA:  XINJIANG WEIWUER ZIZHIQU PROVINCE(SINKIANG),earthquake,>=1,ncei-deaths,NCEI/WDS id 3012; Mw 7.5; death bracket >= 1
ncei-3016,1914-10-03T22:06:34Z,minute,37.82,30.27,point,TURKEY:  BURDUR; KILINC; KECIBORLU; ISPARTA,earthquake,>=1000,ncei-deaths,NCEI/WDS id 3016; Mw 7; death bracket >= 1000
ncei-3021,1914-11-27T14:39:42Z,minute,38.582,20.587,point,GREECE:  LEUKAS ISLAND,earthquake,>=10,ncei-deaths,NCEI/WDS id 3021; Mw 6.3; death bracket >= 10
ncei-3022,1914-12-02T23:55:00Z,minute,-15.2,-73.2,point,PERU:  PARARCA;PAYSA;COLTA;OYALA,earthquake,>=10,ncei-deaths,NCEI/WDS id 3022; Mw n/a; death bracket >= 10
ncei-3025,1915-01-13T06:52:38Z,minute,42,13.5,point,ITALY:  MARSICA; AVEZZANO; ABRUZZI,earthquake,>=10000,ncei-deaths,NCEI/WDS id 3025; Mw 7.5; death bracket >= 10000
ncei-3033,1915-06-23T04:56:00Z,minute,32.8,-115.5,point,CALIFORNIA:  EL CENTRO,earthquake,>=1,ncei-deaths,NCEI/WDS id 3033; Mw 6.2; death bracket >= 1
ncei-3037,1915-09-07T01:20:49Z,minute,14.126,-89.007,point,EL SALVADOR,earthquake,>=1,ncei-deaths,NCEI/WDS id 3037; Mw 7.7; death bracket >= 1
ncei-3062,1916-08-28T07:27:05Z,minute,23.7,120.9,point,TAIWAN,earthquake,>=100,ncei-deaths,NCEI/WDS id 3062; Mw 6.5; death bracket >= 100
ncei-3069,1917-01-04T16:50:06Z,minute,23.9,120.9,point,TAIWAN:  PULI,earthquake,>=10,ncei-deaths,NCEI/WDS id 3069; Mw 6.3; death bracket >= 10
ncei-3072,1917-01-20T23:11:34Z,minute,-7,116,point,INDONESIA:  BALI,earthquake,>=1000,ncei-deaths,NCEI/WDS id 3072; Mw 6.6; death bracket >= 1000
ncei-3078,1917-01-31T03:39:55Z,minute,6,125,point,PHILIPPINES:  S MINDANAO:  GLAN;GLAN PADIDU;TUYAN,earthquake,>=1,ncei-deaths,NCEI/WDS id 3078; Mw 6.4; death bracket >= 1
ncei-3090,1917-07-30T23:54:05Z,minute,28,104,point,CHINA:  YUNNAN PROVINCE,earthquake,>=1000,ncei-deaths,NCEI/WDS id 3090; Mw 6.8; death bracket >= 1000
ncei-3095,1917-08-31T11:36:18Z,minute,4,-74,point,COLOMBIA:  BOGOTA; UBAQUE; SOACHA; CAQUEZA,earthquake,>=1,ncei-deaths,NCEI/WDS id 3095; Mw 7.3; death bracket >= 1
ncei-3101,1917-12-26T04:30:00Z,minute,14.6,-90.6,point,GUATEMALA:  GUATEMALA CITY,earthquake,>=1000,ncei-deaths,NCEI/WDS id 3101; Mw 6; death bracket >= 1000
ncei-3110,1918-02-13T06:07:13Z,minute,23.5,117.2,point,CHINA:  GUANGDONG PROVINCE,earthquake,>=1000,ncei-deaths,NCEI/WDS id 3110; Mw 7.3; death bracket >= 1000
ncei-3111,1918-04-21T22:32:30Z,minute,33.762,-116.972,point,CALIFORNIA: SAN JACINTO; HEMET,earthquake,>=1,ncei-deaths,NCEI/WDS id 3111; Mw 6.7; death bracket >= 1
ncei-3116,1918-08-15T12:18:24Z,minute,5.538,123.994,point,PHILIPPINES:  MINDANAO:  COTABATO,earthquake,>=10,ncei-deaths,NCEI/WDS id 3116; Mw 8.3; death bracket >= 10
ncei-3148,1920-01-03T21:48:03Z,minute,19.26,-96.97,point,MEXICO:  VERACRUZ: COZAUTLAN; PUEBLA: PATLANALA,earthquake,>=100,ncei-deaths,NCEI/WDS id 3148; Mw 7.8; death bracket >= 100
ncei-3154,1920-06-05T04:21:35Z,minute,23.688,121.954,point,TAIWAN,earthquake,>=1,ncei-deaths,NCEI/WDS id 3154; Mw 8.2; death bracket >= 1
ncei-3159,1920-09-07T05:55:40Z,minute,44.3,10.3,point,ITALY:  CARRARA;GARFAGNANA,earthquake,>=1000,ncei-deaths,NCEI/WDS id 3159; Mw 5.8; death bracket >= 1000
ncei-3163,1920-11-26T08:51:07Z,minute,40.2,20,point,ALBANIA:  TEPELENE; DRAGOTI; PESHTANI; MARICAJ,earthquake,>=100,ncei-deaths,NCEI/WDS id 3163; Mw 6.2; death bracket >= 100
ncei-3165,1920-12-16T12:05:54Z,minute,36.601,105.317,point,CHINA:  GANSU PROVINCE; SHANXI PROVINCE,earthquake,>=100000,ncei-deaths,NCEI/WDS id 3165; Mw 8.3; death bracket >= 100000
ncei-3167,1920-12-17T19:00:04Z,minute,-31.905,-68.412,point,ARGENTINA:  MENDOZA,earthquake,>=100,ncei-deaths,NCEI/WDS id 3167; Mw 6.7; death bracket >= 100
ncei-3191,1922-02-27T20:39:50Z,minute,10.2,124.1,point,PHILIPPINES:  CEBU ISLAND; MACTAN ISLAND,earthquake,>=1,ncei-deaths,NCEI/WDS id 3191; Mw 6.3; death bracket >= 1
ncei-3198,1922-09-01T19:16:06Z,minute,24.5,122,point,TAIWAN,earthquake,>=1,ncei-deaths,NCEI/WDS id 3198; Mw 7.6; death bracket >= 1
ncei-3202,1922-11-11T04:32:51Z,minute,-28.293,-69.852,point,CHILE:  ATACAMA,earthquake,>=100,ncei-deaths,NCEI/WDS id 3202; Mw 8.5; death bracket >= 100
ncei-3207,1922-12-07T16:50:00Z,minute,32.7,130.3,point,JAPAN:  KYUSHU,earthquake,>=10,ncei-deaths,NCEI/WDS id 3207; Mw n/a; death bracket >= 10
ncei-3218,1923-03-24T12:40:06Z,minute,31.5,101,point,CHINA:  SICHUAN PROVINCE,earthquake,>=1000,ncei-deaths,NCEI/WDS id 3218; Mw 7.3; death bracket >= 1000
ncei-3223,1923-05-25T22:21:37Z,minute,31.308,56.1,point,IRAN:  TURBAT-HAKLARI,earthquake,>=1000,ncei-deaths,NCEI/WDS id 3223; Mw 6; death bracket >= 1000
ncei-3227,1923-09-01T02:58:37Z,minute,35.1,139.5,point,JAPAN:  TOKYO; YOKOHAMA,earthquake,>=100000,ncei-deaths,NCEI/WDS id 3227; Mw 7.9; death bracket >= 100000
ncei-3232,1923-09-17T07:09:07Z,minute,37.2,57.7,point,IRAN:  QALEH JAQ KMEN:  BODZHNURD,earthquake,>=100,ncei-deaths,NCEI/WDS id 3232; Mw 6.4; death bracket >= 100
ncei-3233,1923-09-22T20:47:43Z,minute,29.222,56.839,point,IRAN:  SIRJAN,earthquake,>=100,ncei-deaths,NCEI/WDS id 3233; Mw 6.7; death bracket >= 100
ncei-3239,1923-12-14T10:31:00Z,minute,0.87,-77.78,point,COLOMBIA:  IPIALES,earthquake,>=100,ncei-deaths,NCEI/WDS id 3239; Mw 6.2; death bracket >= 100
ncei-3241,1923-12-22T09:55:35Z,minute,4.64,-73.36,point,COLOMBIA:  GACHALA;GACHETA;UBALA;MEDINA,earthquake,>=1,ncei-deaths,NCEI/WDS id 3241; Mw 5.9; death bracket >= 1
ncei-3243,1924-01-15T00:00:00Z,day,35.5,139.5,point,JAPAN:  SAGAMI,earthquake,>=10,ncei-deaths,NCEI/WDS id 3243; Mw n/a; death bracket >= 10
ncei-3244,1924-03-03T08:01:00Z,minute,-1.6,-78.6,point,ECUADOR,earthquake,>=10,ncei-deaths,NCEI/WDS id 3244; Mw 6.9; death bracket >= 10
ncei-3252,1924-09-13T14:34:05Z,minute,40,42,point,TURKEY:  ERZURUM,earthquake,>=10,ncei-deaths,NCEI/WDS id 3252; Mw 6.8; death bracket >= 10
ncei-3254,1924-11-12T00:00:00Z,day,-7.3,109.8,point,INDONESIA:  JAVA,earthquake,>=10,ncei-deaths,NCEI/WDS id 3254; Mw n/a; death bracket >= 10
ncei-3256,1924-12-02T00:00:00Z,day,-7.3,109.9,point,INDONESIA:  JAVA:  WONOSOBO,earthquake,>=100,ncei-deaths,NCEI/WDS id 3256; Mw n/a; death bracket >= 100
ncei-3257,1925-01-09T17:38:24Z,minute,41.2,42.8,point,TURKEY:  ARDAHAN,earthquake,>=100,ncei-deaths,NCEI/WDS id 3257; Mw 5.8; death bracket >= 100
ncei-3261,1925-03-16T14:42:18Z,minute,25.756,100.373,point,CHINA:  YUNNAN PROVINCE:  TALIFU,earthquake,>=1000,ncei-deaths,NCEI/WDS id 3261; Mw 6.9; death bracket >= 1000
ncei-3267,1925-05-23T02:09:45Z,minute,35.75,134.75,point,JAPAN:  HONSHU:  TAJIMA,earthquake,>=100,ncei-deaths,NCEI/WDS id 3267; Mw 6.8; death bracket >= 100
ncei-3270,1925-06-29T14:42:26Z,minute,34.418,-120.196,point,CALIFORNIA:  SANTA BARBARA,earthquake,>=10,ncei-deaths,NCEI/WDS id 3270; Mw 6.8; death bracket >= 10
ncei-3274,1925-08-07T06:46:37Z,minute,38,30.5,point,TURKEY:  DINAR,earthquake,>=1,ncei-deaths,NCEI/WDS id 3274; Mw 5.9; death bracket >= 1
ncei-3278,1925-10-14T17:05:18Z,minute,27,100,point,CHINA:  YUNNAN PROVINCE,earthquake,>=10,ncei-deaths,NCEI/WDS id 3278; Mw 5.8; death bracket >= 10
ncei-3281,1925-12-14T00:00:00Z,day,34.6,58.1,point,IRAN:  BAJESTAN,earthquake,>=100,ncei-deaths,NCEI/WDS id 3281; Mw 5.5; death bracket >= 100
ncei-3282,1925-12-18T05:53:00Z,minute,28.5,51.2,point,IRAN:  AHRAM;DOMRUBAH;MAHMUDABADI;AB GARM,earthquake,>=1,ncei-deaths,NCEI/WDS id 3282; Mw 5.5; death bracket >= 1
ncei-3296,1926-10-22T19:59:38Z,minute,40.942,43.771,point,TURKEY; ARMENIA,earthquake,>=100,ncei-deaths,NCEI/WDS id 3296; Mw 5.9; death bracket >= 100
ncei-3306,1927-03-07T09:27:00Z,minute,35.6,135.1,point,JAPAN:  HONSHU:  SW,earthquake,>=1000,ncei-deaths,NCEI/WDS id 3306; Mw 7.3; death bracket >= 1000
ncei-3311,1927-03-20T00:00:00Z,day,24.1,102,point,CHINA:  YUNNAN PROVINCE:  XINPING,earthquake,>=1,ncei-deaths,NCEI/WDS id 3311; Mw 5; death bracket >= 1
ncei-3315,1927-05-22T22:32:50Z,minute,37.666,102.493,point,CHINA:  GANSU PROVINCE,earthquake,>=10000,ncei-deaths,NCEI/WDS id 3315; Mw 7.7; death bracket >= 10000
ncei-3325,1927-07-11T13:04:00Z,minute,32,35.5,point,ISRAEL; JORDAN: DAMIYA,earthquake,>=100,ncei-deaths,NCEI/WDS id 3325; Mw 6.3; death bracket >= 100
ncei-3329,1927-08-24T18:09:00Z,minute,23,120.5,point,TAIWAN,earthquake,>=10,ncei-deaths,NCEI/WDS id 3329; Mw 6.8; death bracket >= 10
ncei-3330,1927-09-11T22:15:48Z,minute,44.4,34.5,point,UKRAINE:  CRIMEA:  SEBASTOPOL,earthquake,>=10,ncei-deaths,NCEI/WDS id 3330; Mw 6.8; death bracket >= 10
ncei-3345,1928-03-08T18:13:00Z,minute,31.6,60,point,IRAN:  NEHBANDAN,earthquake,>=1,ncei-deaths,NCEI/WDS id 3345; Mw 5; death bracket >= 1
ncei-3353,1928-03-31T00:29:47Z,minute,38.1,27.4,point,TURKEY:  TEPEKOY; TORBALI,earthquake,>=100,ncei-deaths,NCEI/WDS id 3353; Mw 6.5; death bracket >= 100
ncei-3357,1928-04-09T17:34:17Z,minute,-13.595,-70.343,point,PERU,earthquake,>=10,ncei-deaths,NCEI/WDS id 3357; Mw 6.7; death bracket >= 10
ncei-3358,1928-04-14T08:59:43Z,minute,42.2,25.3,point,BULGARIA:  CHIRPAN,earthquake,>=100,ncei-deaths,NCEI/WDS id 3358; Mw 6.8; death bracket >= 100
ncei-3366,1928-04-22T20:13:46Z,minute,38,23,point,GREECE:  CORINTH (CORINTHIA),earthquake,>=10,ncei-deaths,NCEI/WDS id 3366; Mw 6; death bracket >= 10
ncei-3367,1928-05-14T22:14:48Z,minute,-5.435,-78.665,point,PERU:  CHACAHPOYAS;HUANCABAMBA;CAJAMARCA;PINPINCOS,earthquake,>=10,ncei-deaths,NCEI/WDS id 3367; Mw 7.3; death bracket >= 10
ncei-3371,1928-06-17T03:19:33Z,minute,16.028,-97.036,point,MEXICO:  OAXACA,earthquake,>=1,ncei-deaths,NCEI/WDS id 3371; Mw 7.7; death bracket >= 1
ncei-3373,1928-08-21T19:02:17Z,minute,36.893,59.044,point,IRAN:  SHIRVAN,earthquake,>=10,ncei-deaths,NCEI/WDS id 3373; Mw 5.6; death bracket >= 10
ncei-3378,1928-12-01T04:06:12Z,minute,-35,-72,point,CHILE:  TALCA; CHILLAN; SANTIAGO; SAN FERNANDO,earthquake,>=100,ncei-deaths,NCEI/WDS id 3378; Mw 7.6; death bracket >= 100
ncei-3380,1928-12-19T11:37:19Z,minute,6.707,124.245,point,PHILIPPINES:  COTABATO;N COAST OF ILLANA BAY,earthquake,>=10,ncei-deaths,NCEI/WDS id 3380; Mw 7.4; death bracket >= 10
ncei-3385,1929-01-17T11:52:00Z,minute,10.5,-64.2,point,VENEZUELA: CUMANA,earthquake,>=10,ncei-deaths,NCEI/WDS id 3385; Mw 6.9; death bracket >= 10
ncei-3390,1929-05-01T15:37:35Z,minute,38.09,57.705,point,IRAN:  KOPET-DAGH,earthquake,>=1000,ncei-deaths,NCEI/WDS id 3390; Mw 7.2; death bracket >= 1000
ncei-3393,1929-05-18T06:37:00Z,minute,40.2,37.9,point,TURKEY:  SUSEHRI,earthquake,>=10,ncei-deaths,NCEI/WDS id 3393; Mw 6.5; death bracket >= 10
ncei-3396,1929-06-16T22:47:32Z,minute,-41.75,172.25,point,NEW ZEALAND:  SOUTH ISLAND,earthquake,>=10,ncei-deaths,NCEI/WDS id 3396; Mw 7.5; death bracket >= 10
ncei-3399,1929-07-13T07:36:43Z,minute,37.866,58.404,point,IRAN:  FARUJ,earthquake,>=10,ncei-deaths,NCEI/WDS id 3399; Mw 5.9; death bracket >= 10
ncei-3400,1929-07-15T07:44:00Z,minute,32.2,49.7,point,IRAN:  MASJED SOLEYMAN;ANDARKAH,earthquake,>=1,ncei-deaths,NCEI/WDS id 3400; Mw 6.2; death bracket >= 1
ncei-3409,1930-05-05T13:46:01Z,minute,17.733,96.406,point,MYANMAR (BURMA):  PEGU; RANGOON,earthquake,>=100,ncei-deaths,NCEI/WDS id 3409; Mw 7.4; death bracket >= 100
ncei-3412,1930-05-06T22:34:26Z,minute,38.094,44.797,point,IRAN:  SALMAS,earthquake,>=1000,ncei-deaths,NCEI/WDS id 3412; Mw 7.1; death bracket >= 1000
ncei-3416,1930-07-18T00:00:00Z,day,17.4,95.5,point,MYANMAR (BURMA):  THARRAWADDY,earthquake,>=10,ncei-deaths,NCEI/WDS id 3416; Mw n/a; death bracket >= 10
ncei-3420,1930-07-23T00:09:00Z,minute,41.1,15.4,point,ITALY:  IRPINIA,earthquake,>=1000,ncei-deaths,NCEI/WDS id 3420; Mw 6.5; death bracket >= 1000
ncei-3422,1930-08-24T10:51:16Z,minute,30,100,point,CHINA:  SICHUAN PROVINCE,earthquake,>=100,ncei-deaths,NCEI/WDS id 3422; Mw 5.5; death bracket >= 100
ncei-3423,1930-09-22T00:00:00Z,day,38.4,68.5,point,TAJIKISTAN:  DUSHANBE (STALINABAD),earthquake,>=100,ncei-deaths,NCEI/WDS id 3423; Mw 6.3; death bracket >= 100
ncei-3424,1930-10-02T00:00:00Z,day,35.8,52.1,point,IRAN:  AH;MOBARAKABAD;AB ALI;SARPURAK,earthquake,>=1,ncei-deaths,NCEI/WDS id 3424; Mw 5; death bracket >= 1
ncei-3426,1930-10-30T07:13:10Z,minute,43.89,13.483,point,ITALY:  SENIGALLIA,earthquake,>=10,ncei-deaths,NCEI/WDS id 3426; Mw 6; death bracket >= 10
ncei-3430,1930-11-21T02:00:25Z,minute,40.5,19.5,point,ALBANIA:  VLORE; HIMARE; KUC,earthquake,>=10,ncei-deaths,NCEI/WDS id 3430; Mw 6; death bracket >= 10
ncei-3431,1930-11-25T19:02:47Z,minute,35,139,point,JAPAN:  HONSHU:  IDU,earthquake,>=100,ncei-deaths,NCEI/WDS id 3431; Mw 7.1; death bracket >= 100
ncei-3434,1930-12-02T13:29:00Z,minute,40.3,19.6,point,ALBANIA:  VLORE; TEPELENE,earthquake,>=10,ncei-deaths,NCEI/WDS id 3434; Mw 5; death bracket >= 10
ncei-3435,1930-12-03T18:51:51Z,minute,18.2,96.4,point,MYANMAR (BURMA):  PYU,earthquake,>=10,ncei-deaths,NCEI/WDS id 3435; Mw 7.3; death bracket >= 10
ncei-3437,1930-12-08T08:01:05Z,minute,23.2,120.6,point,TAIWAN:  TAINAN,earthquake,>=1,ncei-deaths,NCEI/WDS id 3437; Mw 6.3; death bracket >= 1
ncei-3446,1931-01-28T05:55:00Z,minute,40.6,20.8,point,ALBANIA:  KORCE,earthquake,>=10,ncei-deaths,NCEI/WDS id 3446; Mw 5.8; death bracket >= 10
ncei-3450,1931-02-02T22:46:51Z,minute,-39.772,176.025,point,NEW ZEALAND:  HAWKE BAY,earthquake,>=100,ncei-deaths,NCEI/WDS id 3450; Mw 7.7; death bracket >= 100
ncei-3460,1931-03-31T16:02:00Z,minute,13.2,-85.7,point,NICARAGUA:  MANAGUA,earthquake,>=1000,ncei-deaths,NCEI/WDS id 3460; Mw 5.6; death bracket >= 1000
ncei-3461,1930-03-31T00:00:00Z,day,12.1,-86.2,point,NICARAGUA:  MANAGUA,earthquake,>=1000,ncei-deaths,NCEI/WDS id 3461; Mw n/a; death bracket >= 1000
ncei-3466,1931-04-27T16:50:00Z,minute,39.2,46,point,ARMENIA:  ZANGEZUR; NAKHITCHEVAN,earthquake,>=1000,ncei-deaths,NCEI/WDS id 3466; Mw 6.3; death bracket >= 1000
ncei-3470,1931-08-10T21:18:43Z,minute,47.1,89.8,point,CHINA:  XINJIANG WEIWUER ZIZHIQU PROVINCE:  N,earthquake,>=10000,ncei-deaths,NCEI/WDS id 3470; Mw 8; death bracket >= 10000
ncei-3475,1931-09-21T02:20:00Z,minute,36.1,139.2,point,JAPAN:  HONSHU,earthquake,>=10,ncei-deaths,NCEI/WDS id 3475; Mw 7; death bracket >= 10
ncei-3480,1931-11-02T10:02:00Z,minute,32,131.5,point,JAPAN:  KYUSHU,earthquake,>=1,ncei-deaths,NCEI/WDS id 3480; Mw 7.5; death bracket >= 1
ncei-3484,1932-02-03T06:16:02Z,minute,19.706,-75.691,point,CUBA: SANTIAGO DE CUBA,earthquake,>=10,ncei-deaths,NCEI/WDS id 3484; Mw 6.7; death bracket >= 10
ncei-3485,1932-03-06T00:00:00Z,day,30.1,101.8,point,CHINA:  SICHUAN PROVINCE,earthquake,>=100,ncei-deaths,NCEI/WDS id 3485; Mw 6; death bracket >= 100
ncei-3487,1932-05-14T13:11:03Z,minute,0.386,125.884,point,INDONESIA:  SULAWESI:  KAKAS;LANGOWAN;POSO;TONDANO,earthquake,>=1,ncei-deaths,NCEI/WDS id 3487; Mw 7.7; death bracket >= 1
ncei-3488,1932-05-20T19:16:00Z,minute,36.6,53.4,point,IRAN:  TORBET-I-KHEYDARLY,earthquake,>=1000,ncei-deaths,NCEI/WDS id 3488; Mw 5.4; death bracket >= 1000
ncei-3489,1932-05-21T10:10:03Z,minute,13.198,-87.862,point,EL SALVADOR; HONDURAS; NICARAGUA,earthquake,>=1,ncei-deaths,NCEI/WDS id 3489; Mw 7.1; death bracket >= 1
ncei-3492,1932-06-03T10:36:58Z,minute,19.623,-103.919,point,MEXICO:  NEAR COAST OF JALISCO,earthquake,>=100,ncei-deaths,NCEI/WDS id 3492; Mw 8.1; death bracket >= 100
ncei-3502,1932-09-26T19:20:42Z,minute,40.5,23.9,point,GREECE: HIERISSOS-STRANTONION (CHALKIDIKI),earthquake,>=100,ncei-deaths,NCEI/WDS id 3502; Mw 6.9; death bracket >= 100
ncei-3507,1932-12-25T02:04:07Z,minute,39.7,96.7,point,CHINA:  GANSU PROVINCE,earthquake,>=100,ncei-deaths,NCEI/WDS id 3507; Mw 7.6; death bracket >= 100
ncei-3516,1933-03-11T01:54:07Z,minute,33.62,-117.97,point,CALIFORNIA:  LONG BEACH,earthquake,>=100,ncei-deaths,NCEI/WDS id 3516; Mw 6.3; death bracket >= 100
ncei-3518,1933-04-23T05:57:35Z,minute,36.759,27.299,point,GREECE:  DODECANESE ISLANDS,earthquake,>=100,ncei-deaths,NCEI/WDS id 3518; Mw 6.4; death bracket >= 100
ncei-3522,1933-08-25T07:50:32Z,minute,31.957,103.669,point,CHINA:  SICHUAN PROVINCE,earthquake,>=1000,ncei-deaths,NCEI/WDS id 3522; Mw 7.4; death bracket >= 1000
ncei-3523,1933-09-20T00:00:00Z,day,29.5,102.5,point,CHINA:  SICHUAN PROVINCE,earthquake,>=100,ncei-deaths,NCEI/WDS id 3523; Mw 5; death bracket >= 100
ncei-3524,1933-09-26T03:33:00Z,minute,42,14.2,point,ITALY:  CENTRAL,earthquake,>=10,ncei-deaths,NCEI/WDS id 3524; Mw n/a; death bracket >= 10
ncei-3526,1933-11-28T11:09:00Z,minute,32.1,56,point,IRAN:  BAHABAD;ALIABAD;RAHIMABAD;KHAIRABAD,earthquake,>=1,ncei-deaths,NCEI/WDS id 3526; Mw 6.3; death bracket >= 1
ncei-3527,1934-01-12T13:31:52Z,minute,23.7,102.7,point,CHINA:  YUNNAN PROVINCE,earthquake,>=1,ncei-deaths,NCEI/WDS id 3527; Mw 6; death bracket >= 1
ncei-3528,1934-01-15T08:43:25Z,minute,26.773,86.762,point,NEPAL; INDIA:  BIHAR,earthquake,>=10000,ncei-deaths,NCEI/WDS id 3528; Mw 8; death bracket >= 10000
ncei-3532,1934-08-11T08:18:21Z,minute,24.8,121.5,point,TAIWAN:  YILAN,earthquake,>=1,ncei-deaths,NCEI/WDS id 3532; Mw 6.5; death bracket >= 1
ncei-3540,1935-01-04T14:41:30Z,minute,40.62,27.451,point,TURKEY,earthquake,>=1,ncei-deaths,NCEI/WDS id 3540; Mw 6.4; death bracket >= 1
ncei-3542,1935-03-05T10:26:39Z,minute,35.982,52.953,point,IRAN:  ALBORZ,earthquake,>=10,ncei-deaths,NCEI/WDS id 3542; Mw 6; death bracket >= 10
ncei-3544,1935-04-11T23:14:48Z,minute,36.586,53.65,point,IRAN:  KEVSUT; ALBORZ; SARI,earthquake,>=100,ncei-deaths,NCEI/WDS id 3544; Mw 6.4; death bracket >= 100
ncei-3546,1935-04-20T22:01:54Z,minute,24.3,120.8,point,TAIWAN:  MIALOI,earthquake,>=1000,ncei-deaths,NCEI/WDS id 3546; Mw 6; death bracket >= 1000
ncei-3547,1935-04-28T00:00:00Z,day,29.4,102.3,point,CHINA:  SICHUAN PROVINCE,earthquake,>=1,ncei-deaths,NCEI/WDS id 3547; Mw 6; death bracket >= 1
ncei-3549,1935-05-01T10:24:44Z,minute,40.566,43.415,point,TURKEY:  KIGI,earthquake,>=100,ncei-deaths,NCEI/WDS id 3549; Mw 6.1; death bracket >= 100
ncei-3550,1935-05-30T21:32:46Z,minute,29.5,66.8,point,PAKISTAN:  QUETTA,earthquake,>=10000,ncei-deaths,NCEI/WDS id 3550; Mw 7.5; death bracket >= 10000
ncei-3554,1935-07-11T18:35:00Z,minute,35,138,point,JAPAN:  HONSHU,earthquake,>=1,ncei-deaths,NCEI/WDS id 3554; Mw 6.3; death bracket >= 1
ncei-3555,1935-07-16T16:18:58Z,minute,24.6,120.8,point,TAIWAN:  XIINZHU,earthquake,>=1000,ncei-deaths,NCEI/WDS id 3555; Mw 6.5; death bracket >= 1000
ncei-3556,1935-08-07T09:02:12Z,minute,1.11,-77.34,point,COLOMBIA:  FUNES,earthquake,>=1,ncei-deaths,NCEI/WDS id 3556; Mw 6.1; death bracket >= 1
ncei-3561,1935-10-19T04:48:02Z,minute,46.6,-112,point,MONTANA:  HELENA,earthquake,>=1,ncei-deaths,NCEI/WDS id 3561; Mw 6.2; death bracket >= 1
ncei-3563,1935-10-31T18:37:47Z,minute,46.6,-112,point,MONTANA:  HELENA,earthquake,>=1,ncei-deaths,NCEI/WDS id 3563; Mw 6; death bracket >= 1
ncei-3568,1936-01-09T09:23:00Z,minute,1.1,-77.6,point,COLOMBIA,earthquake,>=100,ncei-deaths,NCEI/WDS id 3568; Mw 5.6; death bracket >= 100
ncei-3575,1936-06-30T19:26:06Z,minute,33.734,60.405,point,IRAN:  ABIZ; SARBISHEH,earthquake,>=10,ncei-deaths,NCEI/WDS id 3575; Mw 6.1; death bracket >= 10
ncei-3578,1936-08-01T06:24:30Z,minute,34.2,105.7,point,CHINA:  GANSU PROVINCE,earthquake,>=100,ncei-deaths,NCEI/WDS id 3578; Mw 6; death bracket >= 100
ncei-3580,1936-08-17T00:00:00Z,day,26.6,103,point,CHINA:  YUNNAN PROVINCE,earthquake,>=10,ncei-deaths,NCEI/WDS id 3580; Mw 5.5; death bracket >= 10
ncei-3581,1936-08-22T06:51:35Z,minute,22.3,120.8,point,TAIWAN,earthquake,>=10,ncei-deaths,NCEI/WDS id 3581; Mw 7.2; death bracket >= 10
ncei-3582,1936-08-23T21:12:13Z,minute,6.1,94.7,point,INDONESIA:  BANDA ACEH;LHOK SUKON;LHOKSEMAWE,earthquake,>=1,ncei-deaths,NCEI/WDS id 3582; Mw 7.3; death bracket >= 1
ncei-3583,1936-09-09T00:00:00Z,day,3.5,97.5,point,INDONESIA:  N SUMATERA:  TAPANULI; KARO,earthquake,>=10,ncei-deaths,NCEI/WDS id 3583; Mw n/a; death bracket >= 10
ncei-3586,1936-12-19T00:00:00Z,day,13.2,-88.7,point,EL SALVADOR:  SAN VICENTE,earthquake,>=100,ncei-deaths,NCEI/WDS id 3586; Mw n/a; death bracket >= 100
ncei-3587,1936-12-27T00:00:00Z,day,34.4,139.2,point,JAPAN:  NII JIMA,earthquake,>=1,ncei-deaths,NCEI/WDS id 3587; Mw n/a; death bracket >= 1
ncei-3595,1937-07-26T03:47:09Z,minute,18.523,-95.878,point,MEXICO:  CENTRAL; PUEBLA:  ESPERANZA; VERACRUZ,earthquake,>=10,ncei-deaths,NCEI/WDS id 3595; Mw 7.2; death bracket >= 10
ncei-3596,1937-07-31T20:35:48Z,minute,35.4,115.1,point,CHINA:  SHANDONG PROVINCE,earthquake,>=100,ncei-deaths,NCEI/WDS id 3596; Mw 7; death bracket >= 100
ncei-3598,1937-08-20T11:59:16Z,minute,14.5,121.5,point,PHILIPPINES:  LUZON,earthquake,>=1,ncei-deaths,NCEI/WDS id 3598; Mw 7.5; death bracket >= 1
ncei-3600,1937-09-27T08:55:10Z,minute,-9.4,110.2,point,INDONESIA:  JAVA:  JOGYAKARTA:  KLUMPIT;PRAMBANAN,earthquake,>=1,ncei-deaths,NCEI/WDS id 3600; Mw 7.2; death bracket >= 1
ncei-3603,1937-12-23T13:18:03Z,minute,16.656,-98.338,point,MEXICO:  GUERRERO:  OMETEPEC,earthquake,>=1,ncei-deaths,NCEI/WDS id 3603; Mw 7.4; death bracket >= 1
ncei-3605,1937-12-24T06:20:43Z,minute,-10.637,-76.562,point,PERU:  HUANCABAMBA;OXAPAMPA;EL PROGRESO;SAN DAVID,earthquake,>=10,ncei-deaths,NCEI/WDS id 3605; Mw 6.5; death bracket >= 10
ncei-3611,1938-02-05T02:23:34Z,minute,4.68,-75.69,point,COLOMBIA: EJE CAFETERO,earthquake,>=1,ncei-deaths,NCEI/WDS id 3611; Mw 7; death bracket >= 1
ncei-3614,1938-04-19T10:59:21Z,minute,39.544,33.911,point,TURKEY:  KIRSEHIR,earthquake,>=100,ncei-deaths,NCEI/WDS id 3614; Mw 6.6; death bracket >= 100
ncei-3626,1938-11-05T08:43:21Z,minute,37.1,141.7,point,JAPAN:  NEAR E COAST HONSHU,earthquake,>=1,ncei-deaths,NCEI/WDS id 3626; Mw 7.7; death bracket >= 1
ncei-3632,1939-01-25T03:32:14Z,minute,-36.25,-72.25,point,CHILE:  CHILLAN,earthquake,>=10000,ncei-deaths,NCEI/WDS id 3632; Mw 8.3; death bracket >= 10000
ncei-3635,1939-01-30T02:18:30Z,minute,-7.08,155.386,point,PAPUA NEW GUINEA:  BOUGAINVILLE ISLAND,earthquake,>=1,ncei-deaths,NCEI/WDS id 3635; Mw 7.7; death bracket >= 1
ncei-3639,1939-05-01T05:58:00Z,minute,40.1,139.5,point,JAPAN:  HONSHU:  NW,earthquake,>=10,ncei-deaths,NCEI/WDS id 3639; Mw 7; death bracket >= 10
ncei-3642,1939-06-22T19:19:33Z,minute,5.568,-0.625,point,GHANA:  ACCRA,earthquake,>=10,ncei-deaths,NCEI/WDS id 3642; Mw 6.4; death bracket >= 10
ncei-3644,1939-06-24T04:22:00Z,minute,-12.5,-72,point,PERU:  POMACANCHI,earthquake,>=10,ncei-deaths,NCEI/WDS id 3644; Mw n/a; death bracket >= 10
ncei-3645,1939-09-21T00:37:00Z,minute,39.1,26.8,point,TURKEY,earthquake,>=10,ncei-deaths,NCEI/WDS id 3645; Mw 6.5; death bracket >= 10
ncei-3647,1939-11-21T08:43:00Z,minute,39.7,40.4,point,TURKEY:  ERZINCAN,earthquake,>=10,ncei-deaths,NCEI/WDS id 3647; Mw 5.9; death bracket >= 10
ncei-3656,1940-02-20T00:00:00Z,day,38.4,35.5,point,TURKEY:  KAYSERI;DEVELI,earthquake,>=10,ncei-deaths,NCEI/WDS id 3656; Mw n/a; death bracket >= 10
ncei-3659,1940-04-06T13:43:02Z,minute,23.9,102.3,point,CHINA:  YUNNAN PROVINCE,earthquake,>=100,ncei-deaths,NCEI/WDS id 3659; Mw 6; death bracket >= 100
ncei-3660,1940-05-07T22:23:00Z,minute,41.7,43.8,point,TURKEY-CIS,earthquake,>=10,ncei-deaths,NCEI/WDS id 3660; Mw 6; death bracket >= 10
ncei-3662,1940-05-19T04:36:40Z,minute,32.733,-115.5,point,CALIFORNIA; MEXICO,earthquake,>=1,ncei-deaths,NCEI/WDS id 3662; Mw 7.2; death bracket >= 1
ncei-3666,1940-05-24T16:33:57Z,minute,-10.5,-77,point,PERU,earthquake,>=100,ncei-deaths,NCEI/WDS id 3666; Mw 8.2; death bracket >= 100
ncei-3673,1940-11-10T01:39:00Z,minute,45.8,26.8,point,ROMANIA,earthquake,>=1000,ncei-deaths,NCEI/WDS id 3673; Mw 7.3; death bracket >= 1000
ncei-3675,1941-02-16T16:38:00Z,minute,33.527,58.776,point,IRAN:  MOHAMMADABAD,earthquake,>=100,ncei-deaths,NCEI/WDS id 3675; Mw 6.3; death bracket >= 100
ncei-3678,1941-04-15T19:09:56Z,minute,18.68,-102.989,point,MEXICO:  MICHOACAN; COLIMA; JALISCO,earthquake,>=10,ncei-deaths,NCEI/WDS id 3678; Mw 7.6; death bracket >= 10
ncei-3679,1941-05-05T15:18:27Z,minute,47,127.2,point,CHINA:  HEILONGJIANG PROVINCE,earthquake,>=100,ncei-deaths,NCEI/WDS id 3679; Mw 6; death bracket >= 100
ncei-3684,1941-09-10T21:53:55Z,minute,39.196,43.444,point,TURKEY:  VAN; ERCIS,earthquake,>=100,ncei-deaths,NCEI/WDS id 3684; Mw 6; death bracket >= 100
ncei-3686,1941-10-08T15:24:20Z,minute,31.7,102.3,point,CHINA:  SICHUAN PROVINCE,earthquake,>=10,ncei-deaths,NCEI/WDS id 3686; Mw 6; death bracket >= 10
ncei-3687,1941-11-12T10:04:00Z,minute,39.7,39.4,point,TURKEY:  ERZINCAN,earthquake,>=10,ncei-deaths,NCEI/WDS id 3687; Mw 5.9; death bracket >= 10
ncei-3691,1941-12-05T20:46:58Z,minute,8.7,-83.2,point,COSTA RICA-PANAMA,earthquake,>=1,ncei-deaths,NCEI/WDS id 3691; Mw 7.6; death bracket >= 1
ncei-3693,1941-12-16T19:19:42Z,minute,23.3,120.3,point,TAIWAN,earthquake,>=100,ncei-deaths,NCEI/WDS id 3693; Mw 7.1; death bracket >= 100
ncei-3696,1942-02-01T17:30:47Z,minute,23.1,100.3,point,CHINA:  YUNNAN PROVINCE:  SIMAO,earthquake,>=10,ncei-deaths,NCEI/WDS id 3696; Mw 6.8; death bracket >= 10
ncei-3699,1942-05-14T02:13:00Z,minute,-0.75,-81.5,point,ECUADOR:  GUAYAQUIL,earthquake,>=100,ncei-deaths,NCEI/WDS id 3699; Mw 7.9; death bracket >= 100
ncei-3710,1942-08-24T22:50:27Z,minute,-15,-76,point,PERU:  ICA; NAZCA,earthquake,>=10,ncei-deaths,NCEI/WDS id 3710; Mw 8.2; death bracket >= 10
ncei-3712,1942-08-27T06:14:11Z,minute,41.7,20.4,point,ALBANIA:  PESHKOPIA; MAGELLARE,earthquake,>=10,ncei-deaths,NCEI/WDS id 3712; Mw 6; death bracket >= 10
ncei-3718,1942-11-15T17:01:00Z,minute,39.2,28.2,point,TURKEY:  BALIKESIR;BIGADIC,earthquake,>=10,ncei-deaths,NCEI/WDS id 3718; Mw 6.1; death bracket >= 10
ncei-3720,1942-11-21T14:01:00Z,minute,40.3,34.6,point,TURKEY:  KASTAMONU; KARGI,earthquake,>=10,ncei-deaths,NCEI/WDS id 3720; Mw n/a; death bracket >= 10
ncei-3723,1942-12-02T19:04:00Z,minute,40.6,35,point,TURKEY:  CORUM,earthquake,>=1,ncei-deaths,NCEI/WDS id 3723; Mw n/a; death bracket >= 1
ncei-3725,1942-12-20T14:03:09Z,minute,40.907,36.744,point,TURKEY:  NIKSAR; ERBAA,earthquake,>=1000,ncei-deaths,NCEI/WDS id 3725; Mw 7; death bracket >= 1000
ncei-3731,1943-01-29T00:00:00Z,day,44.3,17,point,BALKANS NW:  BOSNIA-HERZEGOVINA,earthquake,>=10,ncei-deaths,NCEI/WDS id 3731; Mw n/a; death bracket >= 10
ncei-3733,1943-01-31T05:01:00Z,minute,-14.2,-71.5,point,PERU:  YANACOA; PAMPAMARCA,earthquake,>=10,ncei-deaths,NCEI/WDS id 3733; Mw 5; death bracket >= 10
ncei-3737,1943-02-22T09:20:48Z,minute,17.397,-101.37,point,MEXICO:  GUERRERO: PARICUTIN VOLCANO FORMS,earthquake,>=1,ncei-deaths,NCEI/WDS id 3737; Mw 7.4; death bracket >= 1
ncei-3740,1943-04-06T16:07:15Z,minute,-30.75,-72,point,CHILE:  ILLAPEL,earthquake,>=10,ncei-deaths,NCEI/WDS id 3740; Mw 8.2; death bracket >= 10
ncei-3747,1943-06-20T15:32:53Z,minute,40.5,30.525,point,TURKEY:  HENDEK; ADAPAZARI,earthquake,>=100,ncei-deaths,NCEI/WDS id 3747; Mw 6.4; death bracket >= 100
ncei-3749,1943-07-23T14:53:09Z,minute,-9.5,110,point,INDONESIA:   JAVA:  JOGYAKARTA,earthquake,>=100,ncei-deaths,NCEI/WDS id 3749; Mw 8.1; death bracket >= 100
ncei-3755,1943-09-10T08:37:00Z,minute,35.3,133.9,point,JAPAN:  HONSHU:  S,earthquake,>=1000,ncei-deaths,NCEI/WDS id 3755; Mw 7.4; death bracket >= 1000
ncei-3764,1943-11-26T22:20:48Z,minute,40.867,33.651,point,TURKEY:  LADIK; SAMSUN; HAVZA,earthquake,>=1000,ncei-deaths,NCEI/WDS id 3764; Mw 7.5; death bracket >= 1000
ncei-3769,1943-12-05T00:00:00Z,day,40,40,point,TURKEY:  ANATOLIA: NE,earthquake,>=100,ncei-deaths,NCEI/WDS id 3769; Mw n/a; death bracket >= 100
ncei-3770,1944-01-15T23:49:31Z,minute,-31.496,-68.491,point,ARGENTINA:  SAN JUAN PROVINCE,earthquake,>=10000,ncei-deaths,NCEI/WDS id 3770; Mw 6.9; death bracket >= 10000
ncei-3774,1944-02-01T03:22:40Z,minute,40.66,32.998,point,TURKEY,earthquake,>=1000,ncei-deaths,NCEI/WDS id 3774; Mw 7.6; death bracket >= 1000
ncei-3778,1944-04-05T00:00:00Z,day,36.8,54.5,point,IRAN:  GORGAN,earthquake,>=10,ncei-deaths,NCEI/WDS id 3778; Mw 5.2; death bracket >= 10
ncei-3780,1944-06-25T04:16:00Z,minute,38.9,29.3,point,TURKEY:  USAK,earthquake,>=10,ncei-deaths,NCEI/WDS id 3780; Mw 6; death bracket >= 10
ncei-3789,1944-10-06T02:34:47Z,minute,39.509,26.587,point,TURKEY:  AYVALIK,earthquake,>=10,ncei-deaths,NCEI/WDS id 3789; Mw 6.7; death bracket >= 10
ncei-3791,1944-12-07T04:35:00Z,minute,34,137.1,point,JAPAN:  OFF SOUTHEAST COAST KII PENINSULA,earthquake,>=1000,ncei-deaths,NCEI/WDS id 3791; Mw 8.1; death bracket >= 1000
ncei-3797,1945-01-12T18:38:00Z,minute,34.7,137.2,point,JAPAN:  HONSHU:  S,earthquake,>=1000,ncei-deaths,NCEI/WDS id 3797; Mw 7.1; death bracket >= 1000
ncei-3800,1945-03-18T08:01:26Z,minute,-0.214,31.289,point,UGANDA: MASAKA,earthquake,>=1,ncei-deaths,NCEI/WDS id 3800; Mw 6.4; death bracket >= 1
ncei-3801,1945-03-20T07:58:52Z,minute,37.244,35.859,point,TURKEY:  AELANA; CEYHAN; ADANA,earthquake,>=100,ncei-deaths,NCEI/WDS id 3801; Mw 6.1; death bracket >= 100
ncei-3803,1945-05-11T20:17:00Z,minute,35.2,52.1,point,IRAN:  GARMSAR;KERAND;BANKUH,earthquake,>=10,ncei-deaths,NCEI/WDS id 3803; Mw n/a; death bracket >= 10
ncei-3805,1945-07-29T08:56:00Z,minute,38.5,43.3,point,TURKEY:  VAN;BOLGESI,earthquake,>=100,ncei-deaths,NCEI/WDS id 3805; Mw n/a; death bracket >= 100
ncei-3807,1945-09-23T15:34:21Z,minute,39.5,119,point,CHINA:  HEBEI PROVINCE,earthquake,>=10,ncei-deaths,NCEI/WDS id 3807; Mw 6.3; death bracket >= 10
ncei-3811,1945-11-27T21:56:50Z,minute,24.5,63,point,PAKISTAN:  MAKRAN COAST,earthquake,>=100,ncei-deaths,NCEI/WDS id 3811; Mw 8; death bracket >= 100
ncei-3814,1945-12-21T00:00:00Z,day,38,28.9,point,TURKEY:  DENIZLI; BURDUR,earthquake,>=1,ncei-deaths,NCEI/WDS id 3814; Mw n/a; death bracket >= 1
ncei-3817,1946-02-10T00:00:00Z,day,32.5,59.1,point,IRAN:  GIV (SE BIRJAND),earthquake,>=1,ncei-deaths,NCEI/WDS id 3817; Mw n/a; death bracket >= 1
ncei-3819,1946-02-12T02:43:24Z,minute,35.75,5,point,ALGERIA:  HODNA MOUNTAINS,earthquake,>=100,ncei-deaths,NCEI/WDS id 3819; Mw 5.6; death bracket >= 100
ncei-3820,1946-02-21T15:43:00Z,minute,38.2,31.8,point,TURKEY:  IIGIN; KONYA,earthquake,>=10,ncei-deaths,NCEI/WDS id 3820; Mw 5.6; death bracket >= 10
ncei-3825,1946-05-31T03:12:46Z,minute,39.23,41.374,point,TURKEY:  USTUKRAN,earthquake,>=100,ncei-deaths,NCEI/WDS id 3825; Mw 5.9; death bracket >= 100
ncei-3827,1946-08-02T19:18:48Z,minute,-26.5,-70.5,point,CHILE:  NORTHERN,earthquake,>=1,ncei-deaths,NCEI/WDS id 3827; Mw 7.9; death bracket >= 1
ncei-3837,1946-11-04T21:47:00Z,minute,39.3,55.4,point,TURKMENISTAN,earthquake,>=100,ncei-deaths,NCEI/WDS id 3837; Mw 7.5; death bracket >= 100
ncei-3839,1946-11-10T17:42:00Z,minute,-8.5,-77.5,point,PERU: JOCAIBAMBA;CERRO ANGASCHAJ;CERRO SILLAPATA,earthquake,>=100,ncei-deaths,NCEI/WDS id 3839; Mw 7.3; death bracket >= 100
ncei-3841,1946-12-04T22:47:39Z,minute,23.1,120.3,point,TAIWAN,earthquake,>=10,ncei-deaths,NCEI/WDS id 3841; Mw 6.8; death bracket >= 10
ncei-3845,1946-12-20T19:19:10Z,minute,33.123,135.905,point,JAPAN:  HONSHU:  S COAST,earthquake,>=1000,ncei-deaths,NCEI/WDS id 3845; Mw 8.3; death bracket >= 1000
ncei-3855,1947-07-14T06:59:28Z,minute,1.3,-77.23,point,COLOMBIA:  PASTO,earthquake,>=1,ncei-deaths,NCEI/WDS id 3855; Mw 6; death bracket >= 1
ncei-3860,1947-08-06T09:36:40Z,minute,37,8,point,ALGERIA,earthquake,>=1,ncei-deaths,NCEI/WDS id 3860; Mw 5.3; death bracket >= 1
ncei-3863,1947-09-23T12:28:16Z,minute,33.604,58.642,point,IRAN:  DUSTABAD,earthquake,>=100,ncei-deaths,NCEI/WDS id 3863; Mw 6.9; death bracket >= 100
ncei-3864,1947-10-06T19:55:37Z,minute,36.808,21.916,point,GREECE:  S:  PYLIA (MESSINIA),earthquake,>=1,ncei-deaths,NCEI/WDS id 3864; Mw 7.3; death bracket >= 1
ncei-3866,1947-11-01T14:58:57Z,minute,-10.96,-74.676,point,PERU:  SATIPO;ANDAMARCA;ACOBAMBA;LA MERCED;VICTOC,earthquake,>=100,ncei-deaths,NCEI/WDS id 3866; Mw 7.6; death bracket >= 100
ncei-3869,1948-01-24T17:46:43Z,minute,10.714,122.235,point,PHILIPPINES:  PANAY; ILOILO CITY; ANTIQUE,earthquake,>=10,ncei-deaths,NCEI/WDS id 3869; Mw 7.8; death bracket >= 10
ncei-3873,1948-04-22T10:42:47Z,minute,38.532,20.425,point,GREECE:  VASILIKI (LEUKAS),earthquake,>=1,ncei-deaths,NCEI/WDS id 3873; Mw 6.5; death bracket >= 1
ncei-3875,1948-05-11T08:55:46Z,minute,-17.298,-70.373,point,PERU:  AREQUIPA;MOQUEGUA;TACNA;TORATA;QUELLAVECO,earthquake,>=1,ncei-deaths,NCEI/WDS id 3875; Mw 6.5; death bracket >= 1
ncei-3878,1948-05-25T07:11:21Z,minute,29.5,100.5,point,CHINA:  SICHUAN PROVINCE,earthquake,>=100,ncei-deaths,NCEI/WDS id 3878; Mw 7.3; death bracket >= 100
ncei-3880,1948-05-28T05:36:16Z,minute,-13,-76.5,point,PERU:  CANETE,earthquake,>=1,ncei-deaths,NCEI/WDS id 3880; Mw 7; death bracket >= 1
ncei-3881,1948-06-27T00:08:23Z,minute,26.4,99.7,point,CHINA:  YUNNAN PROVINCE,earthquake,>=100,ncei-deaths,NCEI/WDS id 3881; Mw 6.8; death bracket >= 100
ncei-3884,1948-06-28T07:13:00Z,minute,36.5,136,point,JAPAN:  FUKUI,earthquake,>=1000,ncei-deaths,NCEI/WDS id 3884; Mw 7.3; death bracket >= 1000
ncei-3886,1948-06-30T12:21:00Z,minute,38.5,20.5,point,GREECE:  TSOUKALADES-KALAMITSI (LEUKAS),earthquake,>=1,ncei-deaths,NCEI/WDS id 3886; Mw 6.4; death bracket >= 1
ncei-3891,1948-10-05T20:12:09Z,minute,38.084,58.364,point,TURKMENISTAN:  ASHKHABAD,earthquake,>=100000,ncei-deaths,NCEI/WDS id 3891; Mw 7.2; death bracket >= 100000
ncei-3894,1948-12-04T00:22:49Z,minute,21.182,-106.818,point,MEXICO:  MARIA MADRE ISLAND,earthquake,>=1,ncei-deaths,NCEI/WDS id 3894; Mw 6.6; death bracket >= 1
ncei-3898,1949-04-13T19:55:42Z,minute,47.167,-122.617,point,WASHINGTON,earthquake,>=1,ncei-deaths,NCEI/WDS id 3898; Mw 7; death bracket >= 1
ncei-3901,1949-04-20T03:29:07Z,minute,-38,-73.5,point,CHILE:  ANGOL; TRAIGUEN,earthquake,>=10,ncei-deaths,NCEI/WDS id 3901; Mw 7.3; death bracket >= 10
ncei-3905,1949-07-10T03:53:38Z,minute,39.2,70.8,point,TAJIKISTAN,earthquake,>=1000,ncei-deaths,NCEI/WDS id 3905; Mw 7.4; death bracket >= 1000
ncei-3907,1949-07-23T15:03:35Z,minute,38.718,26.482,point,GREECE:  CHIOS; OENOUSSAE; TURKEY: KARABURUN,earthquake,>=1,ncei-deaths,NCEI/WDS id 3907; Mw 6.5; death bracket >= 1
ncei-3914,1949-08-05T19:08:51Z,minute,-1.237,-78.305,point,ECUADOR: TUNGURAHUA,earthquake,>=1000,ncei-deaths,NCEI/WDS id 3914; Mw 6.5; death bracket >= 1000
ncei-3917,1949-08-17T18:44:18Z,minute,39.503,40.671,point,TURKEY: KARLIOVA,earthquake,>=100,ncei-deaths,NCEI/WDS id 3917; Mw 6.8; death bracket >= 100
ncei-3926,1949-12-17T06:53:30Z,minute,-54,-71,point,CHILE:  TIERRA DEL FUEGO,earthquake,>=1,ncei-deaths,NCEI/WDS id 3926; Mw 7.8; death bracket >= 1
ncei-3927,1949-12-17T15:07:55Z,minute,-54,-71,point,CHILE:  TIERRA DEL FUEGO,earthquake,>=1,ncei-deaths,NCEI/WDS id 3927; Mw 7.8; death bracket >= 1
ncei-3931,1950-01-19T17:27:20Z,minute,27.255,53.029,point,IRAN: BUSHIRE,earthquake,>=10,ncei-deaths,NCEI/WDS id 3931; Mw 5.7; death bracket >= 10
ncei-3933,1950-02-04T09:31:00Z,minute,40,40,point,TURKEY,earthquake,>=10,ncei-deaths,NCEI/WDS id 3933; Mw n/a; death bracket >= 10
ncei-3940,1950-05-21T18:37:40Z,minute,-13.5,-72,point,PERU:  CUSCO,earthquake,>=100,ncei-deaths,NCEI/WDS id 3940; Mw 6; death bracket >= 100
ncei-3943,1950-06-19T12:36:54Z,minute,-6,113,point,INDONESIA:  JAVA:  GRESIK,earthquake,>=10,ncei-deaths,NCEI/WDS id 3943; Mw 6.5; death bracket >= 10
ncei-3947,1950-07-09T02:35:00Z,minute,7.79,-72.61,point,COLOMBIA:  ANBOLEDAS,earthquake,>=100,ncei-deaths,NCEI/WDS id 3947; Mw 6.1; death bracket >= 100
ncei-3948,1950-08-03T22:18:22Z,minute,9.71,-69.819,point,VENEZUELA: EL TOCUYO,earthquake,>=100,ncei-deaths,NCEI/WDS id 3948; Mw 6.4; death bracket >= 100
ncei-3950,1950-08-15T14:09:30Z,minute,28.5,96.5,point,INDIA-CHINA,earthquake,>=1000,ncei-deaths,NCEI/WDS id 3950; Mw 8.6; death bracket >= 1000
ncei-3961,1950-12-09T21:38:48Z,minute,-23.5,-67.5,point,CHILE-ARGENTINA,earthquake,>=1,ncei-deaths,NCEI/WDS id 3961; Mw 8; death bracket >= 1
ncei-3962,1950-12-10T02:50:42Z,minute,-14.25,-75.75,point,PERU:  ICA;CHIMBOTE;HUARAZ;CAJAMARCA;CUZCO;MOQUEGUA,earthquake,>=1,ncei-deaths,NCEI/WDS id 3962; Mw 7; death bracket >= 1
ncei-3970,1951-05-06T23:08:00Z,minute,13,-87.8,point,EL SALVADOR:  JUCUAPA,earthquake,>=1000,ncei-deaths,NCEI/WDS id 3970; Mw 6.5; death bracket >= 1000
ncei-3973,1951-07-09T00:03:53Z,minute,15.99,-96.605,point,MEXICO:  OAXACA:  MIAHIATLAN,earthquake,>=1,ncei-deaths,NCEI/WDS id 3973; Mw 6; death bracket >= 1
ncei-3977,1951-08-13T18:33:00Z,minute,40.8,33.4,point,TURKEY:  KURSUNLU,earthquake,>=10,ncei-deaths,NCEI/WDS id 3977; Mw 6.7; death bracket >= 10
ncei-3982,1951-10-22T05:43:01Z,minute,23.8,121.7,point,TAIWAN,earthquake,>=10,ncei-deaths,NCEI/WDS id 3982; Mw 7.3; death bracket >= 10
ncei-3985,1951-11-24T18:47:13Z,minute,22.9,121.5,point,TAIWAN,earthquake,>=10,ncei-deaths,NCEI/WDS id 3985; Mw 7.5; death bracket >= 10
ncei-3989,1952-01-03T06:03:55Z,minute,40.029,41.544,point,TURKEY:  PASINLER (HASANKALE); ERZURUM,earthquake,>=100,ncei-deaths,NCEI/WDS id 3989; Mw 5.7; death bracket >= 100
ncei-3993,1952-03-04T01:22:41Z,minute,42.15,143.85,point,JAPAN:  HOKKAIDO,earthquake,>=10,ncei-deaths,NCEI/WDS id 3993; Mw 8.1; death bracket >= 10
ncei-3998,1952-06-03T00:00:00Z,day,39.8,39.5,point,TURKEY:  PASINLER (HASANKALE);ERZINCAN,earthquake,>=10,ncei-deaths,NCEI/WDS id 3998; Mw n/a; death bracket >= 10
ncei-3999,1952-07-21T11:52:14Z,minute,35,-119.017,point,CALIFORNIA:  KERN COUNTY,earthquake,>=10,ncei-deaths,NCEI/WDS id 3999; Mw 7.7; death bracket >= 10
ncei-4001,1952-08-17T16:02:11Z,minute,30.5,91.5,point,CHINA:  TIBET (XIZANG PROVINCE),earthquake,>=10,ncei-deaths,NCEI/WDS id 4001; Mw n/a; death bracket >= 10
ncei-4002,1952-08-22T22:41:24Z,minute,35.333,-118.917,point,CALIFORNIA:  KERN COUNTY,earthquake,>=1,ncei-deaths,NCEI/WDS id 4002; Mw 5.8; death bracket >= 1
ncei-4005,1952-10-22T00:00:00Z,day,36.5,35.5,point,TURKEY:  CEYHAN;MISIS,earthquake,>=10,ncei-deaths,NCEI/WDS id 4005; Mw 5; death bracket >= 10
ncei-4009,1952-12-30T12:07:00Z,minute,10.3,-83.5,point,COSTA RICA,earthquake,>=10,ncei-deaths,NCEI/WDS id 4009; Mw n/a; death bracket >= 10
ncei-4010,1953-01-15T13:15:15Z,minute,27.761,54.751,point,IRAN:  LAR,earthquake,>=10,ncei-deaths,NCEI/WDS id 4010; Mw 5.5; death bracket >= 10
ncei-4011,1953-01-25T19:47:00Z,minute,18.4,-73.4,point,HAITI,earthquake,>=1,ncei-deaths,NCEI/WDS id 4011; Mw 5.7; death bracket >= 1
ncei-4013,1953-02-12T08:15:34Z,minute,35.385,54.979,point,IRAN:  TORUD,earthquake,>=100,ncei-deaths,NCEI/WDS id 4013; Mw 6.6; death bracket >= 100
ncei-4014,1953-03-18T19:06:17Z,minute,40.175,27.648,point,TURKEY:  YENICE; ONON,earthquake,>=1000,ncei-deaths,NCEI/WDS id 4014; Mw 7.3; death bracket >= 1000
ncei-4021,1953-05-06T17:16:43Z,minute,-36.5,-72.5,point,CHILE:  CHILLAN; CONCEPCION,earthquake,>=1,ncei-deaths,NCEI/WDS id 4021; Mw 7.6; death bracket >= 1
ncei-4022,1953-06-18T05:44:00Z,minute,41.4,26.3,point,TURKEY:  EDIRNE,earthquake,>=10,ncei-deaths,NCEI/WDS id 4022; Mw n/a; death bracket >= 10
ncei-4029,1953-08-12T09:23:52Z,minute,38.3,20.8,point,GREECE:  LIXOURI-ARGOSTOLI (KEPHALLENIA),earthquake,>=100,ncei-deaths,NCEI/WDS id 4029; Mw 7.2; death bracket >= 100
ncei-4031,1953-09-10T04:06:04Z,minute,34.741,32.335,point,CYPRUS:  PAPHOS,earthquake,>=10,ncei-deaths,NCEI/WDS id 4031; Mw 6.3; death bracket >= 10
ncei-4032,1953-11-25T17:48:00Z,minute,34,141.7,point,JAPAN:  KASHIMA,earthquake,>=1,ncei-deaths,NCEI/WDS id 4032; Mw 7.4; death bracket >= 1
ncei-4033,1953-12-07T02:05:00Z,minute,-22.1,-68.7,point,CHILE:  NORTHERN,earthquake,>=1,ncei-deaths,NCEI/WDS id 4033; Mw 7.4; death bracket >= 1
ncei-4034,1953-12-12T17:31:25Z,minute,-3.4,-80.6,point,PERU-ECUADOR,earthquake,>=1,ncei-deaths,NCEI/WDS id 4034; Mw 7.4; death bracket >= 1
ncei-4039,1954-02-05T15:18:04Z,minute,17.283,-92.382,point,MEXICO:  CHIAPAS,earthquake,>=1,ncei-deaths,NCEI/WDS id 4039; Mw 6.1; death bracket >= 1
ncei-4044,1954-04-20T00:00:00Z,day,39.8,22.1,point,GREECE,earthquake,>=10,ncei-deaths,NCEI/WDS id 4044; Mw 7; death bracket >= 10
ncei-4046,1954-04-30T13:02:39Z,minute,39.228,22.162,point,GREECE:  SOPHADES (KARDITSA),earthquake,>=10,ncei-deaths,NCEI/WDS id 4046; Mw 6.7; death bracket >= 10
ncei-4048,1954-06-10T00:00:00Z,day,36,66,point,AFGHANISTAN:  NORTHERN,earthquake,>=1000,ncei-deaths,NCEI/WDS id 4048; Mw n/a; death bracket >= 1000
ncei-4049,1954-07-02T02:45:00Z,minute,13,123.9,point,PHILIPPINES:  LUZON:  SORSOGON; BACON; LEGASPI,earthquake,>=10,ncei-deaths,NCEI/WDS id 4049; Mw 6.8; death bracket >= 10
ncei-4051,1954-08-20T15:30:00Z,minute,27.5,52,point,IRAN:  TONBAK;KANGAN;SABAKHI;AKHTAR,earthquake,>=1,ncei-deaths,NCEI/WDS id 4051; Mw 5; death bracket >= 1
ncei-4055,1954-09-09T01:04:43Z,minute,36.274,1.594,point,ALGERIA:  ORLEANSVILLE,earthquake,>=1000,ncei-deaths,NCEI/WDS id 4055; Mw 6.7; death bracket >= 1000
ncei-4066,1955-03-31T18:17:13Z,minute,7.658,123.157,point,PHILIPPINES:  MINDANAO:  LANAO;OZAMIZ;COTABATO,earthquake,>=100,ncei-deaths,NCEI/WDS id 4066; Mw 7.4; death bracket >= 100
ncei-4070,1955-04-14T01:29:02Z,minute,30,101.8,point,CHINA:  SICHUAN PROVINCE,earthquake,>=10,ncei-deaths,NCEI/WDS id 4070; Mw 7.5; death bracket >= 10
ncei-4071,1955-04-19T16:47:19Z,minute,39.4,23.1,point,GREECE:  DRAKIA-AGRIA (MAGNESIA),earthquake,>=1,ncei-deaths,NCEI/WDS id 4071; Mw 6.2; death bracket >= 1
ncei-4075,1955-04-21T07:18:00Z,minute,39.5,23,point,GREECE:  AEGEAN SEA,earthquake,>=1,ncei-deaths,NCEI/WDS id 4075; Mw 6; death bracket >= 1
ncei-4076,1955-07-16T07:07:14Z,minute,37.617,27.284,point,TURKEY: SOKE; AYDIN;  GREECE: SAMOS,earthquake,>=10,ncei-deaths,NCEI/WDS id 4076; Mw 6.6; death bracket >= 10
ncei-4080,1955-09-01T17:33:00Z,minute,10,-84.5,point,COSTA RICA,earthquake,>=10,ncei-deaths,NCEI/WDS id 4080; Mw 5.8; death bracket >= 10
ncei-4083,1955-09-12T06:09:20Z,minute,32.2,29.6,point,EGYPT:  NILE DELTA,earthquake,>=10,ncei-deaths,NCEI/WDS id 4083; Mw 6.3; death bracket >= 10
ncei-4084,1955-10-09T21:03:00Z,minute,-16.2,-71.3,point,PERU:  MUNGUI;LA UNION PROV;AREQUIPA;TORO;COTAHUASI,earthquake,>=1,ncei-deaths,NCEI/WDS id 4084; Mw n/a; death bracket >= 1
ncei-4088,1956-01-12T05:46:00Z,minute,47.5,19.3,point,HUNGARY,earthquake,>=1,ncei-deaths,NCEI/WDS id 4088; Mw 5.8; death bracket >= 1
ncei-4092,1956-02-20T20:31:00Z,minute,40,30.5,point,TURKEY:  ESKISEHIR,earthquake,>=1,ncei-deaths,NCEI/WDS id 4092; Mw 5.8; death bracket >= 1
ncei-4094,1956-03-16T19:32:00Z,minute,35.5,35.5,point,LEBANON:  LITANI,earthquake,>=100,ncei-deaths,NCEI/WDS id 4094; Mw 5.8; death bracket >= 100
ncei-4095,1956-04-19T18:38:00Z,minute,37.183,-3.683,point,SPAIN,earthquake,>=10,ncei-deaths,NCEI/WDS id 4095; Mw 5; death bracket >= 10
ncei-4099,1956-06-09T00:00:00Z,day,35.1,67.5,point,AFGHANISTAN:  KABUL,earthquake,>=100,ncei-deaths,NCEI/WDS id 4099; Mw 7.6; death bracket >= 100
ncei-4100,1956-07-09T03:11:45Z,minute,36.664,25.957,point,GREECE:  DODECANESE,earthquake,>=10,ncei-deaths,NCEI/WDS id 4100; Mw 7.7; death bracket >= 10
ncei-4101,1956-07-16T15:07:12Z,minute,22.178,95.781,point,MYANMAR (BURMA),earthquake,>=10,ncei-deaths,NCEI/WDS id 4101; Mw 6.8; death bracket >= 10
ncei-4103,1956-07-21T15:32:30Z,minute,23.278,70.107,point,INDIA:  ANJAR; BHUJ; GANDHIDHAM; KANDLA,earthquake,>=100,ncei-deaths,NCEI/WDS id 4103; Mw 6; death bracket >= 100
ncei-4107,1956-10-31T14:03:47Z,minute,27.407,54.462,point,IRAN:  BASTAK,earthquake,>=100,ncei-deaths,NCEI/WDS id 4107; Mw 6.4; death bracket >= 100
ncei-4111,1957-02-20T04:41:01Z,minute,36.2,8.9,point,TUNISIA:  SIDI ABID;SIDI TOUIL (LA MEDJA);CAILLOUX,earthquake,>=10,ncei-deaths,NCEI/WDS id 4111; Mw 5.6; death bracket >= 10
ncei-4112,1957-02-23T20:26:14Z,minute,23.9,121.6,point,TAIWAN:  HUALIEN; TAIPEI,earthquake,>=10,ncei-deaths,NCEI/WDS id 4112; Mw 7.2; death bracket >= 10
ncei-4114,1957-03-08T12:21:14Z,minute,39.4,22.8,point,GREECE:  STEPHANOVIKION-VELESTNON (MAGNESIA),earthquake,>=1,ncei-deaths,NCEI/WDS id 4114; Mw 7; death bracket >= 1
ncei-4122,1957-04-23T00:00:00Z,day,33.4,52.5,point,IRAN:  KACHU MESQAL,earthquake,>=10,ncei-deaths,NCEI/WDS id 4122; Mw n/a; death bracket >= 10
ncei-4125,1957-04-25T02:25:41Z,minute,36.405,28.699,point,TURKEY:  FETHIYE (LYCIA; ASIA MINOR),earthquake,>=10,ncei-deaths,NCEI/WDS id 4125; Mw 7.3; death bracket >= 10
ncei-4130,1957-05-26T06:33:38Z,minute,40.73,31.09,point,TURKEY:  ABANT,earthquake,>=10,ncei-deaths,NCEI/WDS id 4130; Mw 7.1; death bracket >= 10
ncei-4137,1957-07-02T00:42:26Z,minute,36.277,52.778,point,IRAN:  HAZANDERAN; ABEGARM,earthquake,>=1000,ncei-deaths,NCEI/WDS id 4137; Mw 6.6; death bracket >= 1000
ncei-4139,1957-07-28T08:40:01Z,minute,16.5,-99.1,point,MEXICO:  ACAPULCO;MEXICO CITY,earthquake,>=10,ncei-deaths,NCEI/WDS id 4139; Mw 7.9; death bracket >= 10
ncei-4149,1957-12-04T03:37:45Z,minute,45.5,99.5,point,MONGOLIA,earthquake,>=10,ncei-deaths,NCEI/WDS id 4149; Mw 8.1; death bracket >= 10
ncei-4150,1957-12-13T01:45:04Z,minute,34.388,47.748,point,IRAN:  FARSINAJ,earthquake,>=1000,ncei-deaths,NCEI/WDS id 4150; Mw 6.5; death bracket >= 1000
ncei-4157,1958-01-15T19:14:31Z,minute,-16.25,-72.242,point,PERU: AREQUIPA,earthquake,>=10,ncei-deaths,NCEI/WDS id 4157; Mw 7; death bracket >= 10
ncei-4160,1958-01-19T14:07:27Z,minute,1.5,-79.5,point,COLOMBIA-ECUADOR,earthquake,>=100,ncei-deaths,NCEI/WDS id 4160; Mw 7.6; death bracket >= 100
ncei-4172,1958-08-16T19:13:48Z,minute,34.29,47.867,point,IRAN:  FIRUZABAD,earthquake,>=100,ncei-deaths,NCEI/WDS id 4172; Mw 6.7; death bracket >= 100
ncei-4175,1958-09-04T21:51:16Z,minute,-33.785,-70.112,point,CHILE-ARGENTINA,earthquake,>=1,ncei-deaths,NCEI/WDS id 4175; Mw 6.8; death bracket >= 1
ncei-4176,1958-09-21T16:18:00Z,minute,36,49,point,IRAN,earthquake,>=10,ncei-deaths,NCEI/WDS id 4176; Mw 5.2; death bracket >= 10
ncei-4178,1958-10-20T01:12:37Z,minute,-9.5,112.5,point,INDONESIA:  JAVA:  MALANG,earthquake,>=1,ncei-deaths,NCEI/WDS id 4178; Mw 6.7; death bracket >= 1
ncei-4188,1959-04-26T20:40:38Z,minute,24.78,122.7,point,TAIWAN:  TAIPEI,earthquake,>=1,ncei-deaths,NCEI/WDS id 4188; Mw 7.5; death bracket >= 1
ncei-4192,1959-05-04T07:15:42Z,minute,52.5,159.5,point,RUSSIA:  NEAR EAST COAST OF KAMCHATKA,earthquake,>=1,ncei-deaths,NCEI/WDS id 4192; Mw 8.2; death bracket >= 1
ncei-4195,1959-06-14T00:12:06Z,minute,-20.369,-68,point,BOLIVIA-NORTHERN CHILE,earthquake,>=1,ncei-deaths,NCEI/WDS id 4195; Mw 7.5; death bracket >= 1
ncei-4197,1959-08-15T08:57:03Z,minute,22.18,121.13,point,TAIWAN,earthquake,>=10,ncei-deaths,NCEI/WDS id 4197; Mw 7; death bracket >= 10
ncei-4199,1959-08-18T06:37:20Z,minute,44.63,-110.891,point,MONTANA:  HEBGEN LAKE,earthquake,>=10,ncei-deaths,NCEI/WDS id 4199; Mw 7.2; death bracket >= 10
ncei-4201,1959-08-26T08:25:31Z,minute,18.3,-94.4,point,MEXICO:  GULF OF CAMPECHE,earthquake,>=10,ncei-deaths,NCEI/WDS id 4201; Mw 6.9; death bracket >= 10
ncei-4203,1959-09-01T11:37:00Z,minute,40.9,19.8,point,ALBANIA,earthquake,>=1,ncei-deaths,NCEI/WDS id 4203; Mw 6.1; death bracket >= 1
ncei-4206,1959-10-25T15:57:00Z,minute,39.1,41.6,point,TURKEY:  NINIA,earthquake,>=10,ncei-deaths,NCEI/WDS id 4206; Mw 6.2; death bracket >= 10
ncei-4209,1959-12-24T12:50:00Z,minute,-13.5,-74,point,PERU:  AYACUCHO;POMABAMBA;MOYOBAMBA;HUAHUAPUQUIO,earthquake,>=1,ncei-deaths,NCEI/WDS id 4209; Mw n/a; death bracket >= 1
ncei-4211,1960-01-13T15:40:34Z,minute,-15.75,-72.75,point,PERU:  AREQUIPA;CHUQUIBAMBA;CARAVELI;COTAHUASI,earthquake,>=10,ncei-deaths,NCEI/WDS id 4211; Mw 7.8; death bracket >= 10
ncei-4214,1960-02-21T08:13:31Z,minute,36,4.1,point,ALGERIA:  MELOUZA,earthquake,>=10,ncei-deaths,NCEI/WDS id 4214; Mw 5.6; death bracket >= 10
ncei-4216,1960-02-29T23:40:14Z,minute,30.45,-9.62,point,MOROCCO:  AGADIR,earthquake,>=10000,ncei-deaths,NCEI/WDS id 4216; Mw 5.9; death bracket >= 10000
ncei-4220,1960-04-24T12:14:31Z,minute,27.814,54.497,point,IRAN:  LAR,earthquake,>=100,ncei-deaths,NCEI/WDS id 4220; Mw 5.9; death bracket >= 100
ncei-4227,1960-05-22T19:11:17Z,minute,-38.143,-73.407,point,CHILE:  PUERTO MONTT; VALDIVIA,earthquake,>=1000,ncei-deaths,NCEI/WDS id 4227; Mw 9.5; death bracket >= 1000
ncei-4228,1960-05-26T05:10:00Z,minute,40,20,point,GREECE-ALBANIA,earthquake,>=1,ncei-deaths,NCEI/WDS id 4228; Mw 6.5; death bracket >= 1
ncei-4229,1960-07-30T02:04:00Z,minute,-1.5,-79,point,ECUADOR,earthquake,>=10,ncei-deaths,NCEI/WDS id 4229; Mw n/a; death bracket >= 10
ncei-4232,1960-09-22T09:05:32Z,minute,-3.6,29,point,CONGO:  LAKE TANGANYIKA,earthquake,>=10,ncei-deaths,NCEI/WDS id 4232; Mw 6.6; death bracket >= 10
ncei-4233,1960-10-07T00:00:00Z,day,11.1,122.3,point,PHILIPPINES:  PANAY,earthquake,>=1,ncei-deaths,NCEI/WDS id 4233; Mw n/a; death bracket >= 1
ncei-4238,1961-02-26T18:10:48Z,minute,31.6,131.8,point,JAPAN:  MIYAZAKI,earthquake,>=1,ncei-deaths,NCEI/WDS id 4238; Mw 7.3; death bracket >= 1
ncei-4240,1961-03-16T13:45:35Z,minute,-8.2,122,point,INDONESIA:  FLORES:  ENDEH,earthquake,>=1,ncei-deaths,NCEI/WDS id 4240; Mw 6.5; death bracket >= 1
ncei-4241,1961-03-24T10:36:00Z,minute,38,15.3,point,ITALY:  SICILY,earthquake,>=10,ncei-deaths,NCEI/WDS id 4241; Mw n/a; death bracket >= 10
ncei-4243,1961-06-01T23:29:25Z,minute,10.466,39.717,point,ETHIOPIA:  KARAKORE,earthquake,>=100,ncei-deaths,NCEI/WDS id 4243; Mw 6.2; death bracket >= 100
ncei-4246,1961-06-11T05:10:28Z,minute,27.861,54.528,point,IRAN:  DEHKUYEH;KHANEH;LAR;SHAGHEB;NOKHRIZ;BIGHU,earthquake,>=10,ncei-deaths,NCEI/WDS id 4246; Mw 6.4; death bracket >= 10
ncei-4247,1961-06-27T00:49:00Z,minute,33.5,49.4,point,IRAN,earthquake,>=1,ncei-deaths,NCEI/WDS id 4247; Mw n/a; death bracket >= 1
ncei-4248,1961-08-19T05:33:00Z,minute,36,136.7,point,JAPAN:  HONSHU:  W COAST,earthquake,>=10,ncei-deaths,NCEI/WDS id 4248; Mw 7.3; death bracket >= 10
ncei-4253,1961-10-14T07:01:00Z,minute,33.6,48.1,point,IRAN,earthquake,>=1,ncei-deaths,NCEI/WDS id 4253; Mw n/a; death bracket >= 1
ncei-4254,1961-12-20T13:25:00Z,minute,4.49,-75.51,point,COLOMBIA: EJE CAFETERO,earthquake,>=10,ncei-deaths,NCEI/WDS id 4254; Mw 6.8; death bracket >= 10
ncei-4255,1962-01-07T10:03:00Z,minute,43.3,17.1,point,BALKANS NW:  CROATIA,earthquake,>=1,ncei-deaths,NCEI/WDS id 4255; Mw 5.9; death bracket >= 1
ncei-4256,1962-01-11T05:05:00Z,minute,43.3,17.1,point,BALKANS NW:  CROATIA,earthquake,>=1,ncei-deaths,NCEI/WDS id 4256; Mw 6.1; death bracket >= 1
ncei-4259,1962-03-18T15:30:00Z,minute,40.9,19.5,point,ALBANIA,earthquake,>=10,ncei-deaths,NCEI/WDS id 4259; Mw 6; death bracket >= 10
ncei-4260,1962-04-01T00:45:13Z,minute,33.32,58.845,point,IRAN:  MUSSAVIEH,earthquake,>=10,ncei-deaths,NCEI/WDS id 4260; Mw 5.8; death bracket >= 10
ncei-4261,1962-04-18T19:14:41Z,minute,-9.941,-78.933,point,PERU:  CASMA;HUARAZ;QUIRUVILCA;TRUJILLO,earthquake,>=1,ncei-deaths,NCEI/WDS id 4261; Mw 6.4; death bracket >= 1
ncei-4264,1962-04-30T02:26:30Z,minute,38.8,140.9,point,JAPAN:  HONSHU:  SENDAI,earthquake,>=1,ncei-deaths,NCEI/WDS id 4264; Mw 6.8; death bracket >= 1
ncei-4265,1962-05-11T14:11:54Z,minute,17.2,-99.6,point,MEXICO:  S,earthquake,>=1,ncei-deaths,NCEI/WDS id 4265; Mw 7; death bracket >= 1
ncei-4266,1962-05-19T14:58:15Z,minute,17.2,-99.5,point,MEXICO:  S,earthquake,>=1,ncei-deaths,NCEI/WDS id 4266; Mw 7.2; death bracket >= 1
ncei-4270,1962-07-30T20:18:52Z,minute,5.2,-76.4,point,COLOMBIA:  MISTRATO; MANIZALES,earthquake,>=10,ncei-deaths,NCEI/WDS id 4270; Mw 6.8; death bracket >= 10
ncei-4272,1962-08-21T18:19:00Z,minute,41.4,15.5,point,ITALY:  S,earthquake,>=10,ncei-deaths,NCEI/WDS id 4272; Mw 6.1; death bracket >= 10
ncei-4273,1962-08-28T10:59:00Z,minute,37.8,22.9,point,GREECE:  S,earthquake,>=1,ncei-deaths,NCEI/WDS id 4273; Mw 6.8; death bracket >= 1
ncei-4276,1962-09-01T19:20:39Z,minute,35.63,49.87,point,IRAN:   BUYIN-ZARA,earthquake,>=10000,ncei-deaths,NCEI/WDS id 4276; Mw 7.2; death bracket >= 10000
ncei-4277,1962-09-04T22:59:00Z,minute,39.9,43.9,point,TURKEY:  IGDIR,earthquake,>=1,ncei-deaths,NCEI/WDS id 4277; Mw 5.5; death bracket >= 1
ncei-4279,1962-10-05T20:02:00Z,minute,35.1,58.7,point,IRAN:  TORBAT HEYDARIYEH; AKHMEDABAD,earthquake,>=1,ncei-deaths,NCEI/WDS id 4279; Mw 5; death bracket >= 1
ncei-4283,1963-02-13T08:50:04Z,minute,24.5,122.1,point,TAIWAN:  TAIPEI; HSINCH,earthquake,>=10,ncei-deaths,NCEI/WDS id 4283; Mw 7.3; death bracket >= 10
ncei-4285,1963-02-21T17:14:31Z,minute,32.6,21,point,LIBYA:  BARCE (AL MARJ),earthquake,>=100,ncei-deaths,NCEI/WDS id 4285; Mw 5.4; death bracket >= 100
ncei-4290,1963-03-31T02:27:06Z,minute,37,57.9,point,IRAN:  HENDOJAN,earthquake,>=1,ncei-deaths,NCEI/WDS id 4290; Mw 5; death bracket >= 1
ncei-4297,1963-07-26T04:17:12Z,minute,42.1,21.3,point,BALKANS NW:  MACEDONIA:  SKOPJE,earthquake,>=1000,ncei-deaths,NCEI/WDS id 4297; Mw 6; death bracket >= 1000
ncei-4299,1963-07-29T06:10:00Z,minute,27.8,55.6,point,IRAN:  GAHKOM;LAIGAZAN;PATKUIYEH;GOLRUIYEH;GANJ,earthquake,>=1,ncei-deaths,NCEI/WDS id 4299; Mw 5.2; death bracket >= 1
ncei-4302,1963-09-02T01:34:00Z,minute,33.9,74.8,point,INDIA:  KASHMIR:  SW,earthquake,>=10,ncei-deaths,NCEI/WDS id 4302; Mw 5.3; death bracket >= 10
ncei-4303,1963-09-24T16:30:16Z,minute,-10.385,-78.022,point,PERU:  HUAYLLACAYAN;CAJACAY;MALYAS;MALVAS;HUARAZ,earthquake,>=1,ncei-deaths,NCEI/WDS id 4303; Mw 7; death bracket >= 1
ncei-4307,1964-01-08T22:30:49Z,minute,-3.7,119.4,point,INDONESIA:  SULAWESI:  PINRANG,earthquake,>=1,ncei-deaths,NCEI/WDS id 4307; Mw 5.2; death bracket >= 1
ncei-4308,1964-01-18T12:04:41Z,minute,23.2,120.6,point,TAIWAN:  TAINAN,earthquake,>=100,ncei-deaths,NCEI/WDS id 4308; Mw 7; death bracket >= 100
ncei-4311,1964-03-28T03:36:16Z,minute,60.908,-147.339,point,ALASKA,earthquake,>=10,ncei-deaths,NCEI/WDS id 4311; Mw 9.2; death bracket >= 10
ncei-4316,1964-04-13T08:30:00Z,minute,45.3,18.1,point,BALKANS NW:  CROATIA,earthquake,>=1,ncei-deaths,NCEI/WDS id 4316; Mw 6; death bracket >= 1
ncei-4317,1964-05-07T05:45:00Z,minute,-4,34.9,point,TANZANIA,earthquake,>=1,ncei-deaths,NCEI/WDS id 4317; Mw 6; death bracket >= 1
ncei-4320,1964-06-14T12:16:00Z,minute,38.1,38.3,point,TURKEY:  MALATYA;ADIYAMAN,earthquake,>=1,ncei-deaths,NCEI/WDS id 4320; Mw 6.1; death bracket >= 1
ncei-4322,1964-06-16T04:01:41Z,minute,38.384,139.232,point,JAPAN:  HONSHU:  W COAST,earthquake,>=10,ncei-deaths,NCEI/WDS id 4322; Mw 7.6; death bracket >= 10
ncei-4326,1964-07-06T07:22:13Z,minute,18.136,-100.605,point,MEXICO:  GUERRERO,earthquake,>=10,ncei-deaths,NCEI/WDS id 4326; Mw 7.3; death bracket >= 10
ncei-4329,1964-10-06T14:31:25Z,minute,40.203,28.206,point,TURKEY:  MANYAS; BURSA; BALIKESIR,earthquake,>=10,ncei-deaths,NCEI/WDS id 4329; Mw 6.8; death bracket >= 10
ncei-4333,1965-01-01T21:38:29Z,minute,35.7,4.4,point,ALGERIA:  M'SILA,earthquake,>=1,ncei-deaths,NCEI/WDS id 4333; Mw 5.5; death bracket >= 1
ncei-4334,1965-01-24T00:11:12Z,minute,-2.4,126.1,point,INDONESIA:  SANANA ISLAND,earthquake,>=10,ncei-deaths,NCEI/WDS id 4334; Mw 7.6; death bracket >= 10
ncei-4340,1965-02-10T16:09:52Z,minute,37.684,46.998,point,IRAN:  NW,earthquake,>=10,ncei-deaths,NCEI/WDS id 4340; Mw 5.3; death bracket >= 10
ncei-4341,1965-03-09T17:57:53Z,minute,39.4,24,point,GREECE:  ALONISOS; SKOPELOS,earthquake,>=10,ncei-deaths,NCEI/WDS id 4341; Mw 6.3; death bracket >= 10
ncei-4345,1965-03-28T16:33:00Z,minute,-32.4,-71.2,point,CHILE:  CENTRAL,earthquake,>=100,ncei-deaths,NCEI/WDS id 4345; Mw 7.3; death bracket >= 100
ncei-4349,1965-03-31T09:47:00Z,minute,38.6,22.4,point,GREECE,earthquake,>=1,ncei-deaths,NCEI/WDS id 4349; Mw 7.1; death bracket >= 1
ncei-4350,1965-04-05T03:12:54Z,minute,37.7,21.8,point,GREECE:  SOUTHERN,earthquake,>=10,ncei-deaths,NCEI/WDS id 4350; Mw 6.2; death bracket >= 10
ncei-4351,1965-04-29T15:28:43Z,minute,47.4,-122.3,point,WASHINGTON:  SEATTLE,earthquake,>=1,ncei-deaths,NCEI/WDS id 4351; Mw 6.6; death bracket >= 1
ncei-4353,1965-05-03T10:01:35Z,minute,13.5,-89.3,point,EL SALVADOR:  SAN MARCOS,earthquake,>=100,ncei-deaths,NCEI/WDS id 4353; Mw 6; death bracket >= 100
ncei-4356,1965-08-23T19:46:02Z,minute,16.3,-95.8,point,MEXICO: MEXICO CITY; OAXACA,earthquake,>=1,ncei-deaths,NCEI/WDS id 4356; Mw 7.8; death bracket >= 1
ncei-4357,1966-02-05T02:01:48Z,minute,39.2,22,point,GREECE:  CENTRAL,earthquake,>=1,ncei-deaths,NCEI/WDS id 4357; Mw 6.3; death bracket >= 1
ncei-4358,1966-03-07T01:16:00Z,minute,39.1,41.6,point,TURKEY:  VARTO; MUS,earthquake,>=10,ncei-deaths,NCEI/WDS id 4358; Mw 6; death bracket >= 10
ncei-4359,1966-03-07T21:29:18Z,minute,37.308,114.919,point,CHINA:  HEBEI PROVINCE,earthquake,>=1000,ncei-deaths,NCEI/WDS id 4359; Mw 6.5; death bracket >= 1000
ncei-4360,1966-03-12T16:31:21Z,minute,24.1,122.6,point,TAIWAN,earthquake,>=1,ncei-deaths,NCEI/WDS id 4360; Mw 8; death bracket >= 1
ncei-4362,1966-03-20T01:42:53Z,minute,0.622,29.863,point,UGANDA: KICHWAMBA; BONDIBOGYO;  TANZANIA;  DR CONGO,earthquake,>=100,ncei-deaths,NCEI/WDS id 4362; Mw 6.6; death bracket >= 100
ncei-4366,1966-04-26T00:00:00Z,day,41.2,69.1,point,UZBEKISTAN:  TASHKENT,earthquake,>=10,ncei-deaths,NCEI/WDS id 4366; Mw n/a; death bracket >= 10
ncei-4369,1966-06-27T10:41:09Z,minute,29.554,80.854,point,NEPAL-INDIA,earthquake,>=10,ncei-deaths,NCEI/WDS id 4369; Mw 6.3; death bracket >= 10
ncei-4370,1966-07-03T00:00:00Z,day,38.5,41.3,point,TURKEY:  MUS,earthquake,>=10,ncei-deaths,NCEI/WDS id 4370; Mw n/a; death bracket >= 10
ncei-4372,1966-08-15T02:15:00Z,minute,28.7,78.9,point,INDIA:  N,earthquake,>=10,ncei-deaths,NCEI/WDS id 4372; Mw 5.6; death bracket >= 10
ncei-4376,1966-08-19T12:22:12Z,minute,39.235,41.572,point,TURKEY:  VARTO,earthquake,>=1000,ncei-deaths,NCEI/WDS id 4376; Mw 6.8; death bracket >= 1000
ncei-4377,1966-09-01T14:22:59Z,minute,37.459,22.155,point,GREECE:  SOUTHERN,earthquake,>=1,ncei-deaths,NCEI/WDS id 4377; Mw 5.5; death bracket >= 1
ncei-4378,1966-09-04T22:14:00Z,minute,4.62,-73.98,point,COLOMBIA,earthquake,>=1,ncei-deaths,NCEI/WDS id 4378; Mw 5.3; death bracket >= 1
ncei-4381,1966-10-17T21:41:56Z,minute,-10.748,-78.638,point,PERU:  LIMA;HUACHO;HUAURA; CHANCAY;SUPE;SAN NICOLAS,earthquake,>=100,ncei-deaths,NCEI/WDS id 4381; Mw 8.1; death bracket >= 100
ncei-4382,1966-10-29T02:39:29Z,minute,39.2,21.2,point,GREECE:  CENTRAL,earthquake,>=1,ncei-deaths,NCEI/WDS id 4382; Mw 5.7; death bracket >= 1
ncei-4383,1966-12-28T08:18:07Z,minute,-25.5,-70.7,point,CHILE:  TALTAL; CATALINA,earthquake,>=1,ncei-deaths,NCEI/WDS id 4383; Mw 7.8; death bracket >= 1
ncei-4391,1967-02-09T15:24:00Z,minute,2.85,-74.8,point,COLOMBIA:  HUILA; NEIVA; RIVERA;SAN ANTONIO,earthquake,>=10,ncei-deaths,NCEI/WDS id 4391; Mw 7; death bracket >= 10
ncei-4394,1967-02-19T22:14:35Z,minute,-9.2,113.1,point,INDONESIA:  JAVA:  DAMPIT;GONDANG;TRENGGALEK,earthquake,>=10,ncei-deaths,NCEI/WDS id 4394; Mw 6.8; death bracket >= 10
ncei-4396,1967-04-11T05:09:12Z,minute,-3.7,119.3,point,INDONESIA:  MAKASSAR STRAIT,earthquake,>=10,ncei-deaths,NCEI/WDS id 4396; Mw 5.5; death bracket >= 10
ncei-4397,1967-04-12T04:51:50Z,minute,5.5,97.3,point,INDONESIA-MALAYSIA:  N SUMATERA;MALAY PENINSULA,earthquake,>=10,ncei-deaths,NCEI/WDS id 4397; Mw 6.1; death bracket >= 10
ncei-4398,1967-05-01T07:09:01Z,minute,39.513,21.304,point,GREECE,earthquake,>=1,ncei-deaths,NCEI/WDS id 4398; Mw 5.9; death bracket >= 1
ncei-4399,1967-07-13T02:10:20Z,minute,35.5,-0.1,point,ALGERIA:  NEAR SIG,earthquake,>=10,ncei-deaths,NCEI/WDS id 4399; Mw 5; death bracket >= 10
ncei-4403,1967-07-22T16:57:00Z,minute,40.751,30.8,point,TURKEY:  MUDURNU; ADAPAZARI,earthquake,>=10,ncei-deaths,NCEI/WDS id 4403; Mw 7.3; death bracket >= 10
ncei-4404,1967-07-26T18:53:00Z,minute,39.5,40.4,point,TURKEY:  TUNCELI,earthquake,>=10,ncei-deaths,NCEI/WDS id 4404; Mw 6.2; death bracket >= 10
ncei-4407,1967-07-29T10:24:24Z,minute,6.747,-73.03,point,COLOMBIA,earthquake,>=10,ncei-deaths,NCEI/WDS id 4407; Mw 6.8; death bracket >= 10
ncei-4410,1967-07-30T00:04:22Z,minute,10.559,-67.33,point,VENEZUELA,earthquake,>=100,ncei-deaths,NCEI/WDS id 4410; Mw 6.6; death bracket >= 100
ncei-4414,1967-08-13T22:07:47Z,minute,43.2,-0.5,point,FRANCE:  ARETTE;LANNE;MONTORY;ARAMITS;HAUX;SUNHAR,earthquake,>=1,ncei-deaths,NCEI/WDS id 4414; Mw 5.3; death bracket >= 1
ncei-4416,1967-10-25T00:59:22Z,minute,24.5,122.2,point,TAIWAN:  HUALIEN,earthquake,>=1,ncei-deaths,NCEI/WDS id 4416; Mw 7; death bracket >= 1
ncei-4417,1967-11-30T07:23:00Z,minute,41.5,20.5,point,ALBANIA,earthquake,>=10,ncei-deaths,NCEI/WDS id 4417; Mw 6.5; death bracket >= 10
ncei-4421,1967-12-10T22:51:23Z,minute,17.412,73.885,point,INDIA,earthquake,>=100,ncei-deaths,NCEI/WDS id 4421; Mw 6.6; death bracket >= 100
ncei-4425,1968-01-15T02:01:08Z,minute,37.9,13.1,point,ITALY:  SICILY,earthquake,>=100,ncei-deaths,NCEI/WDS id 4425; Mw 6; death bracket >= 100
ncei-4428,1968-02-19T22:45:45Z,minute,39.368,24.957,point,GREECE:  AEGEAN SEA:  ST EUSTRATIOS,earthquake,>=10,ncei-deaths,NCEI/WDS id 4428; Mw 7.2; death bracket >= 10
ncei-4429,1968-02-21T01:45:00Z,minute,32,130.6,point,JAPAN:  KYUSHU,earthquake,>=1,ncei-deaths,NCEI/WDS id 4429; Mw 6.3; death bracket >= 1
ncei-4430,1968-02-25T00:00:00Z,day,36.08,5.07,point,ALGERIA:  EL ALEN (BABORD),earthquake,>=1,ncei-deaths,NCEI/WDS id 4430; Mw 4.9; death bracket >= 1
ncei-4432,1968-04-01T00:42:04Z,minute,32.3,132.5,point,JAPAN:  KYUSHU; SHIKOKU,earthquake,>=1,ncei-deaths,NCEI/WDS id 4432; Mw 7.5; death bracket >= 1
ncei-4434,1968-04-29T17:01:57Z,minute,39.253,44.203,point,IRAN:  MAKU;SHAH BANDALU;QURTA BOLAGH;QONDEQLI,earthquake,>=10,ncei-deaths,NCEI/WDS id 4434; Mw 5.6; death bracket >= 10
ncei-4438,1968-05-16T00:48:55Z,minute,40.8,143.2,point,JAPAN:  OFF EAST COAST OF HONSHU ISLAND,earthquake,>=10,ncei-deaths,NCEI/WDS id 4438; Mw 8.2; death bracket >= 10
ncei-4440,1968-05-23T17:24:00Z,minute,-41.7,172,point,NEW ZEALAND:  SOUTH ISLAND:  NW COAST,earthquake,>=1,ncei-deaths,NCEI/WDS id 4440; Mw 7.1; death bracket >= 1
ncei-4445,1968-06-19T08:13:35Z,minute,-5.61,-77.086,point,PERU:  SAN MARTIN;MOYOBAMBA;YANTALO;RIOJA;LAMAS,earthquake,>=10,ncei-deaths,NCEI/WDS id 4445; Mw 6.8; death bracket >= 10
ncei-4448,1968-08-01T20:19:21Z,minute,16.5,122.2,point,PHILIPPINES:  LUZON:  MANILA,earthquake,>=100,ncei-deaths,NCEI/WDS id 4448; Mw 7.3; death bracket >= 100
ncei-4451,1968-08-02T14:06:43Z,minute,16.519,-97.739,point,MEXICO:  OAXACA; GUERRERO,earthquake,>=10,ncei-deaths,NCEI/WDS id 4451; Mw 7.3; death bracket >= 10
ncei-4456,1968-08-31T10:47:43Z,minute,34.158,59.083,point,IRAN:  DASHT-E-BAYAZ,earthquake,>=10000,ncei-deaths,NCEI/WDS id 4456; Mw 7.1; death bracket >= 10000
ncei-4459,1968-09-01T07:27:00Z,minute,34,58.2,point,IRAN:  FERDOW,earthquake,>=100,ncei-deaths,NCEI/WDS id 4459; Mw 6.2; death bracket >= 100
ncei-4460,1968-09-03T08:19:52Z,minute,41.8,32.3,point,TURKEY:  BARTIN; AMASRA; CAKRAZ,earthquake,>=10,ncei-deaths,NCEI/WDS id 4460; Mw 6.6; death bracket >= 10
ncei-4463,1968-09-20T06:00:05Z,minute,10.697,-62.748,point,VENEZUELA:  CARUPANO,earthquake,>=1,ncei-deaths,NCEI/WDS id 4463; Mw 6.5; death bracket >= 1
ncei-4464,1968-09-24T04:19:00Z,minute,39.2,40.1,point,TURKEY,earthquake,>=1,ncei-deaths,NCEI/WDS id 4464; Mw 5.1; death bracket >= 1
ncei-4465,1968-09-25T10:38:39Z,minute,15.573,-92.536,point,MEXICO-GUATEMALA:  S CHIAPAS,earthquake,>=10,ncei-deaths,NCEI/WDS id 4465; Mw 6.1; death bracket >= 10
ncei-4470,1968-11-03T04:49:00Z,minute,42.1,19.3,point,BALKANS NW:  MONTENEGRO,earthquake,>=1,ncei-deaths,NCEI/WDS id 4470; Mw 5.3; death bracket >= 1
ncei-4471,1969-01-03T03:16:40Z,minute,37.14,57.899,point,IRAN:  NE KHURASAN PROVINCE,earthquake,>=10,ncei-deaths,NCEI/WDS id 4471; Mw 5.5; death bracket >= 10
ncei-4476,1969-02-23T00:36:58Z,minute,-3.201,118.904,point,INDONESIA:  SULAWESI:  PARASANGA; PALETOANG,earthquake,>=10,ncei-deaths,NCEI/WDS id 4476; Mw 7; death bracket >= 10
ncei-4477,1969-02-28T02:40:32Z,minute,36.017,-10.95,point,PORTUGAL; MOROCCO:  RABAT; SALE; SPAIN:  CANARY IS,earthquake,>=10,ncei-deaths,NCEI/WDS id 4477; Mw 7.8; death bracket >= 10
ncei-4482,1969-03-28T01:48:00Z,minute,38.6,28.4,point,TURKEY:  ALASEHIR; SARIGOL; KIRAZ,earthquake,>=10,ncei-deaths,NCEI/WDS id 4482; Mw 6.5; death bracket >= 10
ncei-4483,1969-03-29T09:15:53Z,minute,11.875,41.208,point,ETHIOPIA:  SARDO,earthquake,>=10,ncei-deaths,NCEI/WDS id 4483; Mw 6.2; death bracket >= 10
ncei-4486,1969-03-31T07:15:54Z,minute,27.7,34,point,EGYPT:  BENI-SOUEF; AL-QAHIRAH (CAIRO),earthquake,>=1,ncei-deaths,NCEI/WDS id 4486; Mw 7; death bracket >= 1
ncei-4487,1969-04-03T22:12:00Z,minute,40.7,19.8,point,ALBANIA:  SOUTHERN,earthquake,>=1,ncei-deaths,NCEI/WDS id 4487; Mw 5.5; death bracket >= 1
ncei-4489,1969-07-18T05:24:50Z,minute,38.2,119.4,point,CHINA:  BOHAI SEA,earthquake,>=10,ncei-deaths,NCEI/WDS id 4489; Mw 7.4; death bracket >= 10
ncei-4492,1969-07-25T22:49:43Z,minute,22.317,111.8,point,CHINA:  GUANGDONG PROVINCE:  YANGJIANG COUNTY,earthquake,>=1000,ncei-deaths,NCEI/WDS id 4492; Mw 6.4; death bracket >= 1000
ncei-4495,1969-09-29T20:03:30Z,minute,-33.268,19.386,point,SOUTH AFRICA:  CAPE PROVINCE,earthquake,>=10,ncei-deaths,NCEI/WDS id 4495; Mw 6.3; death bracket >= 10
ncei-4497,1969-10-01T05:05:48Z,minute,-11.841,-75.051,point,PERU:  HUAYTAPALLANA; LAMPA; CHILIFRUTA,earthquake,>=100,ncei-deaths,NCEI/WDS id 4497; Mw 6.6; death bracket >= 100
ncei-4502,1969-10-02T04:56:46Z,minute,38.467,-122.692,point,CALIFORNIA:  SANTA ROSA,earthquake,>=1,ncei-deaths,NCEI/WDS id 4502; Mw 4.8; death bracket >= 1
ncei-4506,1969-10-26T15:36:00Z,minute,44.9,17.3,point,BALKANS NW:  BOSNIA-HERZEGOVINA:  BANJA LUKA,earthquake,>=10,ncei-deaths,NCEI/WDS id 4506; Mw 6; death bracket >= 10
ncei-4507,1969-10-27T08:10:00Z,minute,44.9,17.2,point,BALKANS NW:  BOSNIA-HERZEGOVINA:  KAKASI; JABLAN,earthquake,>=1,ncei-deaths,NCEI/WDS id 4507; Mw 6.4; death bracket >= 1
ncei-4513,1970-01-04T17:00:41Z,minute,24.157,102.474,point,CHINA:  YUNNAN PROVINCE; VIETNAM:  HANOI,earthquake,>=10000,ncei-deaths,NCEI/WDS id 4513; Mw 7.1; death bracket >= 10000
ncei-4515,1970-02-05T22:05:58Z,minute,12.6,122.1,point,PHILIPPINES:  LUZON; ROMBLON I; TABLAS I:  ODIONGAN,earthquake,>=1,ncei-deaths,NCEI/WDS id 4515; Mw 7.1; death bracket >= 1
ncei-4519,1970-02-14T11:17:16Z,minute,-9.9,-75.6,point,PERU:  PANAO;CHACLLA;QUERO;AYLLAMARCA;LA LINDA,earthquake,>=10,ncei-deaths,NCEI/WDS id 4519; Mw 5.4; death bracket >= 10
ncei-4520,1970-03-14T01:51:44Z,minute,38.6,44.7,point,IRAN:  BADALAN;QERIS;BATCHI;DIZEH;PESAK;HESAR,earthquake,>=1,ncei-deaths,NCEI/WDS id 4520; Mw 4.8; death bracket >= 1
ncei-4522,1970-03-23T01:52:59Z,minute,21.7,73,point,INDIA:  BROACH,earthquake,>=10,ncei-deaths,NCEI/WDS id 4522; Mw 5.4; death bracket >= 10
ncei-4523,1970-03-28T21:02:26Z,minute,39.098,29.57,point,TURKEY:  GEDIZ,earthquake,>=1000,ncei-deaths,NCEI/WDS id 4523; Mw 7.2; death bracket >= 1000
ncei-4526,1970-04-07T05:34:05Z,minute,15.78,121.71,point,PHILIPPINES:  LUZON,earthquake,>=10,ncei-deaths,NCEI/WDS id 4526; Mw 7.3; death bracket >= 10
ncei-4530,1970-05-14T18:12:26Z,minute,43.191,47.14,point,RUSSIA:  DAGESTAN,earthquake,>=10,ncei-deaths,NCEI/WDS id 4530; Mw 6.7; death bracket >= 10
ncei-4531,1970-05-31T20:23:27Z,minute,-9.2,-78.8,point,PERU: NORTHERN; PISCO; CHICLAYO,earthquake,>=10000,ncei-deaths,NCEI/WDS id 4531; Mw 7.9; death bracket >= 10000
ncei-4543,1970-07-30T00:52:19Z,minute,37.8,55.9,point,IRAN:  KARNAVEH; MAREV,earthquake,>=100,ncei-deaths,NCEI/WDS id 4543; Mw 6.7; death bracket >= 100
ncei-4544,1970-07-31T17:08:05Z,minute,-1.5,-72.6,point,PERU:  JUIN  PROVINCE FELT ARGENTINA TO MEXICO CITY,earthquake,>=1,ncei-deaths,NCEI/WDS id 4544; Mw 7.1; death bracket >= 1
ncei-4549,1970-07-02T02:24:35Z,minute,38.8,36.7,point,TURKEY:  SIVAS,earthquake,>=1,ncei-deaths,NCEI/WDS id 4549; Mw 4.9; death bracket >= 1
ncei-4550,1970-10-31T17:53:07Z,minute,-4.907,145.471,point,PAPUA NEW GUINEA:  MADANG,earthquake,>=10,ncei-deaths,NCEI/WDS id 4550; Mw 7.3; death bracket >= 10
ncei-4551,1970-12-10T04:34:38Z,minute,-4,-80.7,point,PERU:  N;  ECUADOR:  S,earthquake,>=10,ncei-deaths,NCEI/WDS id 4551; Mw 7.6; death bracket >= 10
ncei-4556,1971-02-06T18:09:09Z,minute,42.5,11.8,point,ITALY:  TUSCANIA,earthquake,>=10,ncei-deaths,NCEI/WDS id 4556; Mw 4.6; death bracket >= 10
ncei-4558,1971-02-09T14:00:41Z,minute,34.412,-118.4,point,CALIFORNIA:  SAN FERNANDO,earthquake,>=10,ncei-deaths,NCEI/WDS id 4558; Mw 6.5; death bracket >= 10
ncei-4559,1971-02-14T16:27:36Z,minute,36.6,55.6,point,IRAN:  JAILAN;BOKRAN;HOSSEINABAD;SHARIFABAD,earthquake,>=1,ncei-deaths,NCEI/WDS id 4559; Mw 5.3; death bracket >= 1
ncei-4561,1971-04-12T19:03:24Z,minute,28.363,55.737,point,IRAN:  TAZARJ;BARGHANY;MADANUIYEH;BARAFTAB;DARAGAH,earthquake,>=1,ncei-deaths,NCEI/WDS id 4561; Mw 6.1; death bracket >= 1
ncei-4562,1971-05-12T06:25:13Z,minute,37.6,29.8,point,TURKEY:  BURDUR,earthquake,>=10,ncei-deaths,NCEI/WDS id 4562; Mw 5.9; death bracket >= 10
ncei-4568,1971-06-16T14:44:22Z,minute,-7.2,109.1,point,INDONESIA:  JAVA:  BUARAN;BANTAR KAWSUN;JIPANG,earthquake,>=1,ncei-deaths,NCEI/WDS id 4568; Mw 5.2; death bracket >= 1
ncei-4570,1971-06-17T00:00:00Z,day,-25.5,-69.2,point,CHILE:  CATALINA; ANTOFAGASTA,earthquake,>=1,ncei-deaths,NCEI/WDS id 4570; Mw 6.3; death bracket >= 1
ncei-4572,1971-07-09T03:03:18Z,minute,-32.5,-71.2,point,CHILE:  CENTRAL,earthquake,>=10,ncei-deaths,NCEI/WDS id 4572; Mw 7.8; death bracket >= 10
ncei-4574,1971-07-14T06:11:29Z,minute,-5.5,153.9,point,PAPUA NEW GUINEA:  NEW IRELAND: BOUGAINVILLE,earthquake,>=1,ncei-deaths,NCEI/WDS id 4574; Mw 7.9; death bracket >= 1
ncei-4575,1971-07-15T01:33:22Z,minute,44.8,10.3,point,ITALY:  PARMA,earthquake,>=1,ncei-deaths,NCEI/WDS id 4575; Mw 5.2; death bracket >= 1
ncei-4578,1971-07-27T02:02:49Z,minute,-2.7,-77.4,point,PERU-ECUADOR:  GUAYAQUIL,earthquake,>=1,ncei-deaths,NCEI/WDS id 4578; Mw 6.3; death bracket >= 1
ncei-4579,1971-08-09T02:54:36Z,minute,36.3,52.7,point,IRAN:  BABOL-KENAR,earthquake,>=1,ncei-deaths,NCEI/WDS id 4579; Mw 5.3; death bracket >= 1
ncei-4584,1971-10-15T10:33:46Z,minute,-14.1,-73.3,point,PERU:  APURIMAC,earthquake,>=1,ncei-deaths,NCEI/WDS id 4584; Mw 5.7; death bracket >= 1
ncei-4586,1971-10-27T17:58:36Z,minute,-15.5,167.2,point,VANUATU ISLANDS:  ESPIRITU SANTO; PORT VILA,earthquake,>=1,ncei-deaths,NCEI/WDS id 4586; Mw 7.1; death bracket >= 1
ncei-4590,1972-01-25T02:06:23Z,minute,22.5,122.3,point,TAIWAN,earthquake,>=1,ncei-deaths,NCEI/WDS id 4590; Mw 7.5; death bracket >= 1
ncei-4593,1972-02-04T02:42:18Z,minute,43.8,13.3,point,ITALY:  CENTRAL; ANCONA,earthquake,>=1,ncei-deaths,NCEI/WDS id 4593; Mw 4.8; death bracket >= 1
ncei-4596,1972-03-20T07:33:49Z,minute,-6.8,-76.8,point,PERU:  JUANJUI,earthquake,>=10,ncei-deaths,NCEI/WDS id 4596; Mw 6.1; death bracket >= 10
ncei-4600,1972-04-10T02:06:51Z,minute,28.415,52.765,point,IRAN:  QIR;KARZIN; JAHROM; FIRUZABAD,earthquake,>=1000,ncei-deaths,NCEI/WDS id 4600; Mw 6.6; death bracket >= 1000
ncei-4603,1972-04-24T09:57:21Z,minute,23.6,121.6,point,TAIWAN:  HUALIEN,earthquake,>=1,ncei-deaths,NCEI/WDS id 4603; Mw 6.9; death bracket >= 1
ncei-4606,1972-06-21T15:06:53Z,minute,43.8,13.3,point,ITALY:  ANCONA,earthquake,>=1,ncei-deaths,NCEI/WDS id 4606; Mw 4.4; death bracket >= 1
ncei-4607,1972-06-24T15:29:22Z,minute,36.2,69.7,point,AFGHANISTAN:  HINDU KUSH:  SARSANGI; NARIN COUNTIES,earthquake,>=10,ncei-deaths,NCEI/WDS id 4607; Mw 6.1; death bracket >= 10
ncei-4610,1972-09-03T16:48:28Z,minute,36,73.4,point,PAKISTAN:  TANGIR; GUPIS; RAWALPINDI; PESHAWAR,earthquake,>=100,ncei-deaths,NCEI/WDS id 4610; Mw 6.2; death bracket >= 100
ncei-4619,1972-12-23T06:29:42Z,minute,12.4,-86.1,point,NICARAGUA:  MANAGUA,earthquake,>=10000,ncei-deaths,NCEI/WDS id 4619; Mw 6.2; death bracket >= 10000
ncei-4622,1973-01-30T21:01:12Z,minute,18.48,-103,point,MEXICO:  S; FARIAS; TECOMAN,earthquake,>=10,ncei-deaths,NCEI/WDS id 4622; Mw 7.5; death bracket >= 10
ncei-4632,1973-03-17T08:30:51Z,minute,13.4,122.8,point,PHILIPPINES:  QUEZON CITY:  CALAUG;LOPEZ;GUIAYANGAN,earthquake,>=10,ncei-deaths,NCEI/WDS id 4632; Mw 7.5; death bracket >= 10
ncei-4634,1973-04-14T08:34:00Z,minute,10.679,-84.759,point,COSTA RICA: TILARAN; ARENAL; RIO CHIQUITO,earthquake,>=10,ncei-deaths,NCEI/WDS id 4634; Mw 6.5; death bracket >= 10
ncei-4636,1973-04-24T21:30:09Z,minute,4.956,-78.144,point,COLOMBIA; SAN CRISTOBAL; VENEZUELA,earthquake,>=1,ncei-deaths,NCEI/WDS id 4636; Mw 6.5; death bracket >= 1
ncei-4642,1973-08-28T09:50:40Z,minute,18.27,-96.6,point,MEXICO:  VERACRUZ; MEXICO CITY,earthquake,>=100,ncei-deaths,NCEI/WDS id 4642; Mw 6.2; death bracket >= 100
ncei-4648,1973-11-11T07:14:53Z,minute,30.589,53.058,point,IRAN:  QESHLAGH;DEH BID,earthquake,>=1,ncei-deaths,NCEI/WDS id 4648; Mw 5.8; death bracket >= 1
ncei-4653,1974-01-05T08:33:50Z,minute,-12.3,-76.35,point,PERU:  LIMA; YAUYOS,earthquake,>=10,ncei-deaths,NCEI/WDS id 4653; Mw 6.3; death bracket >= 10
ncei-4654,1974-02-01T00:01:02Z,minute,38.6,27,point,TURKEY:  IZMIR,earthquake,>=1,ncei-deaths,NCEI/WDS id 4654; Mw 5.2; death bracket >= 1
ncei-4655,1974-04-18T01:19:22Z,minute,6.89,-72.93,point,COLOMBIA:  NE; CEPITA; SAN ANDREAS,earthquake,>=1,ncei-deaths,NCEI/WDS id 4655; Mw 5; death bracket >= 1
ncei-4656,1974-05-08T23:33:25Z,minute,34.5,138.7,point,JAPAN:  NAKAGI,earthquake,>=10,ncei-deaths,NCEI/WDS id 4656; Mw 6.5; death bracket >= 10
ncei-4658,1974-05-10T19:25:15Z,minute,28.24,104.01,point,CHINA:  YUNNAN AND SICHUAN PROVINCES; CHAO-T'UNG,earthquake,>=10000,ncei-deaths,NCEI/WDS id 4658; Mw 7.1; death bracket >= 10000
ncei-4659,1974-06-12T16:25:47Z,minute,10.56,-63.38,point,VENEZUELA,earthquake,>=1,ncei-deaths,NCEI/WDS id 4659; Mw 6.1; death bracket >= 1
ncei-4663,1974-07-13T01:18:22Z,minute,7.75,-77.69,point,COLOMBIA: BOGOTA; CALI; PEREIRA,earthquake,>=10,ncei-deaths,NCEI/WDS id 4663; Mw 7.3; death bracket >= 10
ncei-4664,1974-08-03T18:16:34Z,minute,36,139.82,point,JAPAN:  HONSHU:  KAKIOTA;  MITO; TOKYO,earthquake,>=1,ncei-deaths,NCEI/WDS id 4664; Mw 5.7; death bracket >= 1
ncei-4666,1974-10-03T14:21:29Z,minute,-12.27,-77.79,point,PERU:  LIMA; CALLAO,earthquake,>=10,ncei-deaths,NCEI/WDS id 4666; Mw 8.1; death bracket >= 10
ncei-4671,1974-12-28T12:11:43Z,minute,35.1,72.9,point,PAKISTAN:  BALAKOT; PATAN,earthquake,>=1000,ncei-deaths,NCEI/WDS id 4671; Mw 6.2; death bracket >= 1000
ncei-4677,1975-01-19T08:02:02Z,minute,32.46,78.43,point,INDIA:  KASHMIR:   KINNAUR DISTRICT,earthquake,>=10,ncei-deaths,NCEI/WDS id 4677; Mw 6.8; death bracket >= 10
ncei-4681,1975-02-04T11:36:07Z,minute,40.64,122.58,point,CHINA:  LIAONING PROVINCE:  YINGTAO; ANSHAN,earthquake,>=100,ncei-deaths,NCEI/WDS id 4681; Mw 7.4; death bracket >= 100
ncei-4683,1975-02-09T04:45:24Z,minute,-6.7,106.7,point,INDONESIA:  JAVA,earthquake,>=1,ncei-deaths,NCEI/WDS id 4683; Mw 5.6; death bracket >= 1
ncei-4684,1975-03-07T07:04:42Z,minute,27.5,56.26,point,IRAN:  SARKHUN;QALEH QAZI;QADHAD;NONG-E-BALA,earthquake,>=1,ncei-deaths,NCEI/WDS id 4684; Mw 6.1; death bracket >= 1
ncei-4688,1975-04-05T09:34:36Z,minute,10.04,-69.75,point,VENEZUELA,earthquake,>=1,ncei-deaths,NCEI/WDS id 4688; Mw 6.1; death bracket >= 1
ncei-4692,1975-07-08T12:04:42Z,minute,21.49,94.7,point,MYANMAR (BURMA): PAGAN (BAGAN),earthquake,>=1,ncei-deaths,NCEI/WDS id 4692; Mw 6.5; death bracket >= 1
ncei-4693,1975-07-11T07:18:46Z,minute,36.32,5.241,point,ALGERIA:  DJEBEL BABOR,earthquake,>=1,ncei-deaths,NCEI/WDS id 4693; Mw 4.3; death bracket >= 1
ncei-4697,1975-09-06T09:20:10Z,minute,38.474,40.723,point,TURKEY:  LICE,earthquake,>=1000,ncei-deaths,NCEI/WDS id 4697; Mw 6.7; death bracket >= 1000
ncei-4701,1975-09-21T14:16:36Z,minute,31.549,51.062,point,IRAN:  SARPIR;DORAHAN;DEH BAGH,earthquake,>=1,ncei-deaths,NCEI/WDS id 4701; Mw 5.5; death bracket >= 1
ncei-4703,1975-10-31T08:28:02Z,minute,12.54,125.993,point,PHILIPPINES,earthquake,>=1,ncei-deaths,NCEI/WDS id 4703; Mw 7.6; death bracket >= 1
ncei-4706,1975-12-31T09:45:47Z,minute,38.628,21.798,point,GREECE:  KATO-MAKRINOU,earthquake,>=1,ncei-deaths,NCEI/WDS id 4706; Mw 5.5; death bracket >= 1
ncei-4711,1976-02-04T09:01:43Z,minute,15.324,-89.101,point,GUATEMALA:  CHIMALTENANGO; GUATEMALA CITY,earthquake,>=10000,ncei-deaths,NCEI/WDS id 4711; Mw 7.5; death bracket >= 10000
ncei-4714,1976-03-13T16:30:41Z,minute,14.767,-91.061,point,GUATEMALA,earthquake,>=1,ncei-deaths,NCEI/WDS id 4714; Mw 5.1; death bracket >= 1
ncei-4715,1976-03-19T13:03:38Z,minute,36.61,67.79,point,AFGHANISTAN:  HINDU-KUSH:  SHAMAGAN PROVINCE,earthquake,>=10,ncei-deaths,NCEI/WDS id 4715; Mw 5.5; death bracket >= 10
ncei-4716,1976-03-25T11:55:39Z,minute,41.13,43.01,point,TURKEY,earthquake,>=1,ncei-deaths,NCEI/WDS id 4716; Mw 4.8; death bracket >= 1
ncei-4718,1976-04-09T07:08:47Z,minute,0.78,-79.8,point,ECUADOR:  ESMERALDOS,earthquake,>=10,ncei-deaths,NCEI/WDS id 4718; Mw 6.7; death bracket >= 10
ncei-4719,1976-04-29T22:18:09Z,minute,40.89,42.85,point,TURKEY,earthquake,>=1,ncei-deaths,NCEI/WDS id 4719; Mw 5.5; death bracket >= 1
ncei-4720,1976-05-06T20:00:11Z,minute,46.356,13.275,point,ITALY:  NE; BALKANS NW:   SLOVENIA: NW,earthquake,>=100,ncei-deaths,NCEI/WDS id 4720; Mw 6.5; death bracket >= 100
ncei-4729,1976-06-25T19:18:56Z,minute,-4.603,140.091,point,INDONESIA:  NEW GUINEA:  IRIAN JAYA,earthquake,>=1000,ncei-deaths,NCEI/WDS id 4729; Mw 7.1; death bracket >= 1000
ncei-4731,1976-07-14T07:13:24Z,minute,-8.17,114.888,point,INDONESIA:  BALI,earthquake,>=100,ncei-deaths,NCEI/WDS id 4731; Mw 6.5; death bracket >= 100
ncei-4735,1976-07-27T19:42:54Z,minute,39.57,117.98,point,CHINA:  NE:  TANGSHAN,earthquake,>=100000,ncei-deaths,NCEI/WDS id 4735; Mw 7.5; death bracket >= 100000
ncei-4739,1976-08-16T16:11:07Z,minute,6.292,124.09,point,PHILIPPINES:  MINDANAO:  S,earthquake,>=1000,ncei-deaths,NCEI/WDS id 4739; Mw 8; death bracket >= 1000
ncei-4741,1976-08-19T01:12:36Z,minute,37.7,28.89,point,TURKEY:  DENIZLI,earthquake,>=1,ncei-deaths,NCEI/WDS id 4741; Mw 4.9; death bracket >= 1
ncei-4742,1976-09-11T16:31:12Z,minute,46.28,13.157,point,ITALY:  NORTHEASTERN,earthquake,>=1,ncei-deaths,NCEI/WDS id 4742; Mw 5.5; death bracket >= 1
ncei-4743,1976-09-15T03:15:19Z,minute,46.302,13.197,point,ITALY:  NORTHEASTERN,earthquake,>=10,ncei-deaths,NCEI/WDS id 4743; Mw 6; death bracket >= 10
ncei-4746,1976-10-29T02:51:07Z,minute,-4.517,139.918,point,INDONESIA:  NEW GUINEA:  IRIAN JAYA:  JAYAWIJAYA,earthquake,>=100,ncei-deaths,NCEI/WDS id 4746; Mw 7.1; death bracket >= 100
ncei-4748,1976-11-07T04:00:53Z,minute,33.846,59.208,point,IRAN:  KHORASAN PROVINCE,earthquake,>=10,ncei-deaths,NCEI/WDS id 4748; Mw 6; death bracket >= 10
ncei-4752,1976-11-24T12:22:17Z,minute,39.058,44.03,point,TURKEY:  MURADIYE,earthquake,>=1000,ncei-deaths,NCEI/WDS id 4752; Mw 7; death bracket >= 1000
ncei-4755,1976-11-30T00:40:57Z,minute,-20.52,-68.92,point,CHILE:  POZO ALMONTE; OFICINA VICTORIA; ARICA,earthquake,>=1,ncei-deaths,NCEI/WDS id 4755; Mw 7.3; death bracket >= 1
ncei-4756,1976-12-08T08:38:25Z,minute,-27.953,26.653,point,SOUTH AFRICA,earthquake,>=1,ncei-deaths,NCEI/WDS id 4756; Mw 5.2; death bracket >= 1
ncei-4757,1976-12-27T00:00:00Z,day,39,44,point,IRAN:  SADAL;DALAK DASHI;AB-E-GARM;SIAH CHESHMEH,earthquake,>=1,ncei-deaths,NCEI/WDS id 4757; Mw n/a; death bracket >= 1
ncei-4760,1977-03-04T19:21:55Z,minute,45.777,26.703,point,ROMANIA:  BUCHAREST,earthquake,>=1000,ncei-deaths,NCEI/WDS id 4760; Mw 7.5; death bracket >= 1000
ncei-4764,1977-03-18T21:43:52Z,minute,16.77,122.33,point,PHILIPPINES:  LUZON:  MANILA,earthquake,>=1,ncei-deaths,NCEI/WDS id 4764; Mw 7.3; death bracket >= 1
ncei-4765,1977-03-21T21:18:53Z,minute,27.584,56.378,point,IRAN:  BANDAR ABBAS,earthquake,>=100,ncei-deaths,NCEI/WDS id 4765; Mw 6.7; death bracket >= 100
ncei-4767,1977-03-25T02:39:58Z,minute,38.56,40.02,point,TURKEY,earthquake,>=10,ncei-deaths,NCEI/WDS id 4767; Mw 4.9; death bracket >= 10
ncei-4772,1977-04-06T13:36:36Z,minute,31.845,50.711,point,IRAN:  NAGHAN;ARDAL;JAGHDAN;DASTGERD;KORDAN;SARMUR,earthquake,>=100,ncei-deaths,NCEI/WDS id 4772; Mw 6; death bracket >= 100
ncei-4774,1977-04-21T04:24:09Z,minute,-9.965,160.731,point,SOLOMON ISLANDS,earthquake,>=10,ncei-deaths,NCEI/WDS id 4774; Mw 8.1; death bracket >= 10
ncei-4775,1977-05-26T01:35:13Z,minute,38.934,44.38,point,IRAN:  AZARBAIJAN,earthquake,>=1,ncei-deaths,NCEI/WDS id 4775; Mw 5.4; death bracket >= 1
ncei-4776,1977-05-28T00:00:00Z,day,39,44,point,IRAN:  SIAH CHESHMEH;MUKHUR;ZOLUL;DALIK DASHI,earthquake,>=1,ncei-deaths,NCEI/WDS id 4776; Mw n/a; death bracket >= 1
ncei-4777,1977-06-22T12:08:33Z,minute,-22.878,-175.9,point,TONGA TRENCH,earthquake,>=1,ncei-deaths,NCEI/WDS id 4777; Mw 7.2; death bracket >= 1
ncei-4780,1977-08-31T00:42:05Z,minute,7.34,-76.3,point,COLOMBIA:  APARTADO; MEDELLIN,earthquake,>=1,ncei-deaths,NCEI/WDS id 4780; Mw 6.5; death bracket >= 1
ncei-4784,1977-11-23T09:26:26Z,minute,-31.119,-67.839,point,ARGENTINA:  SAN JUAN PROVINCE:  MENDOZA,earthquake,>=10,ncei-deaths,NCEI/WDS id 4784; Mw 7.5; death bracket >= 10
ncei-4786,1977-12-19T23:34:34Z,minute,30.94,56.53,point,IRAN:  BAB-TANGOL,earthquake,>=100,ncei-deaths,NCEI/WDS id 4786; Mw 5.9; death bracket >= 100
ncei-4788,1978-01-14T03:24:39Z,minute,34.809,139.259,point,JAPAN:  TOKKAIDO; OSHIMA,earthquake,>=10,ncei-deaths,NCEI/WDS id 4788; Mw 6.6; death bracket >= 10
ncei-4792,1978-03-11T19:20:49Z,minute,38.1,16.03,point,ITALY:  SICILY,earthquake,>=1,ncei-deaths,NCEI/WDS id 4792; Mw 5; death bracket >= 1
ncei-4794,1978-03-16T02:00:00Z,minute,29.926,66.302,point,PAKISTAN:  QUETTA; NUSHKI,earthquake,>=1,ncei-deaths,NCEI/WDS id 4794; Mw 5.9; death bracket >= 1
ncei-4795,1978-03-19T01:39:14Z,minute,17.03,-99.74,point,MEXICO:  ACAPULCO,earthquake,>=1,ncei-deaths,NCEI/WDS id 4795; Mw 6.6; death bracket >= 1
ncei-4801,1978-04-15T23:33:47Z,minute,38.391,15.066,point,ITALY:  SICILY,earthquake,>=1,ncei-deaths,NCEI/WDS id 4801; Mw 5.7; death bracket >= 1
ncei-4806,1978-06-12T08:14:26Z,minute,38.19,142.028,point,JAPAN:  SANRIKU,earthquake,>=10,ncei-deaths,NCEI/WDS id 4806; Mw 7.7; death bracket >= 10
ncei-4808,1978-06-20T20:03:21Z,minute,40.739,23.229,point,GREECE: THESSALONIKI,earthquake,>=10,ncei-deaths,NCEI/WDS id 4808; Mw 6.4; death bracket >= 10
ncei-4810,1978-07-29T14:37:32Z,minute,14.843,-91.022,point,GUATEMALA:  PATZUN,earthquake,>=10,ncei-deaths,NCEI/WDS id 4810; Mw 4.5; death bracket >= 10
ncei-4815,1978-09-16T15:35:55Z,minute,33.205,57.478,point,IRAN:  TABAS,earthquake,>=10000,ncei-deaths,NCEI/WDS id 4815; Mw 7.4; death bracket >= 10000
ncei-4819,1978-11-29T19:52:47Z,minute,16.01,-96.591,point,MEXICO:  OAXACA,earthquake,>=1,ncei-deaths,NCEI/WDS id 4819; Mw 7.7; death bracket >= 1
ncei-4821,1978-12-14T07:05:21Z,minute,32.112,49.68,point,IRAN:  MASJED-E-SOLEYMAN,earthquake,>=10,ncei-deaths,NCEI/WDS id 4821; Mw 6.1; death bracket >= 10
ncei-4824,1978-12-23T11:23:12Z,minute,23.247,122.075,point,TAIWAN:  PINTUNG,earthquake,>=1,ncei-deaths,NCEI/WDS id 4824; Mw 7; death bracket >= 1
ncei-4825,1979-01-16T09:50:09Z,minute,33.918,59.555,point,IRAN:  BONZANABAD,earthquake,>=100,ncei-deaths,NCEI/WDS id 4825; Mw 6.5; death bracket >= 100
ncei-4827,1979-02-16T10:08:53Z,minute,-16.39,-72.658,point,PERU:  AREQUIPA,earthquake,>=10,ncei-deaths,NCEI/WDS id 4827; Mw 6.9; death bracket >= 10
ncei-4828,1979-03-14T11:07:16Z,minute,17.813,-101.276,point,MEXICO:  GUERRERO,earthquake,>=1,ncei-deaths,NCEI/WDS id 4828; Mw 7.6; death bracket >= 1
ncei-4830,1979-04-15T06:19:44Z,minute,42.096,19.209,point,BALKANS NW:  MONTENEGRO,earthquake,>=100,ncei-deaths,NCEI/WDS id 4830; Mw 6.9; death bracket >= 100
ncei-4834,1979-05-30T09:38:52Z,minute,-8.207,115.949,point,INDONESIA:  SUMBAWA ISLAND,earthquake,>=10,ncei-deaths,NCEI/WDS id 4834; Mw 5.8; death bracket >= 10
ncei-4839,1979-07-09T10:57:22Z,minute,31.452,119.241,point,CHINA:  JIANGSU PROVINCE:  LIYANG,earthquake,>=10,ncei-deaths,NCEI/WDS id 4839; Mw 5.4; death bracket >= 10
ncei-4842,1979-09-12T05:17:51Z,minute,-1.679,136.04,point,INDONESIA:  NEW GUINEA:  IRIAN JAYA,earthquake,>=10,ncei-deaths,NCEI/WDS id 4842; Mw 7.9; death bracket >= 10
ncei-4844,1979-09-19T21:35:37Z,minute,42.812,13.061,point,ITALY:  CENTRAL:  UMBRIA,earthquake,>=1,ncei-deaths,NCEI/WDS id 4844; Mw 5.8; death bracket >= 1
ncei-4849,1979-10-20T01:41:10Z,minute,-8.254,115.847,point,INDONESIA:  SUMBAWA ISLAND,earthquake,>=1,ncei-deaths,NCEI/WDS id 4849; Mw 6.2; death bracket >= 1
ncei-4850,1979-10-27T14:35:57Z,minute,13.833,-90.881,point,GUATEMALA,earthquake,>=1,ncei-deaths,NCEI/WDS id 4850; Mw 6.8; death bracket >= 1
ncei-4851,1979-11-02T15:53:03Z,minute,-7.656,108.252,point,INDONESIA:  JAVA,earthquake,>=10,ncei-deaths,NCEI/WDS id 4851; Mw 6.1; death bracket >= 10
ncei-4853,1979-11-06T05:26:17Z,minute,39.536,20.398,point,GREECE-ALBANIA,earthquake,>=1,ncei-deaths,NCEI/WDS id 4853; Mw 5.2; death bracket >= 1
ncei-4854,1979-11-14T02:21:21Z,minute,33.978,59.832,point,IRAN:  KHORASAN,earthquake,>=100,ncei-deaths,NCEI/WDS id 4854; Mw 6.6; death bracket >= 100
ncei-4858,1979-11-23T23:40:29Z,minute,4.805,-76.217,point,COLOMBIA:  MANIZALES-ARMENIA,earthquake,>=10,ncei-deaths,NCEI/WDS id 4858; Mw 6.4; death bracket >= 10
ncei-4860,1979-11-27T17:10:35Z,minute,33.974,59.847,point,IRAN,earthquake,>=10,ncei-deaths,NCEI/WDS id 4860; Mw 7.1; death bracket >= 10
ncei-4863,1979-12-12T07:59:05Z,minute,1.555,-79.276,point,COLOMBIA: OFF SHORE; PACIFIC OCEAN,earthquake,>=100,ncei-deaths,NCEI/WDS id 4863; Mw 8.1; death bracket >= 100
ncei-4866,1979-12-15T00:02:41Z,minute,-3.299,102.712,point,INDONESIA:  S SUMATERA,earthquake,>=1,ncei-deaths,NCEI/WDS id 4866; Mw 6.6; death bracket >= 1
ncei-4867,1979-12-17T19:58:23Z,minute,-8.39,115.889,point,INDONESIA:  SUMBAWA ISLAND:  BALI; LOMBOK,earthquake,>=10,ncei-deaths,NCEI/WDS id 4867; Mw 6.3; death bracket >= 10
ncei-4868,1980-01-01T16:42:42Z,minute,38.727,-27.75,point,AZORES:   TERCEIRA; ANGRA DO HEROISMO,earthquake,>=10,ncei-deaths,NCEI/WDS id 4868; Mw 6.9; death bracket >= 10
ncei-4879,1980-06-09T03:28:18Z,minute,32.22,-114.985,point,MEXICO:  NW,earthquake,>=1,ncei-deaths,NCEI/WDS id 4879; Mw 6.4; death bracket >= 1
ncei-4882,1980-07-09T02:11:52Z,minute,39.269,23.041,point,GREECE:  AEGEAN SEA:  MAGNESIA,earthquake,>=1,ncei-deaths,NCEI/WDS id 4882; Mw 6.4; death bracket >= 1
ncei-4884,1980-07-12T05:32:08Z,minute,39.203,22.729,point,GREECE:  VOLOS,earthquake,>=1,ncei-deaths,NCEI/WDS id 4884; Mw 4; death bracket >= 1
ncei-4886,1980-07-22T05:17:10Z,minute,37.19,50.201,point,IRAN:  LAHIJAN; RASHT,earthquake,>=1,ncei-deaths,NCEI/WDS id 4886; Mw 5.4; death bracket >= 1
ncei-4888,1980-07-29T14:58:40Z,minute,29.598,81.092,point,NEPAL-INDIA:   PITHORAGARH,earthquake,>=100,ncei-deaths,NCEI/WDS id 4888; Mw 6.5; death bracket >= 100
ncei-4890,1980-08-09T05:45:09Z,minute,15.888,-88.516,point,HONDURAS;  N GUATEMALA:  IZABEL PROVINCE,earthquake,>=1,ncei-deaths,NCEI/WDS id 4890; Mw 6.4; death bracket >= 1
ncei-4891,1980-08-18T15:07:52Z,minute,-1.948,-80.017,point,ECUADOR:  W; GUAYAQUIL,earthquake,>=1,ncei-deaths,NCEI/WDS id 4891; Mw 5.6; death bracket >= 1
ncei-4892,1980-08-23T21:36:51Z,minute,32.913,75.633,point,INDIA:  KASHMIR,earthquake,>=10,ncei-deaths,NCEI/WDS id 4892; Mw 4.9; death bracket >= 10
ncei-4894,1980-09-24T17:54:24Z,minute,35.45,139.964,point,JAPAN:  TOKYO; YOKOHAMA,earthquake,>=1,ncei-deaths,NCEI/WDS id 4894; Mw 6; death bracket >= 1
ncei-4896,1980-10-10T12:25:26Z,minute,36.199,1.374,point,ALGERIA:  NORTHERN,earthquake,>=1000,ncei-deaths,NCEI/WDS id 4896; Mw 7.1; death bracket >= 1000
ncei-4899,1980-10-24T14:53:35Z,minute,18.211,-98.24,point,MEXICO:  S; HUAJAPAN DE LEON; OAXACA,earthquake,>=100,ncei-deaths,NCEI/WDS id 4899; Mw 6.4; death bracket >= 100
ncei-4902,1980-11-12T06:58:11Z,minute,-13.347,-74.545,point,PERU:  S CENTRAL,earthquake,>=1,ncei-deaths,NCEI/WDS id 4902; Mw 4.9; death bracket >= 1
ncei-4903,1980-11-23T18:34:53Z,minute,40.914,15.366,point,ITALY:   AVELLINO; POTENZA; CASERTA; NAPLES,earthquake,>=1000,ncei-deaths,NCEI/WDS id 4903; Mw 6.9; death bracket >= 1000
ncei-4907,1980-12-19T01:16:56Z,minute,34.587,50.652,point,IRAN:  N CENTRAL; TEHRAN,earthquake,>=10,ncei-deaths,NCEI/WDS id 4907; Mw 6; death bracket >= 10
ncei-4908,1980-12-22T12:51:21Z,minute,34.503,50.59,point,IRAN:  N CENTRAL; TEHRAN,earthquake,>=1,ncei-deaths,NCEI/WDS id 4908; Mw 5.2; death bracket >= 1
ncei-4909,1981-01-19T15:11:01Z,minute,-4.576,139.232,point,INDONESIA:  NEW GUINEA:  IRIAN JAYA: JAYAWIJAYA MTS,earthquake,>=100,ncei-deaths,NCEI/WDS id 4909; Mw 6.7; death bracket >= 100
ncei-4911,1981-01-23T21:13:51Z,minute,30.927,101.098,point,CHINA:  SICHUAN PROVINCE,earthquake,>=100,ncei-deaths,NCEI/WDS id 4911; Mw 6.8; death bracket >= 100
ncei-4913,1981-02-14T17:27:44Z,minute,41.051,14.601,point,ITALY:  S,earthquake,>=10,ncei-deaths,NCEI/WDS id 4913; Mw 4.6; death bracket >= 10
ncei-4915,1981-02-24T20:53:38Z,minute,38.222,22.934,point,GREECE:  ATHENS-EASTERN GULF OF CORINTH,earthquake,>=10,ncei-deaths,NCEI/WDS id 4915; Mw 6.7; death bracket >= 10
ncei-4916,1981-03-04T21:58:05Z,minute,38.209,23.288,point,GREECE:  ATHENS-CORINTH-KHALIS,earthquake,>=1,ncei-deaths,NCEI/WDS id 4916; Mw 6.4; death bracket >= 1
ncei-4917,1981-03-10T15:16:19Z,minute,39.481,20.699,point,GREECE:  PREVEZA,earthquake,>=1,ncei-deaths,NCEI/WDS id 4917; Mw 5.6; death bracket >= 1
ncei-4918,1981-04-18T00:32:39Z,minute,-13.144,-74.376,point,PERU:  AYACUCHO,earthquake,>=1,ncei-deaths,NCEI/WDS id 4918; Mw 4.8; death bracket >= 1
ncei-4921,1981-06-11T07:24:25Z,minute,29.913,57.715,point,IRAN:  SE:  GOLBAFT,earthquake,>=1000,ncei-deaths,NCEI/WDS id 4921; Mw 6.6; death bracket >= 1000
ncei-4922,1981-06-22T17:53:21Z,minute,-13.166,-74.522,point,PERU:  CENTRAL,earthquake,>=10,ncei-deaths,NCEI/WDS id 4922; Mw 5.2; death bracket >= 10
ncei-4923,1981-07-28T17:22:24Z,minute,30.013,57.794,point,IRAN:  SE; KERMAN,earthquake,>=1000,ncei-deaths,NCEI/WDS id 4923; Mw 7; death bracket >= 1000
ncei-4929,1981-09-12T07:15:54Z,minute,35.693,73.594,point,PAKISTAN: GILGIT,earthquake,>=100,ncei-deaths,NCEI/WDS id 4929; Mw 5.9; death bracket >= 100
ncei-4930,1981-10-16T03:25:42Z,minute,-33.134,-73.074,point,CHILE:  OFF CENTRAL COAST; LAS CRUCES,earthquake,>=1,ncei-deaths,NCEI/WDS id 4930; Mw 7.5; death bracket >= 1
ncei-4931,1981-10-18T04:31:02Z,minute,8.117,-72.527,point,VENEZUELA-N COLOMBIA,earthquake,>=10,ncei-deaths,NCEI/WDS id 4931; Mw 5.4; death bracket >= 10
ncei-4932,1981-10-25T03:22:15Z,minute,18.048,-102.084,point,MEXICO:  MICHOACAN: LAZARO CARDENAS,earthquake,>=1,ncei-deaths,NCEI/WDS id 4932; Mw 7.3; death bracket >= 1
ncei-4934,1981-12-12T20:26:46Z,minute,29.856,66.962,point,PAKISTAN:  CENTRAL,earthquake,>=1,ncei-deaths,NCEI/WDS id 4934; Mw 4; death bracket >= 1
ncei-4940,1982-03-21T02:32:07Z,minute,42.158,142.361,point,JAPAN:  HOKKAIDO; URAKAWA; HIROO,earthquake,>=100,ncei-deaths,NCEI/WDS id 4940; Mw 6.7; death bracket >= 100
ncei-4941,1982-03-28T23:24:51Z,minute,-12.69,-76.065,point,PERU:  COAST; LUNAHUANA; LIMA; HUANCAYO,earthquake,>=1,ncei-deaths,NCEI/WDS id 4941; Mw 6.1; death bracket >= 1
ncei-4943,1982-06-07T10:59:40Z,minute,16.558,-98.358,point,MEXICO:  GUERERRO; ORZIBA; OAXACA; GUADALUPE,earthquake,>=1,ncei-deaths,NCEI/WDS id 4943; Mw 7; death bracket >= 1
ncei-4944,1982-06-15T23:24:28Z,minute,31.907,99.931,point,CHINA:  SICHUAN PROVINCE:  GARZE,earthquake,>=10,ncei-deaths,NCEI/WDS id 4944; Mw 5.5; death bracket >= 10
ncei-4945,1982-06-19T06:21:58Z,minute,13.332,-89.387,point,EL SALVADOR:  SAN SALVADOR; GUATEMALA,earthquake,>=10,ncei-deaths,NCEI/WDS id 4945; Mw 7.3; death bracket >= 10
ncei-4950,1982-09-29T05:50:32Z,minute,14.487,-89.121,point,HONDURAS-GUATEMALA-EL SALVADOR,earthquake,>=1,ncei-deaths,NCEI/WDS id 4950; Mw 5.1; death bracket >= 1
ncei-4953,1982-11-16T23:41:21Z,minute,40.883,19.59,point,BALKANS NW:  ALBANIA:  BIER; BERAT; LUSHNJE,earthquake,>=1,ncei-deaths,NCEI/WDS id 4953; Mw 5.5; death bracket >= 1
ncei-4954,1982-12-13T09:12:48Z,minute,14.701,44.379,point,YEMEN:  DHAMAR,earthquake,>=1000,ncei-deaths,NCEI/WDS id 4954; Mw 6; death bracket >= 1000
ncei-4957,1982-12-16T00:40:48Z,minute,36.148,69.011,point,AFGHANISTAN:  NORTHEASTERN,earthquake,>=100,ncei-deaths,NCEI/WDS id 4957; Mw 6.6; death bracket >= 100
ncei-4959,1982-12-25T12:28:02Z,minute,-8.405,123.08,point,INDONESIA:  FLORES ISLAND:  EASTERN,earthquake,>=10,ncei-deaths,NCEI/WDS id 4959; Mw 5.9; death bracket >= 10
ncei-4963,1983-02-25T18:22:12Z,minute,41.959,21.54,point,BALKANS NW:  MACEDONIA:  SKOPJE,earthquake,>=10,ncei-deaths,NCEI/WDS id 4963; Mw 4.7; death bracket >= 10
ncei-4967,1983-03-25T11:57:49Z,minute,35.953,52.264,point,IRAN:  TEHRAN; DAMAVOND; AMOI,earthquake,>=10,ncei-deaths,NCEI/WDS id 4967; Mw 4.9; death bracket >= 10
ncei-4968,1983-03-31T13:12:52Z,minute,2.461,-76.686,point,COLOMBIA:  SW; POPAYAN,earthquake,>=100,ncei-deaths,NCEI/WDS id 4968; Mw 4.9; death bracket >= 100
ncei-4972,1983-04-03T02:50:02Z,minute,8.677,-83.098,point,COSTA RICA:  SE; PANAMA: W,earthquake,>=1,ncei-deaths,NCEI/WDS id 4972; Mw 7.5; death bracket >= 1
ncei-4975,1983-04-12T12:07:54Z,minute,-4.843,-78.103,point,PERU:  CHIMBOTE,earthquake,>=10,ncei-deaths,NCEI/WDS id 4975; Mw 6.5; death bracket >= 10
ncei-4978,1983-05-26T02:59:59Z,minute,40.462,139.102,point,JAPAN:  HONSHU:  AKITA,earthquake,>=1,ncei-deaths,NCEI/WDS id 4978; Mw 7.7; death bracket >= 1
ncei-4980,1983-07-03T17:14:23Z,minute,9.652,-83.688,point,COSTA RICA:  SAN JOSE,earthquake,>=1,ncei-deaths,NCEI/WDS id 4980; Mw 6.2; death bracket >= 1
ncei-4981,1983-07-05T12:01:27Z,minute,40.324,27.222,point,TURKEY:  NW; BIGA; ERDEK; ISTANBUL,earthquake,>=1,ncei-deaths,NCEI/WDS id 4981; Mw 6.1; death bracket >= 1
ncei-4983,1983-07-22T02:41:00Z,minute,36.948,49.18,point,IRAN:  NW; ZANJIN,earthquake,>=1,ncei-deaths,NCEI/WDS id 4983; Mw 5; death bracket >= 1
ncei-4987,1983-08-17T12:17:56Z,minute,18.231,120.86,point,PHILIPPINES:  LUZON,earthquake,>=10,ncei-deaths,NCEI/WDS id 4987; Mw 6.5; death bracket >= 10
ncei-4991,1983-10-04T18:52:13Z,minute,-26.535,-70.563,point,CHILE:  NORTHERN:  COPOAPO-CHANARAL,earthquake,>=1,ncei-deaths,NCEI/WDS id 4991; Mw 7.3; death bracket >= 1
ncei-4993,1983-10-25T00:36:23Z,minute,1.131,120.858,point,INDONESIA:  CENTRAL SULAWESI,earthquake,>=1,ncei-deaths,NCEI/WDS id 4993; Mw 6.1; death bracket >= 1
ncei-4999,1983-10-30T04:12:27Z,minute,40.33,42.187,point,TURKEY:  ERZURUM; KARS; KHORASAN; PASINLER; NARMAN,earthquake,>=1000,ncei-deaths,NCEI/WDS id 4999; Mw 6.9; death bracket >= 1000
ncei-5002,1983-11-06T21:09:45Z,minute,35.206,115.213,point,CHINA:  E; HEZE-DONGMING; SHANDONG PROVINCE,earthquake,>=10,ncei-deaths,NCEI/WDS id 5002; Mw 5.3; death bracket >= 10
ncei-5004,1983-11-08T00:49:32Z,minute,50.696,5.346,point,BELGIUM,earthquake,>=1,ncei-deaths,NCEI/WDS id 5004; Mw 5; death bracket >= 1
ncei-5009,1983-12-22T01:02:02Z,minute,-5.392,151.868,point,PAPUA NEW GUINEA:  ULAWUN; RABAUL,earthquake,>=10,ncei-deaths,NCEI/WDS id 5009; Mw 6.4; death bracket >= 10
ncei-5011,1983-12-22T04:11:29Z,minute,11.866,-13.529,point,GUINEA:  GAOUAL-KOUMBIA,earthquake,>=100,ncei-deaths,NCEI/WDS id 5011; Mw 6.2; death bracket >= 100
ncei-5018,1983-12-30T23:52:39Z,minute,36.372,70.738,point,AFGHANISTAN:  HINDU KUSH:  KABUL; SAMANGAN; PAKISTAN,earthquake,>=10,ncei-deaths,NCEI/WDS id 5018; Mw 7.2; death bracket >= 10
ncei-5019,1984-01-08T15:24:13Z,minute,-2.823,118.806,point,INDONESIA:  SULAWESI:  W,earthquake,>=1,ncei-deaths,NCEI/WDS id 5019; Mw 6.6; death bracket >= 1
ncei-5022,1984-02-01T14:22:07Z,minute,34.616,70.484,point,AFGHANISTAN:  KHOROG; JALALABAD; PAKISTAN,earthquake,>=1,ncei-deaths,NCEI/WDS id 5022; Mw 5.8; death bracket >= 1
ncei-5027,1984-02-16T17:18:41Z,minute,36.431,70.826,point,PAKISTAN-NW AFGHANISTAN:  HINDU KUSH: CHITRAL-LANDI,earthquake,>=1,ncei-deaths,NCEI/WDS id 5027; Mw 6.1; death bracket >= 1
ncei-5035,1984-04-29T05:03:00Z,minute,43.26,12.558,point,ITALY:  CENTRAL:  :PERUGIA-ASSISSI-GUBBIO,earthquake,>=1,ncei-deaths,NCEI/WDS id 5035; Mw 5.3; death bracket >= 1
ncei-5036,1984-05-07T17:49:41Z,minute,41.765,13.898,point,ITALY:  S CENTRAL:  ABRUZZO,earthquake,>=1,ncei-deaths,NCEI/WDS id 5036; Mw 5.8; death bracket >= 1
ncei-5038,1984-05-11T10:41:49Z,minute,41.831,13.961,point,ITALY:  S CENTRAL:  ABRUZZO,earthquake,>=1,ncei-deaths,NCEI/WDS id 5038; Mw 5.2; death bracket >= 1
ncei-5039,1984-05-13T12:45:55Z,minute,42.967,17.734,point,BOSNIA-HERZEGOVINA:  LJUBINJE; CROATIA:  DUBROVNIK,earthquake,>=1,ncei-deaths,NCEI/WDS id 5039; Mw 5.1; death bracket >= 1
ncei-5040,1984-06-24T11:17:11Z,minute,17.984,-69.338,point,DOMINICAN REPUBLIC:  SANTO DOMINGO,earthquake,>=1,ncei-deaths,NCEI/WDS id 5040; Mw 6.7; death bracket >= 1
ncei-5041,1984-08-06T19:06:38Z,minute,32.386,131.945,point,JAPAN:  KYUSHU:  NOBEOKA,earthquake,>=10,ncei-deaths,NCEI/WDS id 5041; Mw 6.7; death bracket >= 10
ncei-5046,1984-09-13T23:48:49Z,minute,35.789,137.488,point,JAPAN:  HONSHU:  CENTRAL: MT ONTAKE,earthquake,>=10,ncei-deaths,NCEI/WDS id 5046; Mw 6.1; death bracket >= 10
ncei-5047,1984-09-18T13:26:01Z,minute,40.885,42.219,point,TURKEY:  E; ERZURUM; OLUR-SENKAYA,earthquake,>=1,ncei-deaths,NCEI/WDS id 5047; Mw 6.4; death bracket >= 1
ncei-5050,1984-10-18T09:46:24Z,minute,40.545,42.403,point,TURKEY:  E; SENKAYA,earthquake,>=1,ncei-deaths,NCEI/WDS id 5050; Mw 5.3; death bracket >= 1
ncei-5053,1984-12-30T23:33:37Z,minute,24.641,92.891,point,INDIA:  ASSAM; CACHAR DISTRICT,earthquake,>=10,ncei-deaths,NCEI/WDS id 5053; Mw 5.6; death bracket >= 10
ncei-5054,1985-01-26T03:07:00Z,minute,-33.106,-68.71,point,ARGENTINA:  WEST CENTRAL; MENDOZA; LA LIGUA,earthquake,>=1,ncei-deaths,NCEI/WDS id 5054; Mw 6; death bracket >= 1
ncei-5055,1985-02-02T20:52:34Z,minute,28.399,52.997,point,IRAN:  S; FIRUZABAD-JAHROM,earthquake,>=1,ncei-deaths,NCEI/WDS id 5055; Mw 5.3; death bracket >= 1
ncei-5056,1985-03-03T22:47:09Z,minute,-33.132,-71.708,point,CHILE:  CENTRAL COAST; SAN ANTONIO; VALPARAISO,earthquake,>=100,ncei-deaths,NCEI/WDS id 5056; Mw 8; death bracket >= 100
ncei-5060,1985-03-17T10:41:38Z,minute,-32.663,-71.551,point,CHILE:  VALPARAISO; VINA DEL MAR,earthquake,>=1,ncei-deaths,NCEI/WDS id 5060; Mw 6.6; death bracket >= 1
ncei-5061,1985-03-18T19:49:45Z,minute,7.758,123.544,point,PHILIPPINES:  PAGADIAN;  ZAMBOANGA,earthquake,>=1,ncei-deaths,NCEI/WDS id 5061; Mw 6.5; death bracket >= 1
ncei-5062,1985-04-09T01:56:59Z,minute,-34.131,-71.618,point,CHILE:  NEAR CENTRAL COAST; SANTIAGO-VALPARAISO,earthquake,>=1,ncei-deaths,NCEI/WDS id 5062; Mw 7.5; death bracket >= 1
ncei-5064,1985-04-18T05:52:52Z,minute,25.926,102.871,point,CHINA:  YUNNAN PROVINCE,earthquake,>=10,ncei-deaths,NCEI/WDS id 5064; Mw 5.8; death bracket >= 10
ncei-5066,1985-04-24T01:07:14Z,minute,16.498,120.815,point,PHILIPPINES:  LUZON:  BENGUET PROVINCE;  BAGUIO,earthquake,>=1,ncei-deaths,NCEI/WDS id 5066; Mw 6.1; death bracket >= 1
ncei-5068,1985-05-10T15:35:50Z,minute,-5.599,151.045,point,PAPUA NEW GUINEA:  NEW BRITAIN:  BIALLA; PIONA,earthquake,>=1,ncei-deaths,NCEI/WDS id 5068; Mw 7.1; death bracket >= 1
ncei-5070,1985-07-29T07:54:44Z,minute,36.19,70.896,point,AFGHANISTAN:  HINDU KUSH:  CHITRAL; SWAT,earthquake,>=1,ncei-deaths,NCEI/WDS id 5070; Mw 6.6; death bracket >= 1
ncei-5072,1985-08-23T12:41:56Z,minute,39.431,75.224,point,CHINA:  S XINJIANG:  WUQUA-SHUFU,earthquake,>=10,ncei-deaths,NCEI/WDS id 5072; Mw 7.5; death bracket >= 10
ncei-5074,1985-09-15T02:42:54Z,minute,-4.13,136.049,point,INDONESIA:  NEW GUINEA:  IRIAN JAYA:  ENAROTALI,earthquake,>=10,ncei-deaths,NCEI/WDS id 5074; Mw 6.3; death bracket >= 10
ncei-5076,1985-09-19T13:17:47Z,minute,18.19,-102.533,point,MEXICO:  MICHOACAN:  MEXICO CITY,earthquake,>=1000,ncei-deaths,NCEI/WDS id 5076; Mw 8.1; death bracket >= 1000
ncei-5082,1985-10-13T15:59:51Z,minute,40.301,69.823,point,TAJIKISTAN:  KAPTOLYUK; KAYRAKKUM; GAFUROV,earthquake,>=10,ncei-deaths,NCEI/WDS id 5082; Mw 5.9; death bracket >= 10
ncei-5083,1985-10-27T19:34:57Z,minute,36.46,6.761,point,ALGERIA:  ANNABA-SETIF-SOUK,earthquake,>=1,ncei-deaths,NCEI/WDS id 5083; Mw 5.9; death bracket >= 1
ncei-5089,1986-01-11T19:42:21Z,minute,-9.505,-77.512,point,PERU:  HUARMEY; CASMA; HUARAX; CHIMBOTE,earthquake,>=1,ncei-deaths,NCEI/WDS id 5089; Mw 5.3; death bracket >= 1
ncei-5092,1986-04-05T20:14:28Z,minute,-13.41,-71.785,point,PERU:  CUZCO,earthquake,>=10,ncei-deaths,NCEI/WDS id 5092; Mw 4.6; death bracket >= 10
ncei-5093,1986-04-26T07:35:16Z,minute,32.128,76.374,point,INDIA:  KASHMIR:  DHARMSALA;  LAHORE; PAKISTAN,earthquake,>=1,ncei-deaths,NCEI/WDS id 5093; Mw 5.3; death bracket >= 1
ncei-5094,1986-05-05T03:35:38Z,minute,37.993,37.806,point,TURKEY:  DOGANSEHIR-GOLBASHI; KAPIDERE,earthquake,>=10,ncei-deaths,NCEI/WDS id 5094; Mw 5.9; death bracket >= 10
ncei-5096,1986-05-13T08:44:02Z,minute,41.431,43.737,point,GEORGIA:  AKHALKALAKI; SUSUZ,earthquake,>=1,ncei-deaths,NCEI/WDS id 5096; Mw 5.7; death bracket >= 1
ncei-5098,1986-05-20T05:25:46Z,minute,24.125,121.619,point,TAIWAN:  HUALIEN,earthquake,>=1,ncei-deaths,NCEI/WDS id 5098; Mw 6.4; death bracket >= 1
ncei-5099,1986-06-11T13:48:01Z,minute,10.597,-62.928,point,VENEZUELA,earthquake,>=1,ncei-deaths,NCEI/WDS id 5099; Mw 6.2; death bracket >= 1
ncei-5101,1986-07-12T07:54:26Z,minute,29.962,51.582,point,IRAN:  S; FARS PROVINCE; MAMASANI; SHIRAZ,earthquake,>=1,ncei-deaths,NCEI/WDS id 5101; Mw 5.6; death bracket >= 1
ncei-5104,1986-07-18T17:22:38Z,minute,10.77,-69.428,point,VENEZUELA:  CHURUGUARA;  FALCON; LARA,earthquake,>=1,ncei-deaths,NCEI/WDS id 5104; Mw 4.9; death bracket >= 1
ncei-5107,1986-08-30T21:28:35Z,minute,45.547,26.316,point,ROMANIA:  BUCHAREST; KISHINEV-KAGUL,earthquake,>=1,ncei-deaths,NCEI/WDS id 5107; Mw 6.9; death bracket >= 1
ncei-5108,1986-09-13T17:24:31Z,minute,37.014,22.176,point,GREECE:  KALAMI; LAKONIA; ZAKINTHOS,earthquake,>=10,ncei-deaths,NCEI/WDS id 5108; Mw 5.8; death bracket >= 10
ncei-5111,1986-10-10T17:49:24Z,minute,13.827,-89.118,point,EL SALVADOR:  SAN SALVADOR,earthquake,>=1000,ncei-deaths,NCEI/WDS id 5111; Mw 5.4; death bracket >= 1000
ncei-5116,1986-11-14T21:20:10Z,minute,23.901,121.574,point,TAIWAN:  TAIPEI; HUALIEN,earthquake,>=10,ncei-deaths,NCEI/WDS id 5116; Mw 7.8; death bracket >= 10
ncei-5118,1986-11-30T05:19:48Z,minute,-5.494,-35.769,point,BRAZIL:  JOAO CAMARA; NATAL,earthquake,>=1,ncei-deaths,NCEI/WDS id 5118; Mw 4.8; death bracket >= 1
ncei-5119,1986-12-07T14:17:09Z,minute,43.274,25.912,point,BULGARIA:  VELIKO TURNOVO-TURGOVISHTE,earthquake,>=1,ncei-deaths,NCEI/WDS id 5119; Mw 5.6; death bracket >= 1
ncei-5124,1987-01-26T11:11:41Z,minute,35.964,1.374,point,ALGERIA:  MOHAMMADIA; QUED; FODDA; TISSEMSILT,earthquake,>=1,ncei-deaths,NCEI/WDS id 5124; Mw 4.3; death bracket >= 1
ncei-5126,1987-02-08T18:33:58Z,minute,-6.088,147.689,point,PAPUA NEW GUINEA:  HUON PENINSULA; UMBOI ISLAND,earthquake,>=1,ncei-deaths,NCEI/WDS id 5126; Mw 7.6; death bracket >= 1
ncei-5127,1987-03-02T01:42:34Z,minute,-37.965,176.765,point,NEW ZEALAND:  NORTH ISLAND; WHAKATANI; EDGECUMBE,earthquake,>=1,ncei-deaths,NCEI/WDS id 5127; Mw 6.6; death bracket >= 1
ncei-5129,1987-03-05T09:17:05Z,minute,-24.388,-70.161,point,CHILE:  ANTOFAGASTA; ARICA,earthquake,>=1,ncei-deaths,NCEI/WDS id 5129; Mw 7.3; death bracket >= 1
ncei-5130,1987-03-06T04:10:44Z,minute,0.083,-77.785,point,ECUADOR:  NAPO PROVINCE; QUITO; TULCAN,earthquake,>=1000,ncei-deaths,NCEI/WDS id 5130; Mw 7.2; death bracket >= 1000
ncei-5132,1987-03-18T03:36:30Z,minute,32.034,131.837,point,JAPAN:  KYUSHU:  MIYAZAKI; NAZE,earthquake,>=1,ncei-deaths,NCEI/WDS id 5132; Mw 6.7; death bracket >= 1
ncei-5134,1987-04-25T19:22:07Z,minute,2.244,98.866,point,INDONESIA:  SUMATERA:  N; TARUTUNG-LAKE TOBA;,earthquake,>=1,ncei-deaths,NCEI/WDS id 5134; Mw 6.6; death bracket >= 1
ncei-5135,1987-05-23T17:09:04Z,minute,8.047,125.41,point,PHILIPPINES:  MINDANAO:  TALAKAG-MALAYBALAY,earthquake,>=1,ncei-deaths,NCEI/WDS id 5135; Mw 5.2; death bracket >= 1
ncei-5136,1987-05-29T06:27:50Z,minute,34.076,48.266,point,IRAN:  W; NAHAVAND-HAMADEN-TUYSARKAN,earthquake,>=1,ncei-deaths,NCEI/WDS id 5136; Mw 4.6; death bracket >= 1
ncei-5138,1987-08-08T15:48:56Z,minute,-19.022,-69.991,point,CHILE:  ARICA; IQUIQUE,earthquake,>=1,ncei-deaths,NCEI/WDS id 5138; Mw 6.9; death bracket >= 1
ncei-5139,1987-08-13T15:23:06Z,minute,-17.897,-70.931,point,CHILE:  ARICA; PERU:  AREQUIPA; TACNA,earthquake,>=1,ncei-deaths,NCEI/WDS id 5139; Mw 6.4; death bracket >= 1
ncei-5142,1987-09-22T13:43:37Z,minute,-0.978,-78.05,point,ECUADOR:  AMBATO; LATACUNGA; RIOBAMBA,earthquake,>=1,ncei-deaths,NCEI/WDS id 5142; Mw 6.2; death bracket >= 1
ncei-5143,1987-10-01T14:42:20Z,minute,34.061,-118.078,point,CALIFORNIA:  WHITTIER,earthquake,>=1,ncei-deaths,NCEI/WDS id 5143; Mw 5.7; death bracket >= 1
ncei-5145,1987-10-02T22:27:55Z,minute,-8.143,-77.954,point,PERU:  SANTAOG DE CHUCO; TRUJILLO; CHIMBOTE,earthquake,>=1,ncei-deaths,NCEI/WDS id 5145; Mw 5.1; death bracket >= 1
ncei-5146,1987-10-04T10:59:38Z,minute,34.07,-118.1,point,CALIFORNIA:  WHITTIER; PASADENA,earthquake,>=1,ncei-deaths,NCEI/WDS id 5146; Mw 4.8; death bracket >= 1
ncei-5148,1987-11-24T01:54:14Z,minute,33.082,-115.775,point,CALIFORNIA:  SUPERSTITION HILLS,earthquake,>=1,ncei-deaths,NCEI/WDS id 5148; Mw 6.2; death bracket >= 1
ncei-5150,1987-11-26T01:43:14Z,minute,-8.247,124.155,point,INDONESIA:  TIMOR:  PANTAR; MOUNT SIRUNG,earthquake,>=100,ncei-deaths,NCEI/WDS id 5150; Mw 6.5; death bracket >= 100
ncei-5153,1987-12-17T02:08:19Z,minute,35.362,140.214,point,JAPAN:  HONSHU:  CHIBA PERFECTURE; TOKYO,earthquake,>=1,ncei-deaths,NCEI/WDS id 5153; Mw 6; death bracket >= 1
ncei-5158,1988-02-06T14:50:45Z,minute,24.688,91.57,point,BANGLADESH:  SYLHET; INDIA:  TIPURA-ASSAM,earthquake,>=1,ncei-deaths,NCEI/WDS id 5158; Mw 5.8; death bracket >= 1
ncei-5161,1988-06-19T20:19:52Z,minute,12.376,121.067,point,PHILIPPINES:  MINDORO:  SAN JOSE; CALAPAN,earthquake,>=1,ncei-deaths,NCEI/WDS id 5161; Mw 6.2; death bracket >= 1
ncei-5163,1988-07-20T23:15:36Z,minute,23.902,121.598,point,TAIWAN:  HUALIEN; SU-HUA,earthquake,>=1,ncei-deaths,NCEI/WDS id 5163; Mw 5.7; death bracket >= 1
ncei-5164,1988-08-06T00:36:24Z,minute,25.149,95.127,point,MYANMAR (BURMA);  INDIA:  GAUHATI; SIBSAGAR; IMPHAL,earthquake,>=1,ncei-deaths,NCEI/WDS id 5164; Mw 7.2; death bracket >= 1
ncei-5166,1988-08-11T16:04:45Z,minute,29.974,51.679,point,IRAN:  S; MAMASANI; BUSHEHR; NURABAD,earthquake,>=1,ncei-deaths,NCEI/WDS id 5166; Mw 6.1; death bracket >= 1
ncei-5167,1988-08-20T23:09:09Z,minute,26.755,86.616,point,NEPAL-INDIA:  KATHMANDU; BIHAR,earthquake,>=100,ncei-deaths,NCEI/WDS id 5167; Mw 6.6; death bracket >= 100
ncei-5174,1988-11-03T14:47:10Z,minute,13.881,-90.45,point,GUATEMALA:  S PALIN; SAN VICENTE PACAYA,earthquake,>=1,ncei-deaths,NCEI/WDS id 5174; Mw 6; death bracket >= 1
ncei-5176,1988-11-06T13:03:19Z,minute,22.789,99.611,point,CHINA:  YUNNAN PROVINCE,earthquake,>=100,ncei-deaths,NCEI/WDS id 5176; Mw 7.3; death bracket >= 100
ncei-5183,1988-11-25T23:46:04Z,minute,48.047,-71.315,point,CANADA:  QUEBEC:  SAGUENAY; QUEBEC CITY,earthquake,>=1,ncei-deaths,NCEI/WDS id 5183; Mw 5.8; death bracket >= 1
ncei-5184,1988-12-07T07:41:24Z,minute,40.987,44.185,point,ARMENIA:  LENINAKAN; SPITAK; KIROVAKAN,earthquake,>=10000,ncei-deaths,NCEI/WDS id 5184; Mw 6.8; death bracket >= 10000
ncei-5187,1989-01-22T23:02:07Z,minute,38.465,68.694,point,TAJIKISTAN:  SHARORA; GISSAR,earthquake,>=100,ncei-deaths,NCEI/WDS id 5187; Mw 5.3; death bracket >= 100
ncei-5190,1989-03-10T14:14:10Z,minute,-4.346,152.797,point,PAPUA NEW GUINEA:  NEW BRITAIN:  RABAUL,earthquake,>=1,ncei-deaths,NCEI/WDS id 5190; Mw 5.4; death bracket >= 1
ncei-5191,1989-03-10T21:49:45Z,minute,-13.702,34.42,point,MALAWI:  SALIMA; DEDZA; MOHINJI,earthquake,>=1,ncei-deaths,NCEI/WDS id 5191; Mw 6.1; death bracket >= 1
ncei-5192,1989-04-15T20:34:08Z,minute,29.987,99.195,point,CHINA:  SICHUAN PROVINCE:  BATANG,earthquake,>=10,ncei-deaths,NCEI/WDS id 5192; Mw 6.2; death bracket >= 10
ncei-5194,1989-04-25T14:29:00Z,minute,16.773,-99.328,point,MEXICO:  MEXICO CITY; ACAPULCO,earthquake,>=1,ncei-deaths,NCEI/WDS id 5194; Mw 6.8; death bracket >= 1
ncei-5197,1989-05-07T00:38:18Z,minute,23.553,99.526,point,CHINA:  YUNNAN PROVINCE:  GENGMA; LANCANG; MENGLIAN,earthquake,>=1,ncei-deaths,NCEI/WDS id 5197; Mw 5.6; death bracket >= 1
ncei-5199,1989-05-27T20:08:37Z,minute,30.167,50.921,point,IRAN:  DO GOBADAN; FARS; YASUJ,earthquake,>=100,ncei-deaths,NCEI/WDS id 5199; Mw 5.8; death bracket >= 100
ncei-5201,1989-06-12T00:04:09Z,minute,21.861,89.763,point,BANGLADESH:  BANARIPARA,earthquake,>=1,ncei-deaths,NCEI/WDS id 5201; Mw 5.1; death bracket >= 1
ncei-5207,1989-08-01T00:18:04Z,minute,-4.511,139.022,point,INDONESIA:  KURIMA DISTRICT; BALIEM RIVER,earthquake,>=100,ncei-deaths,NCEI/WDS id 5207; Mw 5.8; death bracket >= 100
ncei-5208,1989-08-03T07:42:40Z,minute,43.522,45.362,point,RUSSIA:  GROZNYY; BUYNAKSK,earthquake,>=1,ncei-deaths,NCEI/WDS id 5208; Mw 5; death bracket >= 1
ncei-5209,1989-08-20T11:16:56Z,minute,11.766,41.942,point,DJIBOUTI: GALAFI; YABAKI;  ETHIOPIA,earthquake,>=1,ncei-deaths,NCEI/WDS id 5209; Mw 6.3; death bracket >= 1
ncei-5211,1989-09-22T02:25:50Z,minute,31.583,102.433,point,CHINA:  SICHUAN PROVINCE:  XIAOJIN COUNTY,earthquake,>=1,ncei-deaths,NCEI/WDS id 5211; Mw 6.1; death bracket >= 1
ncei-5213,1989-10-18T00:04:15Z,minute,37.036,-121.883,point,CALIFORNIA:  LOMA PRIETA,earthquake,>=10,ncei-deaths,NCEI/WDS id 5213; Mw 6.9; death bracket >= 10
ncei-5215,1989-10-18T14:57:22Z,minute,39.893,113.884,point,CHINA:  SHANXI AND HEBEI PROVINCES; DATONG,earthquake,>=10,ncei-deaths,NCEI/WDS id 5215; Mw 5.3; death bracket >= 10
ncei-5216,1989-10-29T19:09:12Z,minute,36.788,2.448,point,ALGERIA:  ALGIERS; CHERCHELL; TIPAZA,earthquake,>=10,ncei-deaths,NCEI/WDS id 5216; Mw 5.7; death bracket >= 10
ncei-5218,1989-11-20T03:21:07Z,minute,29.882,106.804,point,CHINA:  SICHUAN PROVINCE:  JIANGBEI COUNTY,earthquake,>=1,ncei-deaths,NCEI/WDS id 5218; Mw 4.7; death bracket >= 1
ncei-5219,1989-11-20T04:19:04Z,minute,29.892,57.718,point,IRAN:  SHAHDAD; KERMAN PROVINCE,earthquake,>=1,ncei-deaths,NCEI/WDS id 5219; Mw 5.9; death bracket >= 1
ncei-5220,1989-12-15T18:43:45Z,minute,8.337,126.729,point,PHILIPPINES:  MINDANAO:  COTABATO; DAVAO,earthquake,>=1,ncei-deaths,NCEI/WDS id 5220; Mw 7.5; death bracket >= 1
ncei-5221,1989-12-27T23:26:57Z,minute,-32.967,151.619,point,AUSTRALIA:  NEWCASTLE,earthquake,>=10,ncei-deaths,NCEI/WDS id 5221; Mw 5.4; death bracket >= 10
ncei-5222,1990-02-08T07:15:32Z,minute,9.755,124.694,point,PHILIPPINES:  BOHOL; CEBU; CAGAYAN DE ORO; CAMIGUIN,earthquake,>=1,ncei-deaths,NCEI/WDS id 5222; Mw 6.6; death bracket >= 1
ncei-5224,1990-03-04T19:46:19Z,minute,28.925,66.331,point,PAKISTAN:  KALAT; QUETTA; MASTUNG,earthquake,>=10,ncei-deaths,NCEI/WDS id 5224; Mw 6.1; death bracket >= 10
ncei-5227,1990-03-26T22:47:16Z,minute,9.253,125.606,point,PHILIPPINES:  SANTIAGO,earthquake,>=1,ncei-deaths,NCEI/WDS id 5227; Mw 5.5; death bracket >= 1
ncei-5231,1990-04-18T13:39:19Z,minute,1.186,122.857,point,INDONESIA:  MINAHASSA PENINSULA: BOLAANG-GORONTALO,earthquake,>=1,ncei-deaths,NCEI/WDS id 5231; Mw 7.6; death bracket >= 1
ncei-5233,1990-04-26T09:37:15Z,minute,35.986,100.245,point,CHINA:  QINGHAI PROVINCE:  GANGHE-XINGHAI,earthquake,>=100,ncei-deaths,NCEI/WDS id 5233; Mw 6.9; death bracket >= 100
ncei-5235,1990-05-05T07:21:29Z,minute,40.775,15.766,point,ITALY:  POTENZA,earthquake,>=1,ncei-deaths,NCEI/WDS id 5235; Mw 5.4; death bracket >= 1
ncei-5237,1990-05-20T02:22:01Z,minute,5.121,32.145,point,SOUTH SUDAN:  JUBA; MAYA;  UGANDA: NAKURA,earthquake,>=10,ncei-deaths,NCEI/WDS id 5237; Mw 7.1; death bracket >= 10
ncei-5240,1990-05-30T02:34:05Z,minute,-6.016,-77.229,point,PERU:  MOYABAMBA-RIOJO,earthquake,>=100,ncei-deaths,NCEI/WDS id 5240; Mw 6.5; death bracket >= 100
ncei-5241,1990-05-30T10:40:06Z,minute,45.841,26.668,point,ROMANIA:  BUCHAREST; BRAILA; BRASOV,earthquake,>=10,ncei-deaths,NCEI/WDS id 5241; Mw 6.7; death bracket >= 10
ncei-5244,1990-06-09T01:14:34Z,minute,-6.062,-77.136,point,PERU:  N; RIOJA; MOYOBAMBA; IQUITOS,earthquake,>=1,ncei-deaths,NCEI/WDS id 5244; Mw 4.9; death bracket >= 1
ncei-5245,1990-06-14T07:40:56Z,minute,11.76,121.899,point,PHILIPPINES:  CULASI; PANAY,earthquake,>=1,ncei-deaths,NCEI/WDS id 5245; Mw 7.1; death bracket >= 1
ncei-5246,1990-06-14T12:47:28Z,minute,47.869,85.076,point,KAZAKHSTAN:  UST; ZAYSAN,earthquake,>=1,ncei-deaths,NCEI/WDS id 5246; Mw 6.8; death bracket >= 1
ncei-5248,1990-06-20T21:00:09Z,minute,36.957,49.409,point,IRAN:  RASHT; QAZVIN; ZANJAN;  RUDBAR; MANJIL,earthquake,>=10000,ncei-deaths,NCEI/WDS id 5248; Mw 7.3; death bracket >= 10000
ncei-5250,1990-06-21T09:02:14Z,minute,36.636,49.799,point,IRAN:  LOWSHAN; MANJIL,earthquake,>=10,ncei-deaths,NCEI/WDS id 5250; Mw 5.6; death bracket >= 10
ncei-5252,1990-07-13T14:20:43Z,minute,36.415,70.789,point,AFGHANISTAN:  HINDU KUSH:  PIK LENINA,earthquake,>=10,ncei-deaths,NCEI/WDS id 5252; Mw 5.6; death bracket >= 10
ncei-5253,1990-07-16T07:26:34Z,minute,15.679,121.172,point,PHILIPPINES:  BAGUIO;  CABANATUAN; DAGUPAN,earthquake,>=1000,ncei-deaths,NCEI/WDS id 5253; Mw 7.8; death bracket >= 1000
ncei-5258,1990-08-11T02:59:54Z,minute,-0.059,-78.449,point,ECUADOR:  PAMASQUI;  QUITO,earthquake,>=1,ncei-deaths,NCEI/WDS id 5258; Mw 4.4; death bracket >= 1
ncei-5259,1990-09-26T23:08:23Z,minute,-28.014,26.727,point,SOUTH AFRICA:  WELKOM,earthquake,>=1,ncei-deaths,NCEI/WDS id 5259; Mw 4.2; death bracket >= 1
ncei-5261,1990-10-18T09:30:44Z,minute,-26.39,27.349,point,SOUTH AFRICA:  CHARLETONVILLE,earthquake,>=10,ncei-deaths,NCEI/WDS id 5261; Mw 4; death bracket >= 10
ncei-5262,1990-10-20T08:07:27Z,minute,37.093,103.781,point,CHINA:  GANSU PROVINCE:  TIANZHU,earthquake,>=1,ncei-deaths,NCEI/WDS id 5262; Mw 5.8; death bracket >= 1
ncei-5263,1990-10-25T04:53:59Z,minute,35.121,70.486,point,AFGHANISTAN:  HINDU KUSH:  CHITRAL; MARDAN; MALAKAND,earthquake,>=10,ncei-deaths,NCEI/WDS id 5263; Mw 6; death bracket >= 10
ncei-5264,1990-11-06T18:45:52Z,minute,28.251,55.462,point,IRAN:  S; DARAB,earthquake,>=10,ncei-deaths,NCEI/WDS id 5264; Mw 6.5; death bracket >= 10
ncei-5265,1990-11-15T02:34:32Z,minute,3.908,97.457,point,INDONESIA:   N SUMATERA; BLANGKEJEREN; KUTACANE,earthquake,>=1,ncei-deaths,NCEI/WDS id 5265; Mw 6.8; death bracket >= 1
ncei-5268,1990-12-13T00:24:25Z,minute,37.3,15.438,point,ITALY:  SICILY:  CARLENTINI,earthquake,>=10,ncei-deaths,NCEI/WDS id 5268; Mw 5.3; death bracket >= 10
ncei-5269,1990-12-13T03:01:48Z,minute,23.916,121.636,point,TAIWAN:  HUALIEN;  TAIPEI,earthquake,>=1,ncei-deaths,NCEI/WDS id 5269; Mw 6.2; death bracket >= 1
ncei-5270,1990-12-21T06:57:42Z,minute,41.004,22.3,point,GREECE:  EDHESSA; KILKIS,earthquake,>=1,ncei-deaths,NCEI/WDS id 5270; Mw 5.9; death bracket >= 1
ncei-5271,1990-12-22T17:27:54Z,minute,9.869,-84.302,point,COSTA RICA:  ALAJUELA; SANTIAGO DE PURISCAL,earthquake,>=1,ncei-deaths,NCEI/WDS id 5271; Mw 5.7; death bracket >= 1
ncei-5274,1991-01-31T23:03:33Z,minute,35.993,70.423,point,AFGHANISTAN:  BADAKHSTAN; BAGHLAN; LAGHMAN; NAGARHAR,earthquake,>=100,ncei-deaths,NCEI/WDS id 5274; Mw 6.4; death bracket >= 100
ncei-5275,1991-02-13T15:49:38Z,minute,44.885,6.76,point,FRANCE,earthquake,>=1,ncei-deaths,NCEI/WDS id 5275; Mw 3.8; death bracket >= 1
ncei-5279,1991-04-05T04:19:49Z,minute,-5.982,-77.094,point,PERU:  RIOJA; MOYOBAMBA; NUEVA CAJAMARCA,earthquake,>=10,ncei-deaths,NCEI/WDS id 5279; Mw 6.7; death bracket >= 10
ncei-5282,1991-04-22T21:56:51Z,minute,9.685,-83.073,point,COSTA RICA:  LIMON; PANDORA;  PANAMA,earthquake,>=10,ncei-deaths,NCEI/WDS id 5282; Mw 7.6; death bracket >= 10
ncei-5285,1991-04-24T10:54:35Z,minute,39.597,41.118,point,TURKEY:  ERZURUM PROVINCE,earthquake,>=1,ncei-deaths,NCEI/WDS id 5285; Mw 4.5; death bracket >= 1
ncei-5286,1991-04-29T09:12:48Z,minute,42.453,43.673,point,GEORGIA:  DZHAVA; CHIATURA; AMBROLAURI,earthquake,>=100,ncei-deaths,NCEI/WDS id 5286; Mw 7; death bracket >= 100
ncei-5290,1991-05-26T10:59:48Z,minute,5.865,116.746,point,MALAYSIA:  KALIMANTAN:  RANAU,earthquake,>=1,ncei-deaths,NCEI/WDS id 5290; Mw 4.5; death bracket >= 1
ncei-5291,1991-06-15T00:59:20Z,minute,42.461,44.009,point,GEORGIA:  DZHAVA; TSKHINVALI; OSSETIA,earthquake,>=1,ncei-deaths,NCEI/WDS id 5291; Mw 6.1; death bracket >= 1
ncei-5295,1991-06-28T14:43:54Z,minute,34.262,-118.002,point,CALIFORNIA:  ARCADIA; GLENDALE; LOS ANGELES,earthquake,>=1,ncei-deaths,NCEI/WDS id 5295; Mw 5.1; death bracket >= 1
ncei-5296,1991-07-04T11:43:10Z,minute,-8.099,124.681,point,INDONESIA:  TIMOR:  KALABAHI; DILI,earthquake,>=10,ncei-deaths,NCEI/WDS id 5296; Mw 6.5; death bracket >= 10
ncei-5298,1991-07-12T10:42:21Z,minute,45.364,21.057,point,ROMANIA:  BANLOC; DETA; TIMISOARA,earthquake,>=1,ncei-deaths,NCEI/WDS id 5298; Mw 5.6; death bracket >= 1
ncei-5300,1991-07-23T19:44:50Z,minute,-15.679,-71.574,point,PERU:  MACA; CHIVAY; YANQUE,earthquake,>=10,ncei-deaths,NCEI/WDS id 5300; Mw 4.7; death bracket >= 10
ncei-5301,1991-07-24T09:45:41Z,minute,36.52,44.066,point,IRAQ:  ARBIL;  DIBS,earthquake,>=10,ncei-deaths,NCEI/WDS id 5301; Mw 5.1; death bracket >= 10
ncei-5306,1991-09-18T09:48:13Z,minute,14.646,-90.986,point,GUATEMALA:  GUATEMALA CITY; PACHUTA; SOLOLA,earthquake,>=10,ncei-deaths,NCEI/WDS id 5306; Mw 6.2; death bracket >= 10
ncei-5307,1991-10-19T21:23:14Z,minute,30.78,78.774,point,INDIA:  CHAMOLI; UTTARKASHI; NEW DELHI; CHANDIGARH,earthquake,>=1000,ncei-deaths,NCEI/WDS id 5307; Mw 7; death bracket >= 1000
ncei-5311,1991-11-19T22:28:51Z,minute,4.554,-77.442,point,COLOMBIA:  CHACO; BUENAVENTURA; CALI,earthquake,>=1,ncei-deaths,NCEI/WDS id 5311; Mw 6.4; death bracket >= 1
ncei-5312,1991-11-22T00:40:23Z,minute,13.887,44.068,point,YEMEN:  WESTERN  ARABIAN PENINSULA,earthquake,>=10,ncei-deaths,NCEI/WDS id 5312; Mw 4.7; death bracket >= 10
ncei-5313,1991-11-28T17:19:55Z,minute,36.924,49.603,point,IRAN:  RUDBAR; RASHT,earthquake,>=1,ncei-deaths,NCEI/WDS id 5313; Mw 5; death bracket >= 1
ncei-5316,1992-03-04T11:57:53Z,minute,31.726,50.778,point,IRAN:  LORDEGAN ARDAL AREA,earthquake,>=1,ncei-deaths,NCEI/WDS id 5316; Mw 4.6; death bracket >= 1
ncei-5317,1992-03-13T17:18:39Z,minute,39.71,39.605,point,TURKEY:  ERZINCAN,earthquake,>=100,ncei-deaths,NCEI/WDS id 5317; Mw 6.9; death bracket >= 100
ncei-5319,1992-04-13T01:20:00Z,minute,51.153,5.798,point,THE NETHERLANDS: ROERMOND; GERMANY: BONN; HEINSBERG,earthquake,>=1,ncei-deaths,NCEI/WDS id 5319; Mw 5.2; death bracket >= 1
ncei-5323,1992-05-15T08:08:02Z,minute,41.019,72.429,point,KYRGYZSTAN:  OSH; UZBEKISTAN:  ANDIZHAN,earthquake,>=1,ncei-deaths,NCEI/WDS id 5323; Mw 6.2; death bracket >= 1
ncei-5325,1992-05-20T12:20:32Z,minute,33.377,71.317,point,PAKISTAN:  PESHAWAR; KOHAT; SHAKKAR KHEL,earthquake,>=10,ncei-deaths,NCEI/WDS id 5325; Mw 6; death bracket >= 10
ncei-5328,1992-06-28T11:57:34Z,minute,34.201,-116.436,point,CALIFORNIA: LANDERS; YUCCA  VALLEY,earthquake,>=1,ncei-deaths,NCEI/WDS id 5328; Mw 7.6; death bracket >= 1
ncei-5332,1992-08-19T02:04:37Z,minute,42.142,73.575,point,KYRGYZSTAN:  TOLUK,earthquake,>=10,ncei-deaths,NCEI/WDS id 5332; Mw 7.5; death bracket >= 10
ncei-5334,1992-08-28T00:50:50Z,minute,29.087,66.74,point,PAKISTAN:  KALAT,earthquake,>=1,ncei-deaths,NCEI/WDS id 5334; Mw 5.5; death bracket >= 1
ncei-5337,1992-09-08T00:38:15Z,minute,29.134,52.187,point,IRAN:  FIRUZABAD,earthquake,>=1,ncei-deaths,NCEI/WDS id 5337; Mw 4.7; death bracket >= 1
ncei-5338,1992-09-11T03:57:26Z,minute,-6.087,26.651,point,CONGO:  KABALO,earthquake,>=1,ncei-deaths,NCEI/WDS id 5338; Mw 7; death bracket >= 1
ncei-5339,1992-10-12T13:09:55Z,minute,29.778,31.144,point,EGYPT:  CAIRO,earthquake,>=100,ncei-deaths,NCEI/WDS id 5339; Mw 5.3; death bracket >= 100
ncei-5342,1992-10-18T15:11:59Z,minute,7.075,-76.862,point,COLOMBIA:  MURINDO; APARTADO; MEDELLIN,earthquake,>=10,ncei-deaths,NCEI/WDS id 5342; Mw 7.4; death bracket >= 10
ncei-5343,1992-12-12T05:29:26Z,minute,-8.48,121.896,point,INDONESIA:  FLORES REGION; MAUMERE; BABI,earthquake,>=1000,ncei-deaths,NCEI/WDS id 5343; Mw 7.8; death bracket >= 1000
ncei-5344,1993-01-15T11:06:05Z,minute,43.3,143.691,point,JAPAN:  HOKKADIO; KUSHIRO; HACHINOHE; HONSHU,earthquake,>=1,ncei-deaths,NCEI/WDS id 5344; Mw 7.6; death bracket >= 1
ncei-5349,1993-03-12T14:01:35Z,minute,-14.385,-178.252,point,FUTUNA ISLAND,earthquake,>=1,ncei-deaths,NCEI/WDS id 5349; Mw 6.4; death bracket >= 1
ncei-5350,1993-03-20T14:51:59Z,minute,29.084,87.333,point,CHINA:  TIBET (XIZANG PROVINCE): NGAMRING,earthquake,>=1,ncei-deaths,NCEI/WDS id 5350; Mw 6.2; death bracket >= 1
ncei-5353,1993-04-18T09:16:23Z,minute,-11.652,-76.53,point,PERU:  LIMA,earthquake,>=1,ncei-deaths,NCEI/WDS id 5353; Mw 6.3; death bracket >= 1
ncei-5355,1993-06-22T16:32:43Z,minute,30.149,50.814,point,IRAN:  BOVIR AHMADI VA KOHKILUYEH,earthquake,>=10,ncei-deaths,NCEI/WDS id 5355; Mw 5.4; death bracket >= 10
ncei-5356,1993-07-10T20:40:58Z,minute,9.821,-83.622,point,COSTA RICA:  TURRIALBA; CARTAGO,earthquake,>=1,ncei-deaths,NCEI/WDS id 5356; Mw 5.8; death bracket >= 1
ncei-5357,1993-07-12T13:17:11Z,minute,42.851,139.197,point,JAPAN:  HOKKAIDO; RUSSIA:  SOUTHEAST; SOUTH KOREA,earthquake,>=10,ncei-deaths,NCEI/WDS id 5357; Mw 7.7; death bracket >= 10
ncei-5359,1993-08-01T00:20:40Z,minute,15.385,31.69,point,SUDAN:  KHARTOUM,earthquake,>=1,ncei-deaths,NCEI/WDS id 5359; Mw 5.5; death bracket >= 1
ncei-5362,1993-09-10T19:12:54Z,minute,14.717,-92.645,point,GUATEMALA:  SOUTHWEST; MEXICO:  CHIAPAS,earthquake,>=1,ncei-deaths,NCEI/WDS id 5362; Mw 7.2; death bracket >= 1
ncei-5363,1993-09-21T03:28:55Z,minute,42.314,-122.012,point,OREGON:  KLAMATH FALLS,earthquake,>=1,ncei-deaths,NCEI/WDS id 5363; Mw 6; death bracket >= 1
ncei-5364,1993-09-29T22:25:48Z,minute,18.066,76.451,point,INDIA:  LATUR-OSMANABAD; KILLARI,earthquake,>=10000,ncei-deaths,NCEI/WDS id 5364; Mw 6.2; death bracket >= 10000
ncei-5366,1993-10-13T02:06:00Z,minute,-5.889,146.02,point,PAPUA NEW GUINEA:  EASTERN:  UPPER MARKHAM VALLEY,earthquake,>=10,ncei-deaths,NCEI/WDS id 5366; Mw 6.9; death bracket >= 10
ncei-5372,1994-01-17T12:30:55Z,minute,34.213,-118.537,point,CALIFORNIA:  NORTHRIDGE,earthquake,>=10,ncei-deaths,NCEI/WDS id 5372; Mw 6.7; death bracket >= 10
ncei-5375,1994-01-21T02:24:29Z,minute,1.015,127.733,point,INDONESIA:  KAU,earthquake,>=1,ncei-deaths,NCEI/WDS id 5375; Mw 7; death bracket >= 1
ncei-5377,1994-02-05T23:34:09Z,minute,0.593,30.037,point,UGANDA:  FORT PORTAL; KASESE; ZAMBIA,earthquake,>=1,ncei-deaths,NCEI/WDS id 5377; Mw 6.2; death bracket >= 1
ncei-5379,1994-02-15T17:07:43Z,minute,-4.967,104.302,point,INDONESIA:  SOUTHERN SUMATERA; LIWA; LAMPUNG,earthquake,>=100,ncei-deaths,NCEI/WDS id 5379; Mw 6.9; death bracket >= 100
ncei-5380,1994-02-23T08:02:04Z,minute,30.853,60.596,point,IRAN:  SISTAN,earthquake,>=1,ncei-deaths,NCEI/WDS id 5380; Mw 6.1; death bracket >= 1
ncei-5381,1994-03-01T03:49:00Z,minute,29.096,52.617,point,IRAN:  SOUTHERN:  FIRUZABAD,earthquake,>=1,ncei-deaths,NCEI/WDS id 5381; Mw 6.1; death bracket >= 1
ncei-5382,1994-03-02T03:38:03Z,minute,19.803,-72.799,point,HAITI: SAINT-LOUIS DU NORD,earthquake,>=1,ncei-deaths,NCEI/WDS id 5382; Mw 5.4; death bracket >= 1
ncei-5384,1994-05-01T12:00:35Z,minute,36.901,67.163,point,AFGHANISTAN:  HINDU KUSH:  TASHIAK; TERMIZ,earthquake,>=100,ncei-deaths,NCEI/WDS id 5384; Mw 6.1; death bracket >= 100
ncei-5386,1994-06-05T01:09:30Z,minute,24.511,121.905,point,TAIWAN:  CHI-LUNG; I-LAN; TAIPEI; NAN-AO,earthquake,>=1,ncei-deaths,NCEI/WDS id 5386; Mw 6.4; death bracket >= 1
ncei-5387,1994-06-06T20:47:40Z,minute,2.917,-76.057,point,COLOMBIA:  CAUCA; HUILA,earthquake,>=100,ncei-deaths,NCEI/WDS id 5387; Mw 6.8; death bracket >= 100
ncei-5388,1994-06-09T00:33:16Z,minute,-13.841,-67.553,point,BOLIVIA-PERU: AREQUIPA; FELT IN N AND S AMERICA,earthquake,>=1,ncei-deaths,NCEI/WDS id 5388; Mw 8.2; death bracket >= 1
ncei-5390,1994-06-20T09:09:02Z,minute,28.968,52.614,point,IRAN:  FIRUZABAD; SHIRAZ,earthquake,>=1,ncei-deaths,NCEI/WDS id 5390; Mw 5.9; death bracket >= 1
ncei-5391,1994-08-18T01:13:05Z,minute,35.52,-0.106,point,ALGERIA:  MASCARA,earthquake,>=100,ncei-deaths,NCEI/WDS id 5391; Mw 5.9; death bracket >= 100
ncei-5392,1994-10-04T13:22:55Z,minute,43.773,147.321,point,RUSSIA:  KURIL ISLANDS; JAPAN:  HOKKAIDO,earthquake,>=10,ncei-deaths,NCEI/WDS id 5392; Mw 8.3; death bracket >= 10
ncei-5393,1994-10-08T21:44:07Z,minute,-1.258,127.98,point,INDONESIA:  HALMAHERA,earthquake,>=1,ncei-deaths,NCEI/WDS id 5393; Mw 6.8; death bracket >= 1
ncei-5394,1994-11-14T19:15:30Z,minute,13.525,121.067,point,PHILIPPINES:  MINDORO,earthquake,>=10,ncei-deaths,NCEI/WDS id 5394; Mw 7.1; death bracket >= 10
ncei-5397,1994-12-28T12:19:23Z,minute,40.525,143.419,point,JAPAN:  HONSHU,earthquake,>=1,ncei-deaths,NCEI/WDS id 5397; Mw 7.8; death bracket >= 1
ncei-5399,1995-01-16T20:46:53Z,minute,34.59,135.069,point,JAPAN:  SW HONSHU:  KOBE; AWAJI-SHIMA; NISHINOMIYA,earthquake,>=1000,ncei-deaths,NCEI/WDS id 5399; Mw 6.9; death bracket >= 1000
ncei-5402,1995-01-19T15:05:03Z,minute,5.05,-72.916,point,COLOMBIA:  BOGOTA; MANIZALES; MIRAFLORES,earthquake,>=1,ncei-deaths,NCEI/WDS id 5402; Mw 6.5; death bracket >= 1
ncei-5404,1995-02-08T18:40:25Z,minute,4.104,-76.622,point,COLOMBIA:  CALI; PEREIRA; ARMENIA; CALARCA,earthquake,>=10,ncei-deaths,NCEI/WDS id 5404; Mw 6.4; death bracket >= 10
ncei-5405,1995-02-23T21:03:01Z,minute,35.046,32.279,point,CYPRUS:  PAPHOS; NICOSIA; ARODHES; PERISTERONA,earthquake,>=1,ncei-deaths,NCEI/WDS id 5405; Mw 5.9; death bracket >= 1
ncei-5412,1995-05-27T13:03:52Z,minute,52.629,142.827,point,RUSSIA:  SAKHALIN IS:  NEFTEGORSK; OKHA; MOSKALVO,earthquake,>=1000,ncei-deaths,NCEI/WDS id 5412; Mw 7.1; death bracket >= 1000
ncei-5413,1995-06-15T00:15:48Z,minute,38.401,22.283,point,GREECE:  AIYION; ERATINI,earthquake,>=10,ncei-deaths,NCEI/WDS id 5413; Mw 6.5; death bracket >= 10
ncei-5414,1995-07-11T21:46:42Z,minute,21.946,99.172,point,CHINA: YUNNAN PROVINCE: LANCANG; MENGLIAN; THAILAND,earthquake,>=10,ncei-deaths,NCEI/WDS id 5414; Mw 6.8; death bracket >= 10
ncei-5415,1995-07-21T22:44:04Z,minute,36.427,103.123,point,CHINA:  GANSU; YONGDENG; BAIYIN; DINGXI; JINGTAI,earthquake,>=10,ncei-deaths,NCEI/WDS id 5415; Mw 5.6; death bracket >= 10
ncei-5416,1995-07-30T05:11:23Z,minute,-23.34,-70.294,point,CHILE:  ANTOFAGASTA; CALAMA; MEJILLONES,earthquake,>=1,ncei-deaths,NCEI/WDS id 5416; Mw 8; death bracket >= 1
ncei-5418,1995-09-14T14:04:31Z,minute,16.779,-98.597,point,MEXICO:  GUERRERO; OAXACA; PUEBLA; MEXICO CITY,earthquake,>=1,ncei-deaths,NCEI/WDS id 5418; Mw 7.4; death bracket >= 1
ncei-5419,1995-10-01T15:57:16Z,minute,38.063,30.134,point,TURKEY:   DINAR; EVCILER,earthquake,>=10,ncei-deaths,NCEI/WDS id 5419; Mw 6.4; death bracket >= 10
ncei-5420,1995-10-03T01:51:23Z,minute,-2.75,-77.881,point,ECUADOR:  QUITO,earthquake,>=1,ncei-deaths,NCEI/WDS id 5420; Mw 7; death bracket >= 1
ncei-5422,1995-10-06T18:09:45Z,minute,-2.045,101.436,point,INDONESIA:  SUMATERA; JAMBI PROVINCE,earthquake,>=10,ncei-deaths,NCEI/WDS id 5422; Mw 6.8; death bracket >= 10
ncei-5423,1995-10-09T15:35:53Z,minute,19.055,-104.205,point,MEXICO:  JALISCO; MANZANILLO; SAN PATRICIO MELAQUE,earthquake,>=10,ncei-deaths,NCEI/WDS id 5423; Mw 8; death bracket >= 10
ncei-5424,1995-10-23T22:46:50Z,minute,26.003,102.227,point,CHINA:  YUNNAN PROVINCE:  WUDING,earthquake,>=10,ncei-deaths,NCEI/WDS id 5424; Mw 6.2; death bracket >= 10
ncei-5426,1995-11-22T04:15:11Z,minute,28.826,34.799,point,EGYPT:  NUWAYBI; SAUDI ARABIA; ISRAEL; JORDAN,earthquake,>=10,ncei-deaths,NCEI/WDS id 5426; Mw 7.2; death bracket >= 10
ncei-5430,1996-02-03T11:14:20Z,minute,27.291,100.276,point,CHINA:  YUNNAN PROVINCE:  LIJIANG,earthquake,>=100,ncei-deaths,NCEI/WDS id 5430; Mw 6.6; death bracket >= 100
ncei-5433,1996-02-17T05:59:30Z,minute,-0.891,136.952,point,INDONESIA:  NEW GUINEA:  IRIAN JAYA:  BIAK; SUPIORI,earthquake,>=10,ncei-deaths,NCEI/WDS id 5433; Mw 8.2; death bracket >= 10
ncei-5436,1996-03-19T15:00:26Z,minute,39.993,76.696,point,CHINA:  S. XINJIANG:   ARTUX; JIASHI; BACHU; KASHI,earthquake,>=10,ncei-deaths,NCEI/WDS id 5436; Mw 6.3; death bracket >= 10
ncei-5437,1996-03-28T23:03:49Z,minute,-1.036,-78.737,point,ECUADOR:  COTOPAXI; PASTAZA; TUNGURAHUA; AMBATO,earthquake,>=10,ncei-deaths,NCEI/WDS id 5437; Mw 5.9; death bracket >= 10
ncei-5438,1996-04-29T14:40:41Z,minute,-6.518,154.999,point,SOLOMON ISLANDS:  BOUGAINVILLE ISLAND,earthquake,>=1,ncei-deaths,NCEI/WDS id 5438; Mw 7.2; death bracket >= 1
ncei-5439,1996-05-03T03:32:47Z,minute,40.774,109.661,point,CHINA:  NEI MONGOL:  BAOTOU; BEIJING; HOHHOT,earthquake,>=10,ncei-deaths,NCEI/WDS id 5439; Mw 6; death bracket >= 10
ncei-5442,1996-11-12T16:59:44Z,minute,-14.993,-75.675,point,PERU:  CHINCHA ALTA; ACARI; NAZCA; MARCONA,earthquake,>=10,ncei-deaths,NCEI/WDS id 5442; Mw 7.7; death bracket >= 10
ncei-5444,1997-01-11T20:28:26Z,minute,18.219,-102.756,point,MEXICO:  MICHOACAN; ARTEAGA,earthquake,>=1,ncei-deaths,NCEI/WDS id 5444; Mw 7.2; death bracket >= 1
ncei-5446,1997-01-21T01:48:30Z,minute,39.474,76.998,point,CHINA:  SOUTHERN XINJIANG:  JIASHI COUNTY,earthquake,>=10,ncei-deaths,NCEI/WDS id 5446; Mw 5.9; death bracket >= 10
ncei-5447,1997-02-04T10:37:47Z,minute,37.661,57.291,point,IRAN:  BOJNURD; SHIRVAN; ESFARAYEN,earthquake,>=10,ncei-deaths,NCEI/WDS id 5447; Mw 6.5; death bracket >= 10
ncei-5449,1997-02-27T21:08:02Z,minute,29.976,68.208,point,PAKISTAN:  HARNAI-SIBI; QUETTA,earthquake,>=10,ncei-deaths,NCEI/WDS id 5449; Mw 7.1; death bracket >= 10
ncei-5450,1997-02-28T12:57:18Z,minute,38.075,48.05,point,IRAN:  ARDABIL,earthquake,>=1000,ncei-deaths,NCEI/WDS id 5450; Mw 6.1; death bracket >= 1000
ncei-5452,1997-03-01T06:04:14Z,minute,39.422,76.839,point,CHINA:  S. XINJIANG; JIASHI COUNTY; KASHI,earthquake,>=1,ncei-deaths,NCEI/WDS id 5452; Mw 5.6; death bracket >= 1
ncei-5453,1997-03-19T19:57:11Z,minute,34.872,71.62,point,PAKISTAN:  BAJAUR; CHITRAL,earthquake,>=10,ncei-deaths,NCEI/WDS id 5453; Mw 4.9; death bracket >= 10
ncei-5457,1997-04-11T05:34:42Z,minute,39.527,76.941,point,CHINA:  S. XINJIANG; BACHU; SHULE; YINGJISHA,earthquake,>=1,ncei-deaths,NCEI/WDS id 5457; Mw 6.2; death bracket >= 1
ncei-5461,1997-05-10T07:57:29Z,minute,33.825,59.809,point,IRAN: BIRJAND; GHAEN;  AFGHANISTAN,earthquake,>=1000,ncei-deaths,NCEI/WDS id 5461; Mw 7.2; death bracket >= 1000
ncei-5463,1997-05-13T14:13:45Z,minute,36.411,70.945,point,AFGHANISTAN:  HINDU-KUSH; MALAKAND-PESHAWAR,earthquake,>=1,ncei-deaths,NCEI/WDS id 5463; Mw 6.4; death bracket >= 1
ncei-5465,1997-05-21T22:51:28Z,minute,23.083,80.041,point,INDIA:  SOUTHERN:  JABALPUR,earthquake,>=10,ncei-deaths,NCEI/WDS id 5465; Mw 5.8; death bracket >= 10
ncei-5467,1997-07-09T19:24:13Z,minute,10.598,-63.486,point,VENEZUELA:  CARIACO-CUMANA,earthquake,>=10,ncei-deaths,NCEI/WDS id 5467; Mw 7; death bracket >= 10
ncei-5469,1997-07-21T08:45:49Z,minute,-26.857,26.619,point,SOUTH AFRICA:  AVGOLD'S HARTEBEESTFONTEIN MINE,earthquake,>=10,ncei-deaths,NCEI/WDS id 5469; Mw 5; death bracket >= 10
ncei-5473,1997-09-26T09:40:26Z,minute,43.084,12.812,point,ITALY:  CENTRAL:  MARCHE; UMBRIA,earthquake,>=10,ncei-deaths,NCEI/WDS id 5473; Mw 6; death bracket >= 10
ncei-5474,1997-09-28T01:38:28Z,minute,-3.776,119.727,point,INDONESIA:  SULAWESI; PAREPARE,earthquake,>=10,ncei-deaths,NCEI/WDS id 5474; Mw 5.9; death bracket >= 10
ncei-5475,1997-10-15T01:03:33Z,minute,-30.933,-71.22,point,CHILE:  PUEBLO NUEVO; COQUIMBO; LA CHIMBA,earthquake,>=1,ncei-deaths,NCEI/WDS id 5475; Mw 7.1; death bracket >= 1
ncei-5478,1997-11-21T11:23:06Z,minute,22.212,92.702,point,INDIA-BANGLADESH:  CHITTAGONG; BANGLADESH,earthquake,>=10,ncei-deaths,NCEI/WDS id 5478; Mw 6.1; death bracket >= 10
ncei-5481,1998-01-10T03:50:41Z,minute,41.083,114.5,point,CHINA:  NORTHEASTERN: SHANGYI-ZHANGBEI; HEBEI,earthquake,>=10,ncei-deaths,NCEI/WDS id 5481; Mw 5.7; death bracket >= 10
ncei-5485,1998-02-04T14:33:21Z,minute,37.075,70.089,point,AFGHANISTAN:  ROSTAQ; TAJIKISTAN:  DUSHANBE,earthquake,>=1000,ncei-deaths,NCEI/WDS id 5485; Mw 5.9; death bracket >= 1000
ncei-5486,1998-02-20T12:18:06Z,minute,36.479,71.086,point,AFGHANISTAN-TAJIKISTAN:  YAR HUSAIN; ASTOR,earthquake,>=1,ncei-deaths,NCEI/WDS id 5486; Mw 6.4; death bracket >= 1
ncei-5487,1998-03-14T19:40:27Z,minute,30.154,57.605,point,IRAN:  GOLBAF; BAFT; KERMAN,earthquake,>=1,ncei-deaths,NCEI/WDS id 5487; Mw 6.6; death bracket >= 1
ncei-5491,1998-04-10T15:00:53Z,minute,32.457,59.976,point,IRAN:  BIRJAND; GONABAD,earthquake,>=10,ncei-deaths,NCEI/WDS id 5491; Mw 5.8; death bracket >= 10
ncei-5492,1998-04-12T10:55:32Z,minute,46.245,13.652,point,AUSTRIA:  ARNOLDSTEIN; SLOVENIA:  BOVEC; KOBARID,earthquake,>=1,ncei-deaths,NCEI/WDS id 5492; Mw 5.7; death bracket >= 1
ncei-5493,1998-05-22T04:48:50Z,minute,-17.731,-65.431,point,BOLIVIA:  CENTRAL:  AIQUILE; TOTORA,earthquake,>=100,ncei-deaths,NCEI/WDS id 5493; Mw 6.6; death bracket >= 100
ncei-5495,1998-05-30T06:22:28Z,minute,37.106,70.11,point,AFGHANISTAN:  BADAKHSHAN; TAKHAR,earthquake,>=1000,ncei-deaths,NCEI/WDS id 5495; Mw 6.6; death bracket >= 1000
ncei-5497,1998-06-27T13:55:52Z,minute,36.878,35.307,point,TURKEY:  ADANA; CEYHAN,earthquake,>=100,ncei-deaths,NCEI/WDS id 5497; Mw 6.3; death bracket >= 100
ncei-5498,1998-07-09T05:19:07Z,minute,38.65,-28.626,point,AZORES:  FAIAL; PICO; TERCEIRA,earthquake,>=10,ncei-deaths,NCEI/WDS id 5498; Mw 6.2; death bracket >= 10
ncei-5500,1998-07-17T04:51:14Z,minute,23.407,120.736,point,TAIWAN:  CHIA-I; TAINAN; HUALIEN; KAO-HSIUNG,earthquake,>=1,ncei-deaths,NCEI/WDS id 5500; Mw 5.7; death bracket >= 1
ncei-5502,1998-08-04T18:59:20Z,minute,-0.593,-80.393,point,ECUADOR:  BAHIA DE CARAQUEZ; CANOA,earthquake,>=1,ncei-deaths,NCEI/WDS id 5502; Mw 7.2; death bracket >= 1
ncei-5503,1998-08-27T09:03:36Z,minute,39.66,77.343,point,CHINA:  SOUTHERN XINJIANG:  JIASHI,earthquake,>=1,ncei-deaths,NCEI/WDS id 5503; Mw 6.4; death bracket >= 1
ncei-5504,1998-09-28T13:34:30Z,minute,-8.194,112.413,point,INDONESIA:  JAWA; MALANG; BLITAR; BANTUR,earthquake,>=1,ncei-deaths,NCEI/WDS id 5504; Mw 6.6; death bracket >= 1
ncei-5505,1998-09-29T22:14:49Z,minute,44.209,20.08,point,BALKANS NW:  SERBIA:  BELGRADE; LJIG; VALJEVO,earthquake,>=1,ncei-deaths,NCEI/WDS id 5505; Mw 5.5; death bracket >= 1
ncei-5508,1998-11-13T13:01:10Z,minute,27.791,53.608,point,IRAN:  SOUTHERN:  BIGHERD-KHONJ,earthquake,>=1,ncei-deaths,NCEI/WDS id 5508; Mw 5.4; death bracket >= 1
ncei-5509,1998-11-19T11:38:14Z,minute,27.308,101.029,point,CHINA:  SICHUAN PROVINCE: HUAPING; LIJIANG; NINGLAG,earthquake,>=1,ncei-deaths,NCEI/WDS id 5509; Mw 5.6; death bracket >= 1
ncei-5510,1998-11-29T14:10:31Z,minute,-2.071,124.891,point,INDONESIA:  MANGOLE; MANADO; TALIABU,earthquake,>=10,ncei-deaths,NCEI/WDS id 5510; Mw 7.7; death bracket >= 10
ncei-5512,1999-01-25T18:19:16Z,minute,4.461,-75.724,point,COLOMBIA:  ARMENIA; CALARCA; PEREIRA; CALDAS; HUILA,earthquake,>=1000,ncei-deaths,NCEI/WDS id 5512; Mw 6.2; death bracket >= 1000
ncei-5516,1999-02-11T14:08:51Z,minute,34.259,69.364,point,AFGHANISTAN:  LOWGAR; VARDAK; KABUL,earthquake,>=10,ncei-deaths,NCEI/WDS id 5516; Mw 6; death bracket >= 10
ncei-5517,1999-03-04T05:38:26Z,minute,28.343,57.193,point,IRAN:  SOUTHERN:  KERMAN,earthquake,>=1,ncei-deaths,NCEI/WDS id 5517; Mw 6.6; death bracket >= 1
ncei-5519,1999-03-28T19:05:11Z,minute,30.512,79.403,point,INDIA:  CHAMOLI; RUDRAPRAYAG; TEHRI GARHWAL,earthquake,>=100,ncei-deaths,NCEI/WDS id 5519; Mw 6.6; death bracket >= 100
ncei-5520,1999-04-03T06:17:18Z,minute,-16.66,-72.662,point,PERU:  CAMANA; AREQUIPA,earthquake,>=1,ncei-deaths,NCEI/WDS id 5520; Mw 6.8; death bracket >= 1
ncei-5521,1999-05-06T23:00:53Z,minute,29.501,51.88,point,IRAN:  SOUTHERN:  FARS PROVINCE,earthquake,>=10,ncei-deaths,NCEI/WDS id 5521; Mw 6.2; death bracket >= 10
ncei-5522,1999-06-04T09:12:50Z,minute,40.802,47.448,point,AZERBAIJAN:  AGDAS; UCAR; AGALI,earthquake,>=1,ncei-deaths,NCEI/WDS id 5522; Mw 5.4; death bracket >= 1
ncei-5523,1999-06-15T20:42:05Z,minute,18.386,-97.436,point,MEXICO:  PUEBLA; VERACRUZ; OAXACA; MORELOS; GUERRERO,earthquake,>=10,ncei-deaths,NCEI/WDS id 5523; Mw 7; death bracket >= 10
ncei-5525,1999-07-11T14:14:16Z,minute,15.782,-88.33,point,GUATEMALA:  IZABAL-PUERTO BARRIOS; HONDURAS:  W,earthquake,>=1,ncei-deaths,NCEI/WDS id 5525; Mw 6.7; death bracket >= 1
ncei-5526,1999-07-22T10:42:11Z,minute,21.544,91.895,point,BANGLADESH:  MAHESHKHALI ISLAND; COX'S BAZAAR,earthquake,>=1,ncei-deaths,NCEI/WDS id 5526; Mw 4.2; death bracket >= 1
ncei-5527,1999-08-17T00:01:39Z,minute,40.76,29.97,point,TURKEY:  ISTANBUL; KOCAELI; SAKARYA,earthquake,>=10000,ncei-deaths,NCEI/WDS id 5527; Mw 7.6; death bracket >= 10000
ncei-5530,1999-08-31T08:10:49Z,minute,40.711,29.949,point,TURKEY:  IZMIT,earthquake,>=1,ncei-deaths,NCEI/WDS id 5530; Mw 5.2; death bracket >= 1
ncei-5531,1999-09-07T11:56:49Z,minute,38.119,23.605,point,GREECE:  ATHENS,earthquake,>=100,ncei-deaths,NCEI/WDS id 5531; Mw 6; death bracket >= 100
ncei-5533,1999-09-13T11:55:28Z,minute,40.709,30.045,point,TURKEY:  ADAPAZARI-GOLUCK-KOCAELI,earthquake,>=1,ncei-deaths,NCEI/WDS id 5533; Mw 5.8; death bracket >= 1
ncei-5535,1999-09-20T17:47:18Z,minute,23.834,120.813,point,TAIWAN:  NANTOU; TAICHUNG; TAIZHONG,earthquake,>=1000,ncei-deaths,NCEI/WDS id 5535; Mw 7.6; death bracket >= 1000
ncei-5537,1999-09-30T16:31:15Z,minute,16.059,-96.931,point,MEXICO:  OAXACA,earthquake,>=10,ncei-deaths,NCEI/WDS id 5537; Mw 7.5; death bracket >= 10
ncei-5539,1999-10-22T02:18:58Z,minute,23.445,120.506,point,TAIWAN:  CHIA-I,earthquake,>=1,ncei-deaths,NCEI/WDS id 5539; Mw 5.9; death bracket >= 1
ncei-5542,1999-11-11T14:41:25Z,minute,40.744,30.266,point,TURKEY:  ADAPAZARI; KOCEALI; GOLCUK,earthquake,>=1,ncei-deaths,NCEI/WDS id 5542; Mw 5.7; death bracket >= 1
ncei-5543,1999-11-12T16:57:19Z,minute,40.758,31.161,point,TURKEY:  BOLU-DUZCE-KAYNASLI; ADAPAZARI; ZONGULDAK,earthquake,>=100,ncei-deaths,NCEI/WDS id 5543; Mw 7.2; death bracket >= 100
ncei-5544,1999-11-24T16:40:21Z,minute,24.589,102.872,point,CHINA:  YUNNAN PROVINCE:  CHENGJIANG,earthquake,>=1,ncei-deaths,NCEI/WDS id 5544; Mw 4.6; death bracket >= 1
ncei-5545,1999-11-26T13:21:15Z,minute,-16.423,168.214,point,VANUATU ISLANDS:  PENTECOST,earthquake,>=1,ncei-deaths,NCEI/WDS id 5545; Mw 7.5; death bracket >= 1
ncei-5547,1999-12-03T17:06:54Z,minute,40.358,42.346,point,TURKEY:  GORESKEN; ERZURUM PROVINCE,earthquake,>=1,ncei-deaths,NCEI/WDS id 5547; Mw 5.7; death bracket >= 1
ncei-5548,1999-12-11T18:03:36Z,minute,15.766,119.74,point,PHILIPPINES:  S LUZON:  MANILA; SANTA CRUZ,earthquake,>=1,ncei-deaths,NCEI/WDS id 5548; Mw 7.3; death bracket >= 1
ncei-5549,1999-12-21T14:14:57Z,minute,-6.845,105.555,point,INDONESIA:  PANDEGLANG; W JAWA; SE SUMATERA,earthquake,>=1,ncei-deaths,NCEI/WDS id 5549; Mw 6.5; death bracket >= 1
ncei-5550,1999-12-22T17:36:56Z,minute,35.321,-1.281,point,ALGERIA:  NORTHERN:  AIN TEMOUCHENT,earthquake,>=10,ncei-deaths,NCEI/WDS id 5550; Mw 5.6; death bracket >= 10
ncei-5553,2000-01-14T23:37:07Z,minute,25.607,101.063,point,CHINA:  YUNNAN PROVINCE:  YAOAN COUNTY,earthquake,>=1,ncei-deaths,NCEI/WDS id 5553; Mw 5.9; death bracket >= 1
ncei-5554,2000-02-02T22:58:01Z,minute,35.288,58.218,point,IRAN:  BARDASKAN; KASHMAR,earthquake,>=1,ncei-deaths,NCEI/WDS id 5554; Mw 5.3; death bracket >= 1
ncei-5557,2000-05-04T04:21:16Z,minute,-1.105,123.573,point,INDONESIA:  SULAWESI:  LUWUK; BANGGAI; PELENG;,earthquake,>=10,ncei-deaths,NCEI/WDS id 5557; Mw 7.6; death bracket >= 10
ncei-5559,2000-05-17T03:25:48Z,minute,24.223,121.058,point,TAIWAN:  TAI-CHUNG COUNTY,earthquake,>=1,ncei-deaths,NCEI/WDS id 5559; Mw 5.4; death bracket >= 1
ncei-5560,2000-06-04T16:28:26Z,minute,-4.721,102.087,point,INDONESIA:  SUMATRA:  BENGKULU; ENGGANO,earthquake,>=100,ncei-deaths,NCEI/WDS id 5560; Mw 7.9; death bracket >= 100
ncei-5561,2000-06-06T02:41:49Z,minute,40.693,32.992,point,TURKEY:  CERKES; CUBUK; ORTA,earthquake,>=1,ncei-deaths,NCEI/WDS id 5561; Mw 6; death bracket >= 1
ncei-5563,2000-06-07T23:45:26Z,minute,-4.612,101.905,point,INDONESIA:  SOUTHERN SUMATERA:  LAHAT,earthquake,>=1,ncei-deaths,NCEI/WDS id 5563; Mw 6.7; death bracket >= 1
ncei-5564,2000-06-10T18:23:29Z,minute,23.843,121.225,point,TAIWAN:  NAN-TOU,earthquake,>=1,ncei-deaths,NCEI/WDS id 5564; Mw 6.4; death bracket >= 1
ncei-5568,2000-07-01T07:01:55Z,minute,34.221,139.131,point,JAPAN:  NEAR S COAST HONSHU:  KOZU-SHIMA,earthquake,>=1,ncei-deaths,NCEI/WDS id 5568; Mw 6.1; death bracket >= 1
ncei-5569,2000-07-06T19:30:20Z,minute,11.884,-85.988,point,NICARAGUA:  MASAYA,earthquake,>=1,ncei-deaths,NCEI/WDS id 5569; Mw 5.4; death bracket >= 1
ncei-5575,2000-08-21T13:25:44Z,minute,25.826,102.194,point,CHINA:  YUNNAN PROVINCE:  WUDING,earthquake,>=1,ncei-deaths,NCEI/WDS id 5575; Mw 4.2; death bracket >= 1
ncei-5581,2000-11-16T04:54:55Z,minute,-4.001,152.327,point,PAPUA NEW GUINEA:  NEW IRELAND; DUKE OF YORK,earthquake,>=1,ncei-deaths,NCEI/WDS id 5581; Mw 8; death bracket >= 1
ncei-5584,2000-11-25T18:09:11Z,minute,40.245,49.946,point,AZERBAIJAN:  BAKU,earthquake,>=10,ncei-deaths,NCEI/WDS id 5584; Mw 6.8; death bracket >= 10
ncei-5585,2000-12-06T17:11:06Z,minute,39.566,54.799,point,TURKMENISTAN:  NEBITDAG-TURKMENBASHI,earthquake,>=10,ncei-deaths,NCEI/WDS id 5585; Mw 7; death bracket >= 10
ncei-5586,2000-12-15T16:44:47Z,minute,38.457,31.351,point,TURKEY:  AFYON-BOLVADIN,earthquake,>=1,ncei-deaths,NCEI/WDS id 5586; Mw 6; death bracket >= 1
ncei-5587,2001-01-13T17:33:32Z,minute,13.049,-88.66,point,EL SALVADOR; GUATEMALA,earthquake,>=100,ncei-deaths,NCEI/WDS id 5587; Mw 7.7; death bracket >= 100
ncei-5589,2001-01-26T03:16:42Z,minute,23.388,70.326,point,INDIA:  GUJARAT:  BHUJ; AHMADABAD; RAJOKOT; PAKISTAN,earthquake,>=10000,ncei-deaths,NCEI/WDS id 5589; Mw 7.6; death bracket >= 10000
ncei-5592,2001-02-13T14:22:05Z,minute,13.671,-88.938,point,EL SALVADOR: SAN JUAN TEPEZONTES-SAN VICENTE-COJUTEP,earthquake,>=100,ncei-deaths,NCEI/WDS id 5592; Mw 6.6; death bracket >= 100
ncei-5593,2001-02-23T00:09:23Z,minute,29.513,101.129,point,CHINA:  SICHUAN PROVINCE:  KANGDING; YAJIANG,earthquake,>=1,ncei-deaths,NCEI/WDS id 5593; Mw 5.6; death bracket >= 1
ncei-5595,2001-02-28T18:54:32Z,minute,47.149,-122.727,point,WASHINGTON:  OLYMPIA; SEATTLE; TACOMA,earthquake,>=1,ncei-deaths,NCEI/WDS id 5595; Mw 6.8; death bracket >= 1
ncei-5596,2001-03-24T06:27:53Z,minute,34.083,132.526,point,JAPAN:  HIROSHIMA; OKAYAMA; HONSHU; KAGAMA,earthquake,>=1,ncei-deaths,NCEI/WDS id 5596; Mw 6.8; death bracket >= 1
ncei-5597,2001-05-08T18:02:16Z,minute,13.605,-88.795,point,EL SALVADOR:  CONCHAGUA,earthquake,>=1,ncei-deaths,NCEI/WDS id 5597; Mw 5.7; death bracket >= 1
ncei-5598,2001-05-23T21:10:43Z,minute,27.689,101.003,point,CHINA:  YUNNAN:  NINGLANG; SICHUAN:  YANYUAN,earthquake,>=1,ncei-deaths,NCEI/WDS id 5598; Mw 5.5; death bracket >= 1
ncei-5599,2001-06-01T14:00:43Z,minute,35.169,69.389,point,AFGHANISTAN:  HINDU KUSH:  PARVAN,earthquake,>=1,ncei-deaths,NCEI/WDS id 5599; Mw 5; death bracket >= 1
ncei-5601,2001-06-23T20:33:14Z,minute,-16.265,-73.641,point,PERU:  AREQUIPA; MOQUEGUA; TACNA; AYACUCHO,earthquake,>=10,ncei-deaths,NCEI/WDS id 5601; Mw 8.4; death bracket >= 10
ncei-5604,2001-07-07T09:38:43Z,minute,-17.543,-72.077,point,PERU:  AREQUIPA; ARICA,earthquake,>=1,ncei-deaths,NCEI/WDS id 5604; Mw 7.6; death bracket >= 1
ncei-5607,2001-08-09T02:06:59Z,minute,-14.258,-72.683,point,PERU:  ANTABAMA,earthquake,>=1,ncei-deaths,NCEI/WDS id 5607; Mw 5.8; death bracket >= 1
ncei-5611,2001-10-27T05:35:39Z,minute,26.316,100.648,point,CHINA:  YUNNAN PROVINCE:  YONGSHENG,earthquake,>=1,ncei-deaths,NCEI/WDS id 5611; Mw 5.6; death bracket >= 1
ncei-5615,2002-01-09T06:45:57Z,minute,38.673,69.902,point,TAJIKISTAN:  ROGHUN,earthquake,>=1,ncei-deaths,NCEI/WDS id 5615; Mw 5.3; death bracket >= 1
ncei-5616,2002-01-10T11:14:56Z,minute,-3.212,142.427,point,PAPUA NEW GUINEA:  AITAPE,earthquake,>=1,ncei-deaths,NCEI/WDS id 5616; Mw 6.7; death bracket >= 1
ncei-5620,2002-02-03T07:11:28Z,minute,38.573,31.271,point,TURKEY:  AFYON,earthquake,>=10,ncei-deaths,NCEI/WDS id 5620; Mw 6.5; death bracket >= 10
ncei-5622,2002-02-17T13:03:52Z,minute,28.093,51.755,point,IRAN:  BAGHAN,earthquake,>=1,ncei-deaths,NCEI/WDS id 5622; Mw 5.4; death bracket >= 1
ncei-5624,2002-03-03T12:08:19Z,minute,36.502,70.482,point,AFGHANISTAN:  HINDU KUSH:  SAMANGHAN; KABUL; RUSTAQ,earthquake,>=100,ncei-deaths,NCEI/WDS id 5624; Mw 7.4; death bracket >= 100
ncei-5625,2002-03-05T21:16:09Z,minute,6.033,124.249,point,PHILIPPINES:  MINDANAO,earthquake,>=10,ncei-deaths,NCEI/WDS id 5625; Mw 7.5; death bracket >= 10
ncei-5626,2002-03-25T14:56:33Z,minute,36.062,69.315,point,AFGHANISTAN:  HINDU KUSH:  BAGHLAN; NAHRIN,earthquake,>=1000,ncei-deaths,NCEI/WDS id 5626; Mw 6.1; death bracket >= 1000
ncei-5627,2002-03-31T06:52:50Z,minute,24.279,122.179,point,TAIWAN:  TAIPEI,earthquake,>=1,ncei-deaths,NCEI/WDS id 5627; Mw 7.1; death bracket >= 1
ncei-5629,2002-04-12T04:00:23Z,minute,39.959,69.417,point,TAJIKISTAN; AFGHANISTAN: DO ABI-NAHRIN,earthquake,>=10,ncei-deaths,NCEI/WDS id 5629; Mw 5.9; death bracket >= 10
ncei-5632,2002-04-24T10:51:50Z,minute,42.436,21.466,point,BALKANS NW:  KOSOVO; MACEDONIA:  N,earthquake,>=1,ncei-deaths,NCEI/WDS id 5632; Mw 5.7; death bracket >= 1
ncei-5633,2002-04-24T19:48:07Z,minute,34.642,47.4,point,IRAN:  WESTERN:  KERMANSHAH,earthquake,>=1,ncei-deaths,NCEI/WDS id 5633; Mw 5.4; death bracket >= 1
ncei-5634,2002-04-25T17:41:21Z,minute,41.765,44.96,point,GEORGIA:  TBILISI,earthquake,>=1,ncei-deaths,NCEI/WDS id 5634; Mw 4.3; death bracket >= 1
ncei-5636,2002-05-18T15:15:08Z,minute,-2.907,33.733,point,TANZANIA:  BUNDA,earthquake,>=1,ncei-deaths,NCEI/WDS id 5636; Mw 5.5; death bracket >= 1
ncei-5639,2002-06-22T02:58:21Z,minute,35.626,49.047,point,IRAN:  AB GARM-ABHAR-AVAJ-SHIRIN SU,earthquake,>=100,ncei-deaths,NCEI/WDS id 5639; Mw 6.5; death bracket >= 100
ncei-5644,2002-08-15T05:30:26Z,minute,-1.196,121.333,point,INDONESIA:   SULAWESI:  TOJO,earthquake,>=10,ncei-deaths,NCEI/WDS id 5644; Mw 6.2; death bracket >= 10
ncei-5648,2002-09-06T01:21:28Z,minute,38.381,13.701,point,ITALY:  SICILY:  PALERMO,earthquake,>=1,ncei-deaths,NCEI/WDS id 5648; Mw 6; death bracket >= 1
ncei-5649,2002-09-08T18:44:25Z,minute,-3.26,142.94,point,PAPUA NEW GUINEA:  KAIRIRU IS; MUSCHU IS; WEWAK,earthquake,>=1,ncei-deaths,NCEI/WDS id 5649; Mw 7.6; death bracket >= 1
ncei-5650,2002-09-13T22:28:29Z,minute,13.036,93.068,point,INDIA:  ANDAMAN ISLANDS:  RONGAT; DIGLIPUR;ARIEL BAY,earthquake,>=1,ncei-deaths,NCEI/WDS id 5650; Mw 6.5; death bracket >= 1
ncei-5656,2002-10-10T10:50:20Z,minute,-1.757,134.297,point,INDONESIA: NEW GUINEA: MANOKWARI; ORANSBARI; RANSIKI,earthquake,>=1,ncei-deaths,NCEI/WDS id 5656; Mw 7.6; death bracket >= 1
ncei-5658,2002-10-24T06:08:37Z,minute,-1.884,29.004,point,CONGO: GOMA; LWIRO; BUKAVU; RWANDA:  MUGERA; KIGALI,earthquake,>=1,ncei-deaths,NCEI/WDS id 5658; Mw 6.2; death bracket >= 1
ncei-5660,2002-10-31T10:32:58Z,minute,41.789,14.872,point,ITALY:  SAN GUILIANO DI PUGLIA; CAMPOBASSO,earthquake,>=10,ncei-deaths,NCEI/WDS id 5660; Mw 5.7; death bracket >= 10
ncei-5661,2002-11-01T22:09:29Z,minute,35.517,74.654,point,PAKISTAN:  GILGIT,earthquake,>=10,ncei-deaths,NCEI/WDS id 5661; Mw 5.4; death bracket >= 10
ncei-5662,2002-11-02T01:26:10Z,minute,2.824,96.085,point,INDONESIA:  SUMATERA:  SIMEULUE,earthquake,>=1,ncei-deaths,NCEI/WDS id 5662; Mw 7.3; death bracket >= 1
ncei-5664,2002-11-20T21:32:30Z,minute,35.414,74.515,point,PAKISTAN:  DASHKIN; DOIAN; MUSHKIN,earthquake,>=10,ncei-deaths,NCEI/WDS id 5664; Mw 6.3; death bracket >= 10
ncei-5667,2002-12-14T13:27:29Z,minute,39.736,97.443,point,CHINA:  GANSU PROVINCE:  YUMNE,earthquake,>=1,ncei-deaths,NCEI/WDS id 5667; Mw 5.5; death bracket >= 1
ncei-5673,2003-01-22T02:06:34Z,minute,18.77,-104.104,point,MEXICO:  VILLA DE ALVAREZ; COLIMA; TECOMAN; JALISCO,earthquake,>=10,ncei-deaths,NCEI/WDS id 5673; Mw 7.5; death bracket >= 10
ncei-5676,2003-01-27T05:26:23Z,minute,39.5,39.878,point,TURKEY:  SAGLAMTAS; PULUMUR,earthquake,>=1,ncei-deaths,NCEI/WDS id 5676; Mw 6.1; death bracket >= 1
ncei-5677,1983-10-28T14:06:06Z,minute,43.974,-113.916,point,IDAHO:  BORAH PEAK; CHALLIS; MACKAY,earthquake,>=1,ncei-deaths,NCEI/WDS id 5677; Mw 7.3; death bracket >= 1
ncei-5682,2003-02-24T02:03:41Z,minute,39.61,77.23,point,CHINA:  S. XINJIANG:  BACHU,earthquake,>=100,ncei-deaths,NCEI/WDS id 5682; Mw 6.3; death bracket >= 100
ncei-5683,2003-02-25T03:52:41Z,minute,39.483,77.393,point,CHINA:  S. XINJIANG:  BACHU,earthquake,>=1,ncei-deaths,NCEI/WDS id 5683; Mw 5.4; death bracket >= 1
ncei-5692,2003-05-01T00:27:04Z,minute,39.007,40.464,point,TURKEY:  BINGOL,earthquake,>=100,ncei-deaths,NCEI/WDS id 5692; Mw 6.4; death bracket >= 100
ncei-5693,2003-05-04T15:44:35Z,minute,39.43,77.219,point,CHINA:  S. XINJIANG:  YOPURGA,earthquake,>=1,ncei-deaths,NCEI/WDS id 5693; Mw 5.8; death bracket >= 1
ncei-5694,2003-05-21T18:44:20Z,minute,36.964,3.634,point,ALGERIA:  ALGIERS; BOUMERDES; REGHIA; THENIA,earthquake,>=1000,ncei-deaths,NCEI/WDS id 5694; Mw 6.8; death bracket >= 1000
ncei-5696,2003-05-26T19:23:27Z,minute,2.354,128.855,point,INDONESIA:  MOROTAI; BEREBERE; DARUBA,earthquake,>=1,ncei-deaths,NCEI/WDS id 5696; Mw 7; death bracket >= 1
ncei-5697,2003-05-27T17:11:28Z,minute,36.939,3.578,point,ALGERIA:  ALGIERS; BOUMERDES; REGHAIA,earthquake,>=1,ncei-deaths,NCEI/WDS id 5697; Mw 5.7; death bracket >= 1
ncei-5702,2003-03-25T02:53:25Z,minute,-8.294,120.743,point,INDONESIA:  FLORES:  REO,earthquake,>=1,ncei-deaths,NCEI/WDS id 5702; Mw 6.5; death bracket >= 1
ncei-5705,2003-07-10T17:06:37Z,minute,28.355,54.169,point,IRAN:  SOUTHERN: GAJJIABAD,earthquake,>=1,ncei-deaths,NCEI/WDS id 5705; Mw 5.8; death bracket >= 1
ncei-5707,2003-07-21T15:16:31Z,minute,25.975,101.29,point,CHINA:  YUNNAN PROVINCE,earthquake,>=10,ncei-deaths,NCEI/WDS id 5707; Mw 5.9; death bracket >= 10
ncei-5711,2003-07-26T23:18:17Z,minute,22.854,92.306,point,BANGLADESH:  RANGAMATI,earthquake,>=1,ncei-deaths,NCEI/WDS id 5711; Mw 5.7; death bracket >= 1
ncei-5716,2003-08-16T10:58:42Z,minute,43.77,119.643,point,CHINA:  NEI MONGOL:  LINDONG; TIANSHAN,earthquake,>=1,ncei-deaths,NCEI/WDS id 5716; Mw 5.4; death bracket >= 1
ncei-5722,2003-09-21T18:16:13Z,minute,19.917,95.672,point,MYANMAR (BURMA):  TAUNGDWINGYI; THAILAND:  BANGKOK,earthquake,>=1,ncei-deaths,NCEI/WDS id 5722; Mw 6.6; death bracket >= 1
ncei-5723,2003-09-22T04:45:36Z,minute,19.777,-70.673,point,DOMINICAN REPUBLIC:  PUERTO PLATA; SANTIAGO,earthquake,>=1,ncei-deaths,NCEI/WDS id 5723; Mw 6.4; death bracket >= 1
ncei-5725,2003-09-27T11:33:25Z,minute,50.038,87.813,point,RUSSIA:  KOSH-AGACH; UST'-ULAGAN; ONGUDAI; SHEBALINO,earthquake,>=1,ncei-deaths,NCEI/WDS id 5725; Mw 7.3; death bracket >= 1
ncei-5731,2003-10-16T12:28:09Z,minute,25.954,101.254,point,CHINA:  YUNNAN PROVINCE:  DAYAO,earthquake,>=1,ncei-deaths,NCEI/WDS id 5731; Mw 5.6; death bracket >= 1
ncei-5732,2003-10-25T12:41:35Z,minute,38.4,100.951,point,CHINA:  GANSU PROVINCE:  MINLE; SHANDAN,earthquake,>=1,ncei-deaths,NCEI/WDS id 5732; Mw 5.8; death bracket >= 1
ncei-5733,2003-11-13T02:35:10Z,minute,34.712,103.834,point,CHINA:  GANSU PROVINCE:  JONE; LINTAN; MINXIAN,earthquake,>=1,ncei-deaths,NCEI/WDS id 5733; Mw 5.1; death bracket >= 1
ncei-5734,2003-11-14T18:49:46Z,minute,27.372,103.971,point,CHINA:  YUNNAN PROVINCE:  LUDIAN; ZHAOTONG,earthquake,>=1,ncei-deaths,NCEI/WDS id 5734; Mw 5.6; death bracket >= 1
ncei-5736,2003-11-18T17:14:22Z,minute,12.025,125.416,point,PHILIPPINES:  SAMAR:  CAN-AVID,earthquake,>=1,ncei-deaths,NCEI/WDS id 5736; Mw 6.5; death bracket >= 1
ncei-5738,2003-12-01T01:38:31Z,minute,42.905,80.515,point,CHINA:  XINJIANG:  ZHAOSU,earthquake,>=10,ncei-deaths,NCEI/WDS id 5738; Mw 6; death bracket >= 10
ncei-5740,1934-11-27T00:00:00Z,day,37.919,40.211,point,TURKEY:  KURDISTAN:  DIYARBAKIR (MOUCHE DIARBEKIR),earthquake,>=100,ncei-deaths,NCEI/WDS id 5740; Mw n/a; death bracket >= 100
ncei-5743,1934-12-15T00:00:00Z,day,37.919,40.211,point,TURKEY:  KURDISTAN:  DIYARBAKIR (DIARBEKIR),earthquake,>=10,ncei-deaths,NCEI/WDS id 5743; Mw n/a; death bracket >= 10
ncei-5749,2003-12-22T19:15:56Z,minute,35.706,-121.102,point,CALIFORNIA:  PASO ROBLES;TEMPLETON;ATASCADERO,earthquake,>=1,ncei-deaths,NCEI/WDS id 5749; Mw 6.6; death bracket >= 1
ncei-5750,2003-12-25T07:11:11Z,minute,8.416,-82.824,point,PANAMA-COSTA RICA:  PUERTO ARMUELLES,earthquake,>=1,ncei-deaths,NCEI/WDS id 5750; Mw 6.5; death bracket >= 1
ncei-5751,2003-12-26T01:56:52Z,minute,28.995,58.311,point,IRAN:  SOUTHEASTERN:  BAM; BARAVAT,earthquake,>=10000,ncei-deaths,NCEI/WDS id 5751; Mw 6.6; death bracket >= 10000
ncei-5752,2004-01-01T20:59:31Z,minute,-8.31,115.788,point,INDONESIA:  BALI; LOMBOK,earthquake,>=1,ncei-deaths,NCEI/WDS id 5752; Mw 5.8; death bracket >= 1
ncei-5758,2004-02-05T21:05:02Z,minute,-3.615,135.538,point,INDONESIA:  NABIRE,earthquake,>=10,ncei-deaths,NCEI/WDS id 5758; Mw 7; death bracket >= 10
ncei-5761,2004-02-14T10:30:22Z,minute,34.774,73.216,point,PAKISTAN:  BALAKOT; BATGRAM; MANSEHRA,earthquake,>=10,ncei-deaths,NCEI/WDS id 5761; Mw 5.4; death bracket >= 10
ncei-5762,2004-02-16T14:44:39Z,minute,-0.466,100.655,point,INDONESIA:  SUMATRA:  PADANGPANJANG,earthquake,>=1,ncei-deaths,NCEI/WDS id 5762; Mw 5.1; death bracket >= 1
ncei-5764,2004-02-24T02:14:34Z,minute,-3.393,29.558,point,BURUNDI:  RUYAGA,earthquake,>=1,ncei-deaths,NCEI/WDS id 5764; Mw 4.7; death bracket >= 1
ncei-5765,2004-02-24T02:27:46Z,minute,35.142,-3.997,point,MOROCCO:  AL HOCEIMA; IMZOURENE; BENI ABDALLAH,earthquake,>=100,ncei-deaths,NCEI/WDS id 5765; Mw 6.4; death bracket >= 100
ncei-5767,2004-03-25T19:30:49Z,minute,39.93,40.812,point,TURKEY:  ERZURUM,earthquake,>=10,ncei-deaths,NCEI/WDS id 5767; Mw 5.6; death bracket >= 10
ncei-5771,2004-04-05T21:24:04Z,minute,36.512,71.029,point,AFGHANISTAN:  HINDU KUSH:  KABUL; SAMANGAN; PAKISTAN,earthquake,>=1,ncei-deaths,NCEI/WDS id 5771; Mw 6.5; death bracket >= 1
ncei-5776,2004-05-01T07:56:13Z,minute,24.081,121.611,point,TAIWAN:  HUALIEN: TAROKO GORGE NATIONAL PARK,earthquake,>=1,ncei-deaths,NCEI/WDS id 5776; Mw 5.2; death bracket >= 1
ncei-5780,2004-05-08T20:11:44Z,minute,30.126,67.121,point,PAKISTAN:  QUETTA,earthquake,>=1,ncei-deaths,NCEI/WDS id 5780; Mw 4.5; death bracket >= 1
ncei-5783,2004-05-28T12:38:44Z,minute,36.29,51.61,point,IRAN:  MAZANDARAN; QAZVIN; TEHRAN,earthquake,>=10,ncei-deaths,NCEI/WDS id 5783; Mw 6.3; death bracket >= 10
ncei-5787,2004-07-01T22:30:09Z,minute,39.766,43.979,point,TURKEY:  DOGUBEYAZIT,earthquake,>=10,ncei-deaths,NCEI/WDS id 5787; Mw 5.1; death bracket >= 10
ncei-5789,2004-07-12T13:04:07Z,minute,46.296,13.641,point,SLOVENIA: BOVEC; KOBARID,earthquake,>=1,ncei-deaths,NCEI/WDS id 5789; Mw 5.2; death bracket >= 1
ncei-5791,2004-07-18T04:22:22Z,minute,-38,176.51,point,NEW ZEALAND:  NORTH ISLAND:  ROTORUA; TAURANGA,earthquake,>=1,ncei-deaths,NCEI/WDS id 5791; Mw 5.4; death bracket >= 1
ncei-5792,2004-07-18T08:31:45Z,minute,33.426,69.524,point,AFGHANISTAN: PAKTIA PROVINCE,earthquake,>=1,ncei-deaths,NCEI/WDS id 5792; Mw 5.2; death bracket >= 1
ncei-5793,2004-07-30T07:14:07Z,minute,39.634,43.966,point,TURKEY:  DOGUBEYAZIT,earthquake,>=1,ncei-deaths,NCEI/WDS id 5793; Mw 4; death bracket >= 1
ncei-5796,2004-08-10T10:26:14Z,minute,27.266,103.873,point,CHINA:  YUNNAN PROVINCE:  LUDIAN,earthquake,>=1,ncei-deaths,NCEI/WDS id 5796; Mw 5.4; death bracket >= 1
ncei-5797,2004-08-11T15:48:26Z,minute,38.377,39.261,point,TURKEY:  ELAZIG; SIVRICE,earthquake,>=1,ncei-deaths,NCEI/WDS id 5797; Mw 5.7; death bracket >= 1
ncei-5800,2004-09-07T11:53:06Z,minute,-28.573,-65.84,point,ARGENTINA: CATAMARCA,earthquake,>=1,ncei-deaths,NCEI/WDS id 5800; Mw 6.1; death bracket >= 1
ncei-5807,2004-10-23T08:56:00Z,minute,37.226,138.779,point,JAPAN:  HONSHU:  NIIGATA PREFECTURE,earthquake,>=10,ncei-deaths,NCEI/WDS id 5807; Mw 6.6; death bracket >= 10
ncei-5810,2004-11-11T21:26:41Z,minute,-8.152,124.868,point,INDONESIA:  KEPULAUAN ALOR,earthquake,>=10,ncei-deaths,NCEI/WDS id 5810; Mw 7.5; death bracket >= 10
ncei-5812,2004-11-20T08:07:22Z,minute,9.602,-84.172,point,COSTA RICA:  SAN JOSE; PARRITA; QUEPOS,earthquake,>=1,ncei-deaths,NCEI/WDS id 5812; Mw 6.4; death bracket >= 1
ncei-5813,2004-11-21T11:41:07Z,minute,15.679,-61.706,point,GUADELOUPE:  BASSE-TERRE; LES SAINTES,earthquake,>=1,ncei-deaths,NCEI/WDS id 5813; Mw 6.3; death bracket >= 1
ncei-5817,2004-11-26T02:25:03Z,minute,-3.609,135.404,point,INDONESIA:  NABIRE,earthquake,>=10,ncei-deaths,NCEI/WDS id 5817; Mw 7.1; death bracket >= 10
ncei-5823,2004-12-26T00:58:53Z,minute,3.295,95.982,point,INDONESIA:  SUMATRA:  ACEH:  OFF WEST COAST,earthquake,>=1000,ncei-deaths,NCEI/WDS id 5823; Mw 9.1; death bracket >= 1000
ncei-5839,2005-01-23T20:10:12Z,minute,-1.198,119.933,point,INDONESIA:  SULAWESI:  PALU,earthquake,>=1,ncei-deaths,NCEI/WDS id 5839; Mw 6.3; death bracket >= 1
ncei-5841,2005-01-25T16:44:16Z,minute,37.622,43.703,point,TURKEY:  HAKKARI,earthquake,>=1,ncei-deaths,NCEI/WDS id 5841; Mw 5.9; death bracket >= 1
ncei-5844,2005-02-02T05:55:18Z,minute,-7.037,107.819,point,INDONESIA:  JAVA:  GARUT,earthquake,>=1,ncei-deaths,NCEI/WDS id 5844; Mw 4.8; death bracket >= 1
ncei-5848,2005-02-22T02:25:22Z,minute,30.754,56.816,point,IRAN:  KERMAN PROVINCE:  ZARAND,earthquake,>=100,ncei-deaths,NCEI/WDS id 5848; Mw 6.4; death bracket >= 100
ncei-5850,2005-03-09T10:15:31Z,minute,-26.913,26.789,point,SOUTH AFRICA:  KLERKSDORP; STILFONTEIN,earthquake,>=1,ncei-deaths,NCEI/WDS id 5850; Mw 4.3; death bracket >= 1
ncei-5856,2005-03-20T01:53:41Z,minute,33.807,130.131,point,JAPAN:  KYUSHU:  FUKUOKA; GENKAI,earthquake,>=1,ncei-deaths,NCEI/WDS id 5856; Mw 6.6; death bracket >= 1
ncei-5907,1754-08-18T00:00:00Z,day,-3.5,128.5,region,INDONESIA:  AMBON ISLAND,earthquake,>=1,ncei-deaths,NCEI/WDS id 5907; Mw 6.5; death bracket >= 1
ncei-5917,1770-06-03T19:15:00Z,minute,18.5,-73.4,region,HAITI: PORT-AU-PRINCE,earthquake,>=100,ncei-deaths,NCEI/WDS id 5917; Mw 7.5; death bracket >= 100
ncei-5923,1782-05-22T00:00:00Z,day,24.5,120.5,region,TAIWAN:  TAINAN,earthquake,>=10000,ncei-deaths,NCEI/WDS id 5923; Mw n/a; death bracket >= 10000
ncei-5995,1711-12-20T00:00:00Z,day,34.3,134,region,SEIONAIKAI; JAPAN,earthquake,>=1000,ncei-deaths,NCEI/WDS id 5995; Mw 6.7; death bracket >= 1000
ncei-6001,1737-10-16T16:00:00Z,minute,51.1,158,region,RUSSIA:  KAMCHATKA,earthquake,>=100,ncei-deaths,NCEI/WDS id 6001; Mw n/a; death bracket >= 100
ncei-6035,1761-03-30T23:01:00Z,minute,34.5,-13,region,PORTUGAL: LISBON; PORTO,earthquake,>=10,ncei-deaths,NCEI/WDS id 6035; Mw 8.5; death bracket >= 10
ncei-6107,1936-07-13T11:12:15Z,minute,-24.5,-70,point,CHILE:  TALTAL,earthquake,>=1,ncei-deaths,NCEI/WDS id 6107; Mw 7.3; death bracket >= 1
ncei-6112,1852-12-04T00:00:00Z,day,17,-100,region,S. MEXICO,earthquake,>=1,ncei-deaths,NCEI/WDS id 6112; Mw n/a; death bracket >= 1
ncei-6126,1857-05-13T00:00:00Z,day,-8,115.5,region,INDONESIA:  TIMOR ISLAND::  DILHI; GERA,earthquake,>=10,ncei-deaths,NCEI/WDS id 6126; Mw 7; death bracket >= 10
ncei-6229,1899-09-29T17:03:00Z,minute,-3,128.5,region,INDONESIA:  BANDA SEA,earthquake,>=1000,ncei-deaths,NCEI/WDS id 6229; Mw 7.8; death bracket >= 1000
ncei-6345,1941-01-13T16:27:44Z,minute,-4.175,152.071,point,PAPUA NEW GUINEA:  BISMARCK SEA,earthquake,>=1,ncei-deaths,NCEI/WDS id 6345; Mw 7.4; death bracket >= 1
ncei-6349,1946-06-23T17:13:19Z,minute,49.87,-124.92,point,BRITISH COLUMBIA,earthquake,>=1,ncei-deaths,NCEI/WDS id 6349; Mw 7.3; death bracket >= 1
ncei-6415,1965-07-06T03:18:45Z,minute,38.384,22.545,point,NORTH CORINTH GULF,earthquake,>=1,ncei-deaths,NCEI/WDS id 6415; Mw 6.1; death bracket >= 1
ncei-6447,1975-03-13T15:26:42Z,minute,-29.9,-71.3,point,CHILE:  COQUIMBO; LA SERENA,earthquake,>=1,ncei-deaths,NCEI/WDS id 6447; Mw 6.9; death bracket >= 1
ncei-6510,1939-12-26T23:57:23Z,minute,39.907,39.586,point,TURKEY:  ERZINCAN,earthquake,>=10000,ncei-deaths,NCEI/WDS id 6510; Mw 7.8; death bracket >= 10000
ncei-6516,1884-08-10T19:07:00Z,minute,40.6,-73.75,region,NEW YORK: ROCKAWAY BEACH; NEAR NEW YORK CITY,earthquake,>=1,ncei-deaths,NCEI/WDS id 6516; Mw 5.5; death bracket >= 1
ncei-6573,1898-07-23T02:17:00Z,minute,-36.83,-73.03,region,CHILE:  CONCEPCION,earthquake,>=1,ncei-deaths,NCEI/WDS id 6573; Mw 6.5; death bracket >= 1
ncei-6583,1925-05-05T10:06:06Z,minute,9.3,122.7,point,W. LUZON ISLAND; PHILIPPINES,earthquake,>=10,ncei-deaths,NCEI/WDS id 6583; Mw 6.8; death bracket >= 10
ncei-6630,1967-12-21T02:25:23Z,minute,-21.7,-69.5,point,CHILE:  NORTHERN,earthquake,>=1,ncei-deaths,NCEI/WDS id 6630; Mw 7.5; death bracket >= 1
ncei-6657,2005-03-28T16:09:36Z,minute,2.085,97.108,point,INDONESIA:  SUMATERA:  SW,earthquake,>=1000,ncei-deaths,NCEI/WDS id 6657; Mw 8.6; death bracket >= 1000
ncei-6763,2005-07-25T15:43:41Z,minute,46.827,125.058,point,CHINA:  DAQING,earthquake,>=1,ncei-deaths,NCEI/WDS id 6763; Mw 4.7; death bracket >= 1
ncei-6776,2005-09-26T01:55:37Z,minute,-5.678,-76.398,point,PERU:  LAMAS; CHACHAPOYAS; MOYOBAMBA; TARAPOTA,earthquake,>=1,ncei-deaths,NCEI/WDS id 6776; Mw 7.5; death bracket >= 1
ncei-6778,2005-10-08T03:50:39Z,minute,34.451,73.649,point,PAKISTAN:  MUZAFFARABAD; URI; ANANTNAG; BARAMULA,earthquake,>=10000,ncei-deaths,NCEI/WDS id 6778; Mw 7.6; death bracket >= 10000
ncei-6779,2005-10-20T21:40:04Z,minute,38.152,26.751,point,TURKEY:  IZMIR,earthquake,>=1,ncei-deaths,NCEI/WDS id 6779; Mw 5.9; death bracket >= 1
ncei-6798,1977-04-20T23:13:10Z,minute,-9.828,160.323,point,SOLOMON ISLANDS,earthquake,>=10,ncei-deaths,NCEI/WDS id 6798; Mw 6.8; death bracket >= 10
ncei-6800,1971-05-22T16:43:58Z,minute,38.8,40.5,point,TURKEY:  BINGOL,earthquake,>=100,ncei-deaths,NCEI/WDS id 6800; Mw 6.7; death bracket >= 100
ncei-6825,2005-10-27T11:18:57Z,minute,23.604,107.798,point,CHINA:  GUANGXI PROVINCE,earthquake,>=1,ncei-deaths,NCEI/WDS id 6825; Mw 4.2; death bracket >= 1
ncei-6828,2005-11-26T00:49:37Z,minute,29.695,115.689,point,CHINA:  JIANGXI:  JIUJIANG; RUICHANG,earthquake,>=10,ncei-deaths,NCEI/WDS id 6828; Mw 5.2; death bracket >= 10
ncei-6829,2005-11-27T10:22:19Z,minute,26.774,55.858,point,IRAN:  QESHM; ZIRANG,earthquake,>=10,ncei-deaths,NCEI/WDS id 6829; Mw 6; death bracket >= 10
ncei-6830,2005-12-05T12:19:56Z,minute,-6.224,29.83,point,CONGO:  KALEMIE,earthquake,>=1,ncei-deaths,NCEI/WDS id 6830; Mw 6.8; death bracket >= 1
ncei-6831,2005-12-12T21:47:46Z,minute,36.357,71.093,point,AFGHANISTAN:  TILI; JALALABAD; BADAKHSHAN,earthquake,>=1,ncei-deaths,NCEI/WDS id 6831; Mw 6.5; death bracket >= 1
ncei-7221,1982-03-28T04:16:52Z,minute,17.25,-93.21,point,MEXICO:  CHIAPAS,earthquake,>=10,ncei-deaths,NCEI/WDS id 7221; Mw 3.5; death bracket >= 10
ncei-7223,2006-02-14T00:55:25Z,minute,27.382,88.388,point,INDIA:  SIKKIM,earthquake,>=1,ncei-deaths,NCEI/WDS id 7223; Mw 5.3; death bracket >= 1
ncei-7225,2006-02-22T22:19:07Z,minute,-21.324,33.583,point,MOZAMBIQUE,earthquake,>=1,ncei-deaths,NCEI/WDS id 7225; Mw 7; death bracket >= 1
ncei-7229,2006-03-10T07:50:14Z,minute,33.129,73.887,point,PAKISTAN:  MIRPUR DISTRICT,earthquake,>=1,ncei-deaths,NCEI/WDS id 7229; Mw 4.9; death bracket >= 1
ncei-7231,2006-03-20T19:44:25Z,minute,36.623,5.328,point,ALGERIA:  NORTHERN,earthquake,>=1,ncei-deaths,NCEI/WDS id 7231; Mw 4.9; death bracket >= 1
ncei-7232,2006-03-25T07:28:57Z,minute,27.574,55.685,point,IRAN:  SOUTHERN,earthquake,>=1,ncei-deaths,NCEI/WDS id 7232; Mw 5.9; death bracket >= 1
ncei-7234,2006-03-31T01:17:00Z,minute,33.5,48.78,point,IRAN:  WESTERN:  BORUJERD; DORUD,earthquake,>=10,ncei-deaths,NCEI/WDS id 7234; Mw 6.1; death bracket >= 10
ncei-7245,2006-05-26T22:53:58Z,minute,-7.961,110.446,point,INDONESIA:   JAVA:  BANTUL; YOGYAKARTA,earthquake,>=1000,ncei-deaths,NCEI/WDS id 7245; Mw 6.3; death bracket >= 1000
ncei-7246,2006-06-03T07:15:35Z,minute,26.759,55.843,point,IRAN:  SOUTHERN:  QESHM,earthquake,>=1,ncei-deaths,NCEI/WDS id 7246; Mw 5.1; death bracket >= 1
ncei-7252,2005-12-14T07:09:54Z,minute,30.476,79.255,point,INDIA:  JAUSARI; CHAMOLI; NANDPRAYAG,earthquake,>=1,ncei-deaths,NCEI/WDS id 7252; Mw 5.3; death bracket >= 1
ncei-7284,1983-08-08T03:47:57Z,minute,35.5,139.07,point,JAPAN:  HONSHU:  S COAST,earthquake,>=1,ncei-deaths,NCEI/WDS id 7284; Mw 5.3; death bracket >= 1
ncei-7321,2006-07-22T01:10:29Z,minute,27.995,104.138,point,CHINA:  YANJIN,earthquake,>=10,ncei-deaths,NCEI/WDS id 7321; Mw 4.9; death bracket >= 10
ncei-7363,2006-07-29T00:11:51Z,minute,37.255,68.828,point,TAJIKISTAN:  PANJ-QUMSANGIR,earthquake,>=1,ncei-deaths,NCEI/WDS id 7363; Mw 5.6; death bracket >= 1
ncei-7367,2006-08-25T05:51:44Z,minute,28.012,104.151,point,CHINA:  SICHUAN PROVINCE,earthquake,>=1,ncei-deaths,NCEI/WDS id 7367; Mw 4.6; death bracket >= 1
ncei-7409,2006-09-29T18:23:05Z,minute,10.814,-61.758,point,TRINIDAD:  GASPARILLO,earthquake,>=1,ncei-deaths,NCEI/WDS id 7409; Mw 5.5; death bracket >= 1
ncei-7413,2006-12-26T12:26:21Z,minute,21.799,120.547,point,TAIWAN:  PINGTUNG,earthquake,>=1,ncei-deaths,NCEI/WDS id 7413; Mw 7; death bracket >= 1
ncei-7420,2006-12-01T14:01:47Z,minute,-8.251,118.777,point,INDONESIA:  SUMABAWA:  BIMA,earthquake,>=1,ncei-deaths,NCEI/WDS id 7420; Mw 6.3; death bracket >= 1
ncei-7443,1953-09-14T00:26:36Z,minute,-18.3,178.2,point,FIJI ISLANDS,earthquake,>=1,ncei-deaths,NCEI/WDS id 7443; Mw 6.4; death bracket >= 1
ncei-7444,2006-12-17T21:39:17Z,minute,0.626,99.859,point,INDONESIA:  SUMATERA:  NORTHERN; MUARASIPONGI,earthquake,>=1,ncei-deaths,NCEI/WDS id 7444; Mw 5.8; death bracket >= 1
ncei-7446,1930-12-24T06:02:46Z,minute,-25.102,-65.419,point,ARGENTINA:  LA POMA,earthquake,>=10,ncei-deaths,NCEI/WDS id 7446; Mw 6.1; death bracket >= 10
ncei-7448,2007-03-25T00:41:57Z,minute,37.336,136.588,point,JAPAN:  HONSHU:  W COAST,earthquake,>=1,ncei-deaths,NCEI/WDS id 7448; Mw 6.7; death bracket >= 1
ncei-7456,2007-01-21T11:27:45Z,minute,1.065,126.282,point,INDONESIA:  MOLUCCA ISLANDS:  N,earthquake,>=1,ncei-deaths,NCEI/WDS id 7456; Mw 7.5; death bracket >= 1
ncei-7457,2007-04-01T20:39:56Z,minute,-8.466,157.043,point,SOLOMON ISLANDS,earthquake,>=1,ncei-deaths,NCEI/WDS id 7457; Mw 8.1; death bracket >= 1
ncei-7465,2007-04-21T17:53:46Z,minute,-45.243,-72.648,point,CHILE:  SOUTHERN,earthquake,>=1,ncei-deaths,NCEI/WDS id 7465; Mw 6.2; death bracket >= 1
ncei-7481,2007-03-06T03:49:38Z,minute,-0.493,100.498,point,INDONESIA:  SUMATRA:  SOUTHERN,earthquake,>=10,ncei-deaths,NCEI/WDS id 7481; Mw 6.4; death bracket >= 10
ncei-7506,1791-11-02T00:00:00Z,day,35.8,21,region,GREECE:  ZANTE; GASTUNI,earthquake,>=10,ncei-deaths,NCEI/WDS id 7506; Mw 7; death bracket >= 10
ncei-7521,2007-07-16T01:13:22Z,minute,37.57,138.478,point,JAPAN:  HONSHU:  W COAST,earthquake,>=10,ncei-deaths,NCEI/WDS id 7521; Mw 6.6; death bracket >= 10
ncei-7525,2007-06-02T21:34:57Z,minute,23.028,101.052,point,CHINA:  YUNNAN PROVINCE:  NING'ER,earthquake,>=1,ncei-deaths,NCEI/WDS id 7525; Mw 6.1; death bracket >= 1
ncei-7531,2007-08-02T02:37:42Z,minute,47.116,141.798,point,RUSSIA:  TATAR STRAIT,earthquake,>=1,ncei-deaths,NCEI/WDS id 7531; Mw 6.2; death bracket >= 1
ncei-7537,2007-08-15T23:40:57Z,minute,-13.386,-76.603,point,PERU:  ICA; PISCO; LIMA,earthquake,>=100,ncei-deaths,NCEI/WDS id 7537; Mw 8; death bracket >= 100
ncei-7574,2007-09-12T11:10:26Z,minute,-4.438,101.367,point,INDONESIA:  SUMATRA,earthquake,>=10,ncei-deaths,NCEI/WDS id 7574; Mw 8.4; death bracket >= 10
ncei-7597,2007-07-21T22:44:13Z,minute,38.936,70.485,point,TAJIKISTAN:  RASHT; ASHT,earthquake,>=10,ncei-deaths,NCEI/WDS id 7597; Mw 5.2; death bracket >= 10
ncei-7601,2007-08-06T08:48:40Z,minute,39.465,-111.237,point,UTAH:  HUNTINGTON,earthquake,>=1,ncei-deaths,NCEI/WDS id 7601; Mw 4.2; death bracket >= 1
ncei-7614,2007-08-17T00:38:56Z,minute,39.464,-111.207,point,UTAH,earthquake,>=1,ncei-deaths,NCEI/WDS id 7614; Mw 1.6; death bracket >= 1
ncei-7634,2007-11-14T15:40:50Z,minute,-22.247,-69.89,point,CHILE:  TOCOPILLA; MARIA ELENA,earthquake,>=1,ncei-deaths,NCEI/WDS id 7634; Mw 7.7; death bracket >= 1
ncei-7674,2007-11-25T16:02:17Z,minute,-8.277,118.339,point,INDONESIA:  SUMBAWA ISLAND,earthquake,>=1,ncei-deaths,NCEI/WDS id 7674; Mw 6.5; death bracket >= 1
ncei-7675,2007-11-29T19:00:20Z,minute,14.944,-61.274,point,MARTINIQUE,earthquake,>=1,ncei-deaths,NCEI/WDS id 7675; Mw 7.4; death bracket >= 1
ncei-7697,2007-10-26T06:50:06Z,minute,35.304,76.753,point,PAKISTAN:  GHANCHE,earthquake,>=1,ncei-deaths,NCEI/WDS id 7697; Mw 4.8; death bracket >= 1
ncei-7699,2007-11-06T09:38:05Z,minute,21.181,70.724,point,INDIA:  GUJARAT,earthquake,>=1,ncei-deaths,NCEI/WDS id 7699; Mw 5.1; death bracket >= 1
ncei-7700,2007-11-07T04:12:38Z,minute,9.721,124.647,point,PHILIPPINES:  BOHOL ISLAND:  MABINI,earthquake,>=1,ncei-deaths,NCEI/WDS id 7700; Mw 5.1; death bracket >= 1
ncei-7708,2007-12-09T02:03:29Z,minute,-15.048,-44.231,point,BRAZIL:  MINAS GERAIS,earthquake,>=1,ncei-deaths,NCEI/WDS id 7708; Mw 4.6; death bracket >= 1
ncei-7724,2007-12-20T07:55:15Z,minute,-39.011,178.291,point,NEW ZEALAND:  OFF COAST NORTH ISLAND,earthquake,>=1,ncei-deaths,NCEI/WDS id 7724; Mw 6.6; death bracket >= 1
ncei-7748,2008-01-09T22:24:03Z,minute,35.616,-0.57,point,ALGERIA:  ORAN,earthquake,>=1,ncei-deaths,NCEI/WDS id 7748; Mw 4.6; death bracket >= 1
ncei-7750,2008-01-22T17:14:57Z,minute,1.011,97.442,point,INDONESIA:  SUMATRA:  NIAS ISLAND:  GUNUNGSITOLI,earthquake,>=1,ncei-deaths,NCEI/WDS id 7750; Mw 6.1; death bracket >= 1
ncei-7764,2008-02-03T07:34:12Z,minute,-2.296,28.9,point,CONGO:  BUKAVU,earthquake,>=10,ncei-deaths,NCEI/WDS id 7764; Mw 5.9; death bracket >= 10
ncei-7765,2008-02-06T06:09:40Z,minute,23.433,87.111,point,INDIA:  WEST BENGAL,earthquake,>=1,ncei-deaths,NCEI/WDS id 7765; Mw 4.3; death bracket >= 1
ncei-7768,2008-02-14T02:07:46Z,minute,-2.404,28.918,point,RWANDA:  GISENYI,earthquake,>=1,ncei-deaths,NCEI/WDS id 7768; Mw 4.9; death bracket >= 1
ncei-7774,1940-01-15T13:19:24Z,minute,38.1,13.5,point,ITALY,earthquake,>=1,ncei-deaths,NCEI/WDS id 7774; Mw 4.8; death bracket >= 1
ncei-7843,2008-05-12T06:28:00Z,minute,30.98,103.396,point,CHINA:  SICHUAN PROVINCE,earthquake,>=10000,ncei-deaths,NCEI/WDS id 7843; Mw 7.9; death bracket >= 10000
ncei-7864,1926-08-31T10:40:09Z,minute,37.973,-28.59,point,AZORES:  FAYAL ISLAND,earthquake,>=1,ncei-deaths,NCEI/WDS id 7864; Mw 5.8; death bracket >= 1
ncei-7868,1911-02-18T18:41:09Z,minute,38.289,72.596,point,TAJIKISTAN:  USOY; BARCHIDIV; POSOR; NISUR,earthquake,>=100,ncei-deaths,NCEI/WDS id 7868; Mw 7.2; death bracket >= 100
ncei-7870,2008-02-20T08:08:30Z,minute,2.768,95.964,point,INDONESIA:  SUMATERA:  ACEH PROVINCE,earthquake,>=1,ncei-deaths,NCEI/WDS id 7870; Mw 7.4; death bracket >= 1
ncei-7879,2008-05-24T19:20:42Z,minute,4.33,-73.764,point,COLOMBIA:  META; QUETAME,earthquake,>=1,ncei-deaths,NCEI/WDS id 7879; Mw 5.6; death bracket >= 1
ncei-7881,2008-05-25T08:21:48Z,minute,32.57,105.424,point,CHINA:  SICHUAN PROVINCE,earthquake,>=1,ncei-deaths,NCEI/WDS id 7881; Mw 6; death bracket >= 1
ncei-7884,1893-04-08T00:00:00Z,day,44.2,21.2,region,BALKANS:  NW:  POPOVIC,earthquake,>=1,ncei-deaths,NCEI/WDS id 7884; Mw n/a; death bracket >= 1
ncei-7890,1880-06-22T00:00:00Z,day,33,104.6,region,CHINA:  GANSU PROVINCE:   WENXIAN,earthquake,>=1,ncei-deaths,NCEI/WDS id 7890; Mw 5.5; death bracket >= 1
ncei-7891,1881-02-18T00:00:00Z,day,24.5,120.7,region,TAIWAN:  S of XINZHU,earthquake,>=10,ncei-deaths,NCEI/WDS id 7891; Mw 5.5; death bracket >= 10
ncei-7907,2008-06-13T23:43:45Z,minute,39.03,140.881,point,JAPAN:  HONSHU:  TOKYO,earthquake,>=10,ncei-deaths,NCEI/WDS id 7907; Mw 6.9; death bracket >= 10
ncei-7925,2008-06-08T12:25:29Z,minute,37.963,21.525,point,GREECE:  ACHAIA; ILEIA,earthquake,>=1,ncei-deaths,NCEI/WDS id 7925; Mw 6.3; death bracket >= 1
ncei-7937,1856-01-12T10:20:00Z,minute,37.1,-8,region,PORTUGAL:  TAVIRA; ALGARVE,earthquake,>=1,ncei-deaths,NCEI/WDS id 7937; Mw n/a; death bracket >= 1
ncei-7965,1748-08-30T00:00:00Z,day,30.4,101.6,region,CHINA:  SICHUAN PROVINCE,earthquake,>=1,ncei-deaths,NCEI/WDS id 7965; Mw 6; death bracket >= 1
ncei-7970,1814-02-04T00:00:00Z,day,35.8,114.4,region,CHINA:  HENAN PROVINCE,earthquake,>=1,ncei-deaths,NCEI/WDS id 7970; Mw 5.3; death bracket >= 1
ncei-7972,1969-02-11T22:08:54Z,minute,41.45,79.367,point,CHINA:  XINJIANG PROVINCE:  WUSHI,earthquake,>=1,ncei-deaths,NCEI/WDS id 7972; Mw 6.3; death bracket >= 1
ncei-7985,1855-12-11T00:00:00Z,day,39.1,121.6,region,CHINA:  LIAONING PROVINCE,earthquake,>=1,ncei-deaths,NCEI/WDS id 7985; Mw 5.5; death bracket >= 1
ncei-7986,1861-07-19T00:00:00Z,day,39.1,121.7,region,CHINA:  LIAONING PROVINCE,earthquake,>=1,ncei-deaths,NCEI/WDS id 7986; Mw 6; death bracket >= 1
ncei-7991,1904-04-24T06:39:00Z,minute,23.5,120.5,point,TAIWAN:  JIAYI,earthquake,>=1,ncei-deaths,NCEI/WDS id 7991; Mw 6; death bracket >= 1
ncei-7993,1909-11-21T07:36:00Z,minute,24.4,121.8,point,TAIWAN,earthquake,>=1,ncei-deaths,NCEI/WDS id 7993; Mw 7.3; death bracket >= 1
ncei-7995,1915-12-03T02:39:19Z,minute,29.5,91.5,point,CHINA:  TIBET (XIZANG PROVINCE),earthquake,>=100,ncei-deaths,NCEI/WDS id 7995; Mw 7; death bracket >= 100
ncei-7996,1916-11-14T22:31:33Z,minute,24,121,point,TAIWAN,earthquake,>=1,ncei-deaths,NCEI/WDS id 7996; Mw 6; death bracket >= 1
ncei-7997,1924-07-03T04:40:10Z,minute,36.8,83.8,point,CHINA: XINJIANG,earthquake,>=100,ncei-deaths,NCEI/WDS id 7997; Mw 7.3; death bracket >= 100
ncei-7998,1928-07-19T20:13:50Z,minute,31.5,120.5,point,CHINA: SICHUAN PROVINCE,earthquake,>=1,ncei-deaths,NCEI/WDS id 7998; Mw 5.8; death bracket >= 1
ncei-7999,1929-01-13T18:44:39Z,minute,40.7,111.6,point,CHINA:  NEI MONGOL,earthquake,>=1,ncei-deaths,NCEI/WDS id 7999; Mw 6; death bracket >= 1
ncei-8001,1930-05-14T19:48:22Z,minute,26.8,103,point,CHINA:  YUNNAN PROVINCE,earthquake,>=10,ncei-deaths,NCEI/WDS id 8001; Mw 6; death bracket >= 10
ncei-8004,1932-04-06T09:11:18Z,minute,31.4,115,point,CHINA:  HUBEI PROVINCE,earthquake,>=1,ncei-deaths,NCEI/WDS id 8004; Mw 6; death bracket >= 1
ncei-8010,1935-12-18T07:10:36Z,minute,28.7,103.6,point,CHINA:  SICHUAN PROVINCE,earthquake,>=100,ncei-deaths,NCEI/WDS id 8010; Mw 6; death bracket >= 100
ncei-8013,1939-09-19T00:00:00Z,day,24.4,102.5,point,CHINA:  YUNNAN PROVINCE,earthquake,>=1,ncei-deaths,NCEI/WDS id 8013; Mw 5.5; death bracket >= 1
ncei-8015,1940-06-19T00:00:00Z,day,24.4,102.5,point,CHINA:  YUNNAN PROVINCE,earthquake,>=1,ncei-deaths,NCEI/WDS id 8015; Mw 5.5; death bracket >= 1
ncei-8018,1944-03-09T22:12:58Z,minute,44,84,point,CHINA:  XINJIANG PROVINCE,earthquake,>=1,ncei-deaths,NCEI/WDS id 8018; Mw 7.2; death bracket >= 1
ncei-8020,1947-03-26T20:48:32Z,minute,25,102,point,CHINA:  YUNNAN PROVINCE,earthquake,>=1,ncei-deaths,NCEI/WDS id 8020; Mw 5.5; death bracket >= 1
ncei-8021,1947-06-07T05:05:00Z,minute,26.7,102.9,point,CHINA:  SICHUAN PROVINCE,earthquake,>=1,ncei-deaths,NCEI/WDS id 8021; Mw 5.5; death bracket >= 1
ncei-8022,1948-10-08T19:01:57Z,minute,27.4,104,point,CHINA:  GUIZHOU PROVINCE,earthquake,>=1,ncei-deaths,NCEI/WDS id 8022; Mw 5.8; death bracket >= 1
ncei-8023,1949-02-23T16:08:11Z,minute,42,84,point,CHINA:  XINJIANG PROVINCE,earthquake,>=10,ncei-deaths,NCEI/WDS id 8023; Mw 7.3; death bracket >= 10
ncei-8028,1963-08-29T08:53:50Z,minute,39.8,74.2,point,CHINA:  XINJIANG,earthquake,>=1,ncei-deaths,NCEI/WDS id 8028; Mw 6.5; death bracket >= 1
ncei-8042,1955-02-18T22:48:33Z,minute,30.5,67,point,PAKISTAN:  QUETTA,earthquake,>=10,ncei-deaths,NCEI/WDS id 8042; Mw n/a; death bracket >= 10
ncei-8052,1962-03-18T20:18:53Z,minute,23.72,114.67,point,CHINA:  GUANGDONG PROVINCE,earthquake,>=1,ncei-deaths,NCEI/WDS id 8052; Mw 6.1; death bracket >= 1
ncei-8095,1748-03-06T00:00:00Z,day,30.1,101.9,region,CHINA:  SICHUAN PROVINCE,earthquake,>=10,ncei-deaths,NCEI/WDS id 8095; Mw 5.5; death bracket >= 10
ncei-8098,1816-12-08T00:00:00Z,day,31.4,100.7,region,CHINA:  SICHUAN PROVINCE,earthquake,>=1000,ncei-deaths,NCEI/WDS id 8098; Mw 6.5; death bracket >= 1000
ncei-8102,1863-09-25T00:00:00Z,day,43.8,87.6,region,CHINA:  XINJIANG,earthquake,>=1,ncei-deaths,NCEI/WDS id 8102; Mw 5.5; death bracket >= 1
ncei-8106,1885-12-22T00:00:00Z,day,25,104,region,CHINA:   YUNNAN PROVINCE,earthquake,>=1,ncei-deaths,NCEI/WDS id 8106; Mw 5; death bracket >= 1
ncei-8107,1896-03-05T00:00:00Z,day,38,76,region,CHINA:  XINJIANG,earthquake,>=1,ncei-deaths,NCEI/WDS id 8107; Mw 6.5; death bracket >= 1
ncei-8108,1897-03-19T00:00:00Z,day,24.7,121.8,region,TAIWAN:  YILAN,earthquake,>=10,ncei-deaths,NCEI/WDS id 8108; Mw 6; death bracket >= 10
ncei-8109,1905-11-08T03:27:00Z,minute,29.3,104.8,point,CHINA:  SICHUAN PROVINCE,earthquake,>=10,ncei-deaths,NCEI/WDS id 8109; Mw 5; death bracket >= 10
ncei-8115,1893-12-17T00:00:00Z,day,41.7,82.8,region,CHINA: XINJIANG,earthquake,>=10,ncei-deaths,NCEI/WDS id 8115; Mw 6.8; death bracket >= 10
ncei-8125,2008-06-06T20:02:56Z,minute,35.883,-0.658,point,ALGERIA:  ORAN,earthquake,>=1,ncei-deaths,NCEI/WDS id 8125; Mw 5.5; death bracket >= 1
ncei-8132,2008-08-30T08:30:54Z,minute,26.272,101.937,point,CHINA:  SICHUAN PROVINCE,earthquake,>=10,ncei-deaths,NCEI/WDS id 8132; Mw 5.9; death bracket >= 10
ncei-8133,2008-09-10T11:00:34Z,minute,26.743,55.828,point,IRAN:  HORMOZGAN PROVINCE,earthquake,>=1,ncei-deaths,NCEI/WDS id 8133; Mw 6.1; death bracket >= 1
ncei-8135,2005-06-13T22:44:33Z,minute,-19.987,-69.197,point,CHILE:  TARAPACA,earthquake,>=10,ncei-deaths,NCEI/WDS id 8135; Mw 7.7; death bracket >= 10
ncei-8153,1856-08-22T11:40:00Z,minute,37.1,5.7,region,ALGERIA:  NORTHERN,earthquake,>=1,ncei-deaths,NCEI/WDS id 8153; Mw n/a; death bracket >= 1
ncei-8160,2008-10-05T15:52:49Z,minute,39.533,73.824,point,KYRGYZSTAN: NURA,earthquake,>=10,ncei-deaths,NCEI/WDS id 8160; Mw 6.6; death bracket >= 10
ncei-8161,2008-10-06T08:30:45Z,minute,29.807,90.35,point,CHINA:  TIBET (XIZANG PROVINCE),earthquake,>=1,ncei-deaths,NCEI/WDS id 8161; Mw 6.3; death bracket >= 1
ncei-8162,2008-10-11T09:06:10Z,minute,43.372,46.254,point,RUSSIA:  CAUCASUS:  CHECHNYA,earthquake,>=10,ncei-deaths,NCEI/WDS id 8162; Mw 5.7; death bracket >= 10
ncei-8163,2008-07-08T09:13:07Z,minute,-15.986,-71.748,point,PERU:  AREQUIPA,earthquake,>=1,ncei-deaths,NCEI/WDS id 8163; Mw 6.2; death bracket >= 1
ncei-8164,2008-07-23T15:26:19Z,minute,39.802,141.464,point,JAPAN:  HONSHU:  N,earthquake,>=1,ncei-deaths,NCEI/WDS id 8164; Mw 6.8; death bracket >= 1
ncei-8165,2008-07-24T07:09:30Z,minute,32.747,105.542,point,CHINA:  SICHUAN PROVINCE,earthquake,>=1,ncei-deaths,NCEI/WDS id 8165; Mw 5.6; death bracket >= 1
ncei-8168,2008-08-05T09:49:17Z,minute,32.756,105.494,point,CHINA:  SICHUAN PROVINCE,earthquake,>=1,ncei-deaths,NCEI/WDS id 8168; Mw 6; death bracket >= 1
ncei-8172,2008-08-21T12:24:32Z,minute,25.09,97.838,point,CHINA:  YUNNAN PROVINCE,earthquake,>=1,ncei-deaths,NCEI/WDS id 8172; Mw 6; death bracket >= 1
ncei-8177,2008-10-28T23:09:57Z,minute,30.639,67.351,point,PAKISTAN:  QUETTA,earthquake,>=100,ncei-deaths,NCEI/WDS id 8177; Mw 6.4; death bracket >= 100
ncei-8182,1941-01-11T08:32:59Z,minute,16.4,43.5,point,YEMEN:  RAZIH,earthquake,>=1000,ncei-deaths,NCEI/WDS id 8182; Mw 5.9; death bracket >= 1000
ncei-8185,2008-09-09T03:07:27Z,minute,-3.935,103.058,point,INDONESIA:  SUMATRA:  SOUTHERN,earthquake,>=1,ncei-deaths,NCEI/WDS id 8185; Mw 5.4; death bracket >= 1
ncei-8186,2008-09-16T21:47:14Z,minute,17.438,73.915,point,INDIA:  MAHARASHTRA,earthquake,>=1,ncei-deaths,NCEI/WDS id 8186; Mw 5; death bracket >= 1
ncei-8187,1968-03-20T19:02:50Z,minute,-0.6,34.4,point,KENYA:  HOMA BAY; USIRI; GOT KOKECH,earthquake,>=1,ncei-deaths,NCEI/WDS id 8187; Mw 4.6; death bracket >= 1
ncei-8191,2008-11-16T17:02:32Z,minute,1.271,122.091,point,INDONESIA:  MINAHASSA PENINSULA,earthquake,>=1,ncei-deaths,NCEI/WDS id 8191; Mw 7.3; death bracket >= 1
ncei-8204,2009-01-03T19:43:50Z,minute,-0.414,132.885,point,PAPUA NEW GUINEA:  NEAR NORTH COAST,earthquake,>=1,ncei-deaths,NCEI/WDS id 8204; Mw 7.6; death bracket >= 1
ncei-8208,2008-11-22T22:27:55Z,minute,49.914,18.455,point,CZECH REPUBLIC:  KARVINA,earthquake,>=1,ncei-deaths,NCEI/WDS id 8208; Mw 4.1; death bracket >= 1
ncei-8210,2009-01-08T19:21:35Z,minute,10.165,-84.197,point,COSTA RICA:  LA PAZ,earthquake,>=10,ncei-deaths,NCEI/WDS id 8210; Mw 6.1; death bracket >= 10
ncei-8241,1773-07-29T00:00:00Z,day,14.6,-90.7,region,GUATEMALA:  ANTIGUA,earthquake,>=100,ncei-deaths,NCEI/WDS id 8241; Mw 7.5; death bracket >= 100
ncei-8254,2008-12-09T18:53:11Z,minute,32.518,105.395,point,CHINA:  SICHUAN PROVINCE,earthquake,>=1,ncei-deaths,NCEI/WDS id 8254; Mw 4.5; death bracket >= 1
ncei-8264,2009-04-06T01:32:39Z,minute,42.334,13.334,point,ITALY:  L'AQUILA,earthquake,>=100,ncei-deaths,NCEI/WDS id 8264; Mw 6.3; death bracket >= 100
ncei-8277,2009-04-07T17:47:37Z,minute,42.275,13.464,point,ITALY:  L'AQUILA,earthquake,>=1,ncei-deaths,NCEI/WDS id 8277; Mw 5.5; death bracket >= 1
ncei-8297,2009-05-28T08:24:45Z,minute,16.72,-86.236,point,HONDURAS:  NORTHERN; BELIZE,earthquake,>=1,ncei-deaths,NCEI/WDS id 8297; Mw 7.3; death bracket >= 1
ncei-8318,2009-04-16T21:27:51Z,minute,34.185,70.076,point,AFGHANISTAN:  NANGARHAR,earthquake,>=10,ncei-deaths,NCEI/WDS id 8318; Mw 5.4; death bracket >= 10
ncei-8337,1966-07-12T00:04:12Z,minute,38.9,41.3,point,TURKEY:  BAGICI,earthquake,>=10,ncei-deaths,NCEI/WDS id 8337; Mw 4.6; death bracket >= 10
ncei-8377,2009-08-10T20:07:09Z,minute,34.743,138.264,point,JAPAN:  HONSHU:  S COAST,earthquake,>=1,ncei-deaths,NCEI/WDS id 8377; Mw 6.4; death bracket >= 1
ncei-8383,2009-06-13T17:17:38Z,minute,44.724,78.864,point,KAZAKHSTAN:  TEKELI,earthquake,>=1,ncei-deaths,NCEI/WDS id 8383; Mw 5.4; death bracket >= 1
ncei-8386,2009-09-02T07:55:01Z,minute,-7.782,107.297,point,INDONESIA:  JAVA,earthquake,>=10,ncei-deaths,NCEI/WDS id 8386; Mw 7; death bracket >= 10
ncei-8392,2009-09-21T08:53:05Z,minute,27.332,91.437,point,BHUTAN:  TASHIGANG,earthquake,>=10,ncei-deaths,NCEI/WDS id 8392; Mw 6.1; death bracket >= 10
ncei-8409,2009-09-30T10:16:09Z,minute,-0.72,99.867,point,INDONESIA:  SUMATRA:  PADANG,earthquake,>=1000,ncei-deaths,NCEI/WDS id 8409; Mw 7.5; death bracket >= 1000
ncei-8451,2009-11-08T19:41:43Z,minute,-8.207,118.631,point,INDONESIA:  SUMABAWA:  BIMA,earthquake,>=1,ncei-deaths,NCEI/WDS id 8451; Mw 6.6; death bracket >= 1
ncei-8492,2009-08-08T13:26:17Z,minute,29.358,105.438,point,CHINA:  CHONGQING PROVINCE:  RONGCHANG,earthquake,>=1,ncei-deaths,NCEI/WDS id 8492; Mw 3.4; death bracket >= 1
ncei-8552,2009-10-01T01:52:27Z,minute,-2.515,101.501,point,INDONESIA:  SUMATRA:  SOUTHERN:  KERINCI,earthquake,>=1,ncei-deaths,NCEI/WDS id 8552; Mw 6.6; death bracket >= 1
ncei-8574,2009-10-22T19:51:27Z,minute,36.517,70.95,point,AFGHANISTAN:  HINDU KUSH,earthquake,>=1,ncei-deaths,NCEI/WDS id 8574; Mw 6.1; death bracket >= 1
ncei-8632,2009-12-19T23:19:15Z,minute,-10.108,33.818,point,MALAWI:  KARONGA,earthquake,>=1,ncei-deaths,NCEI/WDS id 8632; Mw 6; death bracket >= 1
ncei-8732,2010-01-12T21:53:10Z,minute,18.457,-72.533,point,HAITI:  PORT-AU-PRINCE,earthquake,>=100000,ncei-deaths,NCEI/WDS id 8732; Mw 7; death bracket >= 100000
ncei-8752,2010-01-30T21:36:58Z,minute,30.268,105.668,point,CHINA:  SICHUAN PROVINCE: MOXI,earthquake,>=1,ncei-deaths,NCEI/WDS id 8752; Mw 4.7; death bracket >= 1
ncei-8792,2009-12-06T21:51:59Z,minute,-26.414,27.494,point,SOUTH AFRICA:  CARLETONVILLE,earthquake,>=1,ncei-deaths,NCEI/WDS id 8792; Mw 3.5; death bracket >= 1
ncei-8793,2009-12-08T03:08:57Z,minute,-9.948,33.878,point,MALAWI:  KARONGA,earthquake,>=1,ncei-deaths,NCEI/WDS id 8793; Mw 5.9; death bracket >= 1
ncei-8852,1968-01-25T09:56:48Z,minute,37.8,13.2,point,ITALY:  SICILY,earthquake,>=1,ncei-deaths,NCEI/WDS id 8852; Mw 5.1; death bracket >= 1
ncei-8872,2010-02-27T06:34:11Z,minute,-36.122,-72.898,point,CHILE:  MAULE; CONCEPCION; TALCAHUANO,earthquake,>=100,ncei-deaths,NCEI/WDS id 8872; Mw 8.8; death bracket >= 100
ncei-8892,2010-03-08T02:32:34Z,minute,38.864,39.986,point,TURKEY:  ELAZIG PROVINCE:  OKCULAR; YUKARI DEMIRCI,earthquake,>=10,ncei-deaths,NCEI/WDS id 8892; Mw 6.1; death bracket >= 10
ncei-8932,2010-04-04T22:40:43Z,minute,32.297,-115.278,point,MEXICO:  BAJA CALIFORNIA,earthquake,>=1,ncei-deaths,NCEI/WDS id 8932; Mw 7.2; death bracket >= 1
ncei-8972,2010-04-13T23:49:38Z,minute,33.165,96.548,point,CHINA:  QINGHAI PROVINCE:  YUSHU,earthquake,>=1000,ncei-deaths,NCEI/WDS id 8972; Mw 6.9; death bracket >= 1000
ncei-8992,2010-01-10T00:25:04Z,minute,-7.907,107.879,point,INDONESIA:  JAVA:  GARUT,earthquake,>=1,ncei-deaths,NCEI/WDS id 8992; Mw 5.1; death bracket >= 1
ncei-8995,2010-01-17T09:37:26Z,minute,25.558,105.804,point,CHINA:  GUIZHOU PROVINCE,earthquake,>=1,ncei-deaths,NCEI/WDS id 8995; Mw 4.4; death bracket >= 1
ncei-9012,2010-04-18T20:28:50Z,minute,35.633,67.658,point,AFGHANISTAN:  SAMANGAN PROVINCE,earthquake,>=10,ncei-deaths,NCEI/WDS id 9012; Mw 5.6; death bracket >= 10
ncei-9053,2010-02-27T15:45:36Z,minute,-24.836,-65.457,point,ARGENTINA:  SALTA,earthquake,>=1,ncei-deaths,NCEI/WDS id 9053; Mw 6.3; death bracket >= 1
ncei-9072,1924-05-13T01:52:33Z,minute,39.7,42.8,point,TURKEY:  ERZURUM,earthquake,>=10,ncei-deaths,NCEI/WDS id 9072; Mw 5.3; death bracket >= 10
ncei-9132,2010-05-14T12:29:22Z,minute,35.9,4.12,point,ALGERIA:  NORTHERN:  BENI YELLMAN,earthquake,>=1,ncei-deaths,NCEI/WDS id 9132; Mw 5.2; death bracket >= 1
ncei-9292,2010-06-16T03:16:27Z,minute,-2.174,136.543,point,INDONESIA: NEW GUINEA:  IRIAN JAYA: JAPEN,earthquake,>=10,ncei-deaths,NCEI/WDS id 9292; Mw 7; death bracket >= 10
ncei-9412,2010-07-20T19:38:09Z,minute,27.022,53.861,point,IRAN:  FARSINAJ,earthquake,>=1,ncei-deaths,NCEI/WDS id 9412; Mw 5.8; death bracket >= 1
ncei-9472,2010-08-27T19:23:49Z,minute,35.49,54.47,point,IRAN:  DAMGHAN-TORUD,earthquake,>=1,ncei-deaths,NCEI/WDS id 9472; Mw 5.7; death bracket >= 1
ncei-9552,2010-09-27T11:22:46Z,minute,29.647,51.665,point,IRAN:  SHIRAZ,earthquake,>=1,ncei-deaths,NCEI/WDS id 9552; Mw 5.8; death bracket >= 1
ncei-9632,2010-11-03T00:56:55Z,minute,43.76,20.673,point,BALKANS NW: SERBIA:  KRALJEVO,earthquake,>=1,ncei-deaths,NCEI/WDS id 9632; Mw 5.5; death bracket >= 1
ncei-9760,2010-12-20T18:41:59Z,minute,28.412,59.18,point,IRAN:  KERMAN,earthquake,>=1,ncei-deaths,NCEI/WDS id 9760; Mw 6.5; death bracket >= 1
ncei-9763,2011-01-18T20:23:23Z,minute,28.777,63.951,point,PAKISTAN: GARHI KHAIRO; QUETTA; BALOCHISTAN,earthquake,>=1,ncei-deaths,NCEI/WDS id 9763; Mw 7.2; death bracket >= 1
ncei-9767,2010-06-30T07:22:27Z,minute,16.396,-97.782,point,MEXICO:  SAN ANDRES HUAXPALTEPEC,earthquake,>=1,ncei-deaths,NCEI/WDS id 9767; Mw 6.2; death bracket >= 1
ncei-9777,2010-10-10T21:44:25Z,minute,33.869,72.887,point,PAKISTAN:  KHANPUR; HARIPUR,earthquake,>=1,ncei-deaths,NCEI/WDS id 9777; Mw 5.2; death bracket >= 1
ncei-9778,1901-03-31T07:12:00Z,minute,43.4,28.5,point,BULGARIA:  BALCHIK,earthquake,>=1,ncei-deaths,NCEI/WDS id 9778; Mw 7.2; death bracket >= 1
ncei-9779,2011-02-21T23:51:42Z,minute,-43.583,172.68,point,NEW ZEALAND:  CHRISTCHURCH; LYTTELTON,earthquake,>=100,ncei-deaths,NCEI/WDS id 9779; Mw 6.1; death bracket >= 100
ncei-9799,2011-03-11T05:46:24Z,minute,38.297,142.373,point,JAPAN:  HONSHU,earthquake,>=1000,ncei-deaths,NCEI/WDS id 9799; Mw 9.1; death bracket >= 1000
ncei-9801,2011-03-24T13:55:12Z,minute,20.687,99.822,point,MYANMAR: TACHILEK; THAILAND,earthquake,>=100,ncei-deaths,NCEI/WDS id 9801; Mw 6.8; death bracket >= 100
ncei-9804,2011-04-07T14:32:43Z,minute,38.276,141.588,point,JAPAN: NEAR E COAST HONSHU,earthquake,>=1,ncei-deaths,NCEI/WDS id 9804; Mw 7.1; death bracket >= 1
ncei-9812,1965-04-19T23:41:58Z,minute,34.9,138,point,JAPAN:  AICHI; SHIZOUKA PREFECTURES,earthquake,>=1,ncei-deaths,NCEI/WDS id 9812; Mw 6; death bracket >= 1
ncei-9821,2011-05-11T16:47:25Z,minute,37.699,-1.672,point,SPAIN:  LORCA,earthquake,>=10,ncei-deaths,NCEI/WDS id 9821; Mw 5.1; death bracket >= 10
ncei-9829,2011-07-19T19:35:43Z,minute,40.081,71.41,point,UZBEKISTAN:  FARGONA; VIOLYATI,earthquake,>=10,ncei-deaths,NCEI/WDS id 9829; Mw 6.1; death bracket >= 10
ncei-9831,2011-02-04T13:53:46Z,minute,24.618,94.68,point,MYANMAR (BURMA):  MONYWA,earthquake,>=1,ncei-deaths,NCEI/WDS id 9831; Mw 6.3; death bracket >= 1
ncei-9833,2011-05-19T21:12:51Z,minute,39.12,29.04,point,TURKEY:  SIMAV,earthquake,>=1,ncei-deaths,NCEI/WDS id 9833; Mw 4.3; death bracket >= 1
ncei-9836,2011-03-10T04:58:16Z,minute,24.719,97.969,point,CHINA:  YUNNAN PROVINCE:  PINGYUAN,earthquake,>=10,ncei-deaths,NCEI/WDS id 9836; Mw 5.5; death bracket >= 10
ncei-9840,2011-09-05T17:55:11Z,minute,2.965,97.893,point,INDONESIA:  SUMATRA,earthquake,>=10,ncei-deaths,NCEI/WDS id 9840; Mw 6.7; death bracket >= 10
ncei-9841,2011-04-11T08:16:12Z,minute,37.001,140.401,point,JAPAN:  HONSHU,earthquake,>=1,ncei-deaths,NCEI/WDS id 9841; Mw 6.6; death bracket >= 1
ncei-9842,2011-09-18T12:40:51Z,minute,27.73,88.155,point,INDIA: SIKKIM;  NEPAL;  CHINA;  BHUTAN,earthquake,>=100,ncei-deaths,NCEI/WDS id 9842; Mw 6.9; death bracket >= 100
ncei-9843,2011-09-19T18:33:55Z,minute,14.186,-90.238,point,GUATEMALA:  CUILAPA SANTA ROSA,earthquake,>=1,ncei-deaths,NCEI/WDS id 9843; Mw 5.6; death bracket >= 1
ncei-9845,2011-10-23T10:41:22Z,minute,38.722,43.513,point,TURKEY:  ERCIS; VAN,earthquake,>=100,ncei-deaths,NCEI/WDS id 9845; Mw 7.1; death bracket >= 100
ncei-9852,2011-11-09T19:23:33Z,minute,38.429,43.229,point,TURKEY:  VAN,earthquake,>=10,ncei-deaths,NCEI/WDS id 9852; Mw 5.7; death bracket >= 10
ncei-9853,2011-12-11T01:47:25Z,minute,17.844,-99.963,point,MEXICO:  GUERRERO,earthquake,>=1,ncei-deaths,NCEI/WDS id 9853; Mw 6.4; death bracket >= 1
ncei-9858,2011-06-13T02:20:49Z,minute,-43.564,172.743,point,NEW ZEALAND:  SOUTH ISLAND:  CANTERBURY,earthquake,>=1,ncei-deaths,NCEI/WDS id 9858; Mw 6; death bracket >= 1
ncei-9865,1985-12-25T02:38:56Z,minute,37.688,15.068,point,ITALY:  SICILY,earthquake,>=1,ncei-deaths,NCEI/WDS id 9865; Mw 4.3; death bracket >= 1
ncei-9870,2012-02-06T03:49:12Z,minute,9.999,123.206,point,PHILIPPINES:  NEGROS ORIENTAL PROVINCE,earthquake,>=10,ncei-deaths,NCEI/WDS id 9870; Mw 6.7; death bracket >= 10
ncei-9876,2012-03-20T18:02:47Z,minute,16.493,-98.231,point,MEXICO:  GUERRERO; OAXACA,earthquake,>=1,ncei-deaths,NCEI/WDS id 9876; Mw 7.4; death bracket >= 1
ncei-9879,2012-04-11T08:38:36Z,minute,2.327,93.063,point,INDONESIA:  N SUMATRA:  OFF WEST COAST,earthquake,>=10,ncei-deaths,NCEI/WDS id 9879; Mw 8.6; death bracket >= 10
ncei-9884,2012-04-17T03:50:15Z,minute,-32.625,-71.365,point,CHILE:  VALPARAISO,earthquake,>=1,ncei-deaths,NCEI/WDS id 9884; Mw 6.7; death bracket >= 1
ncei-9886,2011-10-28T18:54:34Z,minute,-14.438,-75.966,point,PERU:  SAN VICENTE DE CANETE,earthquake,>=1,ncei-deaths,NCEI/WDS id 9886; Mw 6.9; death bracket >= 1
ncei-9887,2011-10-29T00:43:55Z,minute,27.449,88.684,point,INDIA:  SIKKIM,earthquake,>=1,ncei-deaths,NCEI/WDS id 9887; Mw 3.5; death bracket >= 1
ncei-9901,2012-05-29T07:00:03Z,minute,44.851,11.086,point,ITALY:  EMILIA ROMAGNA:  MEDOLLA; MIRANDOLA; CAVEZZO,earthquake,>=10,ncei-deaths,NCEI/WDS id 9901; Mw 5.9; death bracket >= 10
ncei-9902,2012-05-20T02:03:52Z,minute,44.89,11.23,point,ITALY:  EMILIA ROMAGNA:  MIRANDOLA,earthquake,>=1,ncei-deaths,NCEI/WDS id 9902; Mw 6.1; death bracket >= 1
ncei-9913,1885-12-03T20:00:00Z,minute,36.1,4.6,region,ALGERIA:  M'SILA,earthquake,>=10,ncei-deaths,NCEI/WDS id 9913; Mw 5.9; death bracket >= 10
ncei-9919,2012-06-24T07:59:34Z,minute,27.767,100.781,point,CHINA:  YUNNAN AND SICHUAN PROVINCES,earthquake,>=1,ncei-deaths,NCEI/WDS id 9919; Mw 5.5; death bracket >= 1
ncei-9920,2012-03-25T22:37:06Z,minute,-35.2,-72.217,point,CHILE:  PARRAL; SANTIAGO,earthquake,>=1,ncei-deaths,NCEI/WDS id 9920; Mw 7.2; death bracket >= 1
ncei-9922,2012-06-11T05:29:11Z,minute,36.023,69.351,point,AFGHANISTAN:  HINDU KUSH,earthquake,>=10,ncei-deaths,NCEI/WDS id 9922; Mw 5.8; death bracket >= 10
ncei-9928,2012-08-11T12:23:18Z,minute,38.329,46.826,point,IRAN:  AHAR; HARIS; VARZAGAN,earthquake,>=100,ncei-deaths,NCEI/WDS id 9928; Mw 6.5; death bracket >= 100
ncei-9931,2012-05-12T23:48:43Z,minute,38.612,70.354,point,TAJIKISTAN,earthquake,>=1,ncei-deaths,NCEI/WDS id 9931; Mw 5.7; death bracket >= 1
ncei-9935,2012-08-31T12:47:33Z,minute,10.811,126.638,point,PHILIPPINES:  CAGAYAN DE ORO; TACLOBAN,earthquake,>=1,ncei-deaths,NCEI/WDS id 9935; Mw 7.6; death bracket >= 1
ncei-9936,2012-09-05T14:42:07Z,minute,10.085,-85.315,point,COSTA RICA:  NICOYA,earthquake,>=1,ncei-deaths,NCEI/WDS id 9936; Mw 7.6; death bracket >= 1
ncei-9937,2012-09-07T03:19:42Z,minute,27.575,103.983,point,CHINA: YUNNAN PROVINCE:  ZHAOTONG:  YILIANG,earthquake,>=10,ncei-deaths,NCEI/WDS id 9937; Mw 5.6; death bracket >= 10
ncei-9938,2012-08-18T09:41:52Z,minute,-1.315,120.096,point,INDONESIA:  SULAWESI:  SIGI; PARIGI MOUNTONG,earthquake,>=1,ncei-deaths,NCEI/WDS id 9938; Mw 6.3; death bracket >= 1
ncei-9940,1882-12-09T00:00:00Z,day,23.8,120.5,region,TAIWAN:  ZHANGHUA,earthquake,>=1,ncei-deaths,NCEI/WDS id 9940; Mw 6.3; death bracket >= 1
ncei-9942,2012-11-07T16:35:46Z,minute,13.988,-91.895,point,GUATEMALA:  SAN MARCOS; SAN CRISTOBAL COCHU,earthquake,>=10,ncei-deaths,NCEI/WDS id 9942; Mw 7.3; death bracket >= 10
ncei-9943,2012-11-11T01:12:38Z,minute,23.005,95.885,point,MYANMAR (BURMA):  SHWEBO,earthquake,>=10,ncei-deaths,NCEI/WDS id 9943; Mw 6.8; death bracket >= 10
ncei-9945,2012-12-05T17:08:13Z,minute,33.506,59.571,point,IRAN:  KHORASAN PROVINCE,earthquake,>=1,ncei-deaths,NCEI/WDS id 9945; Mw 5.7; death bracket >= 1
ncei-9950,2012-07-20T12:11:52Z,minute,32.978,119.593,point,CHINA:  JIANGSU PROVINCE,earthquake,>=1,ncei-deaths,NCEI/WDS id 9950; Mw 4.9; death bracket >= 1
ncei-9951,2012-07-25T00:27:45Z,minute,2.707,96.045,point,INDONESIA: BANDA ACEH,earthquake,>=1,ncei-deaths,NCEI/WDS id 9951; Mw 6.5; death bracket >= 1
ncei-9957,2013-01-21T22:22:52Z,minute,4.927,95.907,point,INDONESIA:  SUMATERA:  N,earthquake,>=1,ncei-deaths,NCEI/WDS id 9957; Mw 6.1; death bracket >= 1
ncei-9974,2013-04-09T11:52:49Z,minute,28.428,51.593,point,IRAN:  BUSHEHR PROVINCE:  SHANBE; KAKI; SENA,earthquake,>=10,ncei-deaths,NCEI/WDS id 9974; Mw 6.4; death bracket >= 10
ncei-9975,2013-03-27T02:03:19Z,minute,23.828,121.215,point,TAIWAN:  NANTOU COUNTY; TAIPEI,earthquake,>=1,ncei-deaths,NCEI/WDS id 9975; Mw 5.9; death bracket >= 1
ncei-9976,2013-04-16T10:44:20Z,minute,28.033,61.996,point,IRAN; PAKISTAN:  MASHKAL,earthquake,>=10,ncei-deaths,NCEI/WDS id 9976; Mw 7.7; death bracket >= 10
ncei-9978,2013-04-20T00:02:47Z,minute,30.308,102.888,point,CHINA:  SICHUAN PROVINCE:  LONGMEN,earthquake,>=100,ncei-deaths,NCEI/WDS id 9978; Mw 6.6; death bracket >= 100
ncei-9983,2013-04-24T09:25:30Z,minute,34.526,70.22,point,AFGHANISTAN:  KAMA,earthquake,>=10,ncei-deaths,NCEI/WDS id 9983; Mw 5.5; death bracket >= 10
ncei-9991,2013-05-01T06:57:13Z,minute,33.061,75.863,point,INDIA:  KASHMIR:  DODA; KISHTWAR; RAMBAN,earthquake,>=1,ncei-deaths,NCEI/WDS id 9991; Mw 5.7; death bracket >= 1
ncei-9994,2013-05-11T02:08:08Z,minute,26.56,57.77,point,IRAN:  HORMOZGAN: BASHAGARD,earthquake,>=1,ncei-deaths,NCEI/WDS id 9994; Mw 6.1; death bracket >= 1
ncei-9995,1963-09-18T16:58:14Z,minute,40.698,29.159,point,TURKEY:  YALOVA:  CINARCIK,earthquake,>=1,ncei-deaths,NCEI/WDS id 9995; Mw 6.2; death bracket >= 1
ncei-10002,2013-06-02T05:43:03Z,minute,23.789,121.141,point,TAIWAN:  JENAI,earthquake,>=1,ncei-deaths,NCEI/WDS id 10002; Mw 6.3; death bracket >= 1
ncei-10005,2013-07-02T07:37:02Z,minute,4.645,96.665,point,INDONESIA:  BANDA ACEH,earthquake,>=10,ncei-deaths,NCEI/WDS id 10005; Mw 6.1; death bracket >= 10
ncei-10013,1848-10-18T17:33:00Z,minute,-41.67,174,region,NEW ZEALAND:  AWATERE RIVER; MARLBOROUGH,earthquake,>=1,ncei-deaths,NCEI/WDS id 10013; Mw 6; death bracket >= 1
ncei-10018,2013-07-21T23:45:56Z,minute,34.512,104.262,point,CHINA:   GANSU:  DINGXI; MIN,earthquake,>=10,ncei-deaths,NCEI/WDS id 10018; Mw 6; death bracket >= 10
ncei-10030,2013-09-07T00:13:29Z,minute,14.606,-92.121,point,GUATEMALA:  COATEPEQUE; QUETZALTENANGO,earthquake,>=1,ncei-deaths,NCEI/WDS id 10030; Mw 6.4; death bracket >= 1
ncei-10031,2013-08-31T00:04:17Z,minute,28.243,99.35,point,CHINA:  YUNNAN PROVINCE:  BENZILAN,earthquake,>=1,ncei-deaths,NCEI/WDS id 10031; Mw 5.6; death bracket >= 1
ncei-10036,2013-04-18T00:50:38Z,minute,31.817,-97.088,point,TEXAS:  WEST,earthquake,>=10,ncei-deaths,NCEI/WDS id 10036; Mw 2.1; death bracket >= 10
ncei-10039,2013-09-24T11:29:48Z,minute,26.951,65.501,point,PAKISTAN:  AWARAN; KECH,earthquake,>=100,ncei-deaths,NCEI/WDS id 10039; Mw 7.7; death bracket >= 100
ncei-10043,2013-09-28T07:34:06Z,minute,27.183,65.505,point,PAKISTAN: AWARAN,earthquake,>=10,ncei-deaths,NCEI/WDS id 10043; Mw 6.8; death bracket >= 10
ncei-10048,2013-10-15T00:12:32Z,minute,9.88,124.117,point,PHILIPPINES:  BOHOL; CEBU; SIQUIJOR IS,earthquake,>=100,ncei-deaths,NCEI/WDS id 10048; Mw 7.1; death bracket >= 100
ncei-10050,2013-10-22T05:40:39Z,minute,5.103,95.971,point,INDONESIA:  BANDA ACEH,earthquake,>=1,ncei-deaths,NCEI/WDS id 10050; Mw 5.4; death bracket >= 1
ncei-10056,2013-11-28T13:51:34Z,minute,29.32,51.31,point,IRAN:  BORAZJAN,earthquake,>=1,ncei-deaths,NCEI/WDS id 10056; Mw 5.8; death bracket >= 1
ncei-10057,1808-04-02T16:43:00Z,minute,44.833,7.25,region,ITALY:  VALLEY OF PELLICE; CHISONE,earthquake,>=1,ncei-deaths,NCEI/WDS id 10057; Mw 5.7; death bracket >= 1
ncei-10059,2014-01-02T03:13:54Z,minute,27.15,54.448,point,IRAN:  BASTAK,earthquake,>=1,ncei-deaths,NCEI/WDS id 10059; Mw 5.2; death bracket >= 1
ncei-10064,1914-10-06T19:15:00Z,minute,-37.8,178.2,point,NEW ZEALAND:  NORTH ISLAND,earthquake,>=1,ncei-deaths,NCEI/WDS id 10064; Mw n/a; death bracket >= 1
ncei-10079,2014-04-01T23:46:47Z,minute,-19.61,-70.769,point,CHILE:  NORTHERN:  IQUIQUE; ALTO HOSPICIO,earthquake,>=1,ncei-deaths,NCEI/WDS id 10079; Mw 8.2; death bracket >= 1
ncei-10083,2014-04-10T23:27:45Z,minute,12.403,-86.378,point,NICARAGUA:  NAGAROTE; MANAGUA,earthquake,>=1,ncei-deaths,NCEI/WDS id 10083; Mw 6.1; death bracket >= 1
ncei-10093,2014-05-05T11:08:43Z,minute,19.656,99.67,point,THAILAND:  CHIANG RAI,earthquake,>=1,ncei-deaths,NCEI/WDS id 10093; Mw 6.1; death bracket >= 1
ncei-10094,2014-05-08T22:51:15Z,minute,26.387,68.358,point,PAKISTAN:  NAWABSHAH,earthquake,>=1,ncei-deaths,NCEI/WDS id 10094; Mw 4.5; death bracket >= 1
ncei-10096,2014-05-24T09:25:02Z,minute,40.289,25.389,point,GREECE; TURKEY,earthquake,>=1,ncei-deaths,NCEI/WDS id 10096; Mw 6.9; death bracket >= 1
ncei-10102,2014-07-07T11:23:54Z,minute,14.724,-92.461,point,MEXICO; GUATEMALA:  SAN MARCOS,earthquake,>=1,ncei-deaths,NCEI/WDS id 10102; Mw 6.9; death bracket >= 1
ncei-10103,2014-08-01T04:11:16Z,minute,36.856,3.181,point,ALGERIA:  ALGIERS,earthquake,>=1,ncei-deaths,NCEI/WDS id 10103; Mw 5.5; death bracket >= 1
ncei-10104,2014-07-29T10:46:14Z,minute,17.682,-95.653,point,MEXICO:  OAXACA,earthquake,>=1,ncei-deaths,NCEI/WDS id 10104; Mw 6.3; death bracket >= 1
ncei-10106,2014-08-03T08:30:13Z,minute,27.189,103.409,point,CHINA:  YUNNAN:  LUDIAN:   LONGTOUSHAN; ZHAOTONG,earthquake,>=100,ncei-deaths,NCEI/WDS id 10106; Mw 6.2; death bracket >= 100
ncei-10109,2014-08-05T10:22:34Z,minute,-26.99,26.705,point,SOUTH AFRICA:  ORKNEY,earthquake,>=1,ncei-deaths,NCEI/WDS id 10109; Mw 5.4; death bracket >= 1
ncei-10110,2014-08-24T10:20:44Z,minute,38.215,-122.312,point,CALIFORNIA:  NAPA; VALLEJO,earthquake,>=1,ncei-deaths,NCEI/WDS id 10110; Mw 6; death bracket >= 1
ncei-10113,2014-08-12T19:58:00Z,minute,-0.018,-78.322,point,ECUADOR:  QUITO,earthquake,>=1,ncei-deaths,NCEI/WDS id 10113; Mw 5.1; death bracket >= 1
ncei-10116,2014-10-07T13:49:39Z,minute,23.383,100.47,point,CHINA:   YUNNAN PROVINCE:  YONGPING,earthquake,>=1,ncei-deaths,NCEI/WDS id 10116; Mw 6.1; death bracket >= 1
ncei-10118,2014-09-28T02:35:22Z,minute,-13.843,-71.695,point,PERU:  PARURO PROVINCE,earthquake,>=1,ncei-deaths,NCEI/WDS id 10118; Mw 4.9; death bracket >= 1
ncei-10120,1804-01-13T17:45:00Z,minute,36.083,-3.583,region,SPAIN:  ALMERIA:  DALIAS,earthquake,>=1,ncei-deaths,NCEI/WDS id 10120; Mw 6.7; death bracket >= 1
ncei-10121,2014-11-22T08:55:26Z,minute,30.34,101.737,point,CHINA:  SICHUAN PROVINCE:  GARZE,earthquake,>=1,ncei-deaths,NCEI/WDS id 10121; Mw 5.9; death bracket >= 1
ncei-10126,2015-02-21T21:21:37Z,minute,44.509,18.917,point,BALKANS NW:  BOSNIA-HERZEGOVINA:,earthquake,>=1,ncei-deaths,NCEI/WDS id 10126; Mw 3.7; death bracket >= 1
ncei-10128,2014-12-06T10:20:01Z,minute,23.358,100.533,point,CHINA:  YUNNAN PROVINCE:  YONGPING,earthquake,>=1,ncei-deaths,NCEI/WDS id 10128; Mw 5.6; death bracket >= 1
ncei-10132,2015-03-14T06:13:35Z,minute,33.15,115.8,point,CHINA:  ANHUI PROVINCE:  FUYANG,earthquake,>=1,ncei-deaths,NCEI/WDS id 10132; Mw 4.6; death bracket >= 1
ncei-10134,2015-04-25T06:11:26Z,minute,28.231,84.731,point,NEPAL:   KATHMANDU; INDIA; CHINA; BANGLADESH,earthquake,>=1000,ncei-deaths,NCEI/WDS id 10134; Mw 7.8; death bracket >= 1000
ncei-10136,2015-04-20T01:42:58Z,minute,24.203,122.316,point,TAIWAN:  TAIPEI,earthquake,>=1,ncei-deaths,NCEI/WDS id 10136; Mw 6.4; death bracket >= 1
ncei-10141,2015-05-12T07:05:19Z,minute,27.809,86.066,point,NEPAL:   DOLAKHA,earthquake,>=100,ncei-deaths,NCEI/WDS id 10141; Mw 7.3; death bracket >= 100
ncei-10145,2015-07-24T20:59:54Z,minute,33.856,73.193,point,PAKISTAN:  ABBOTTABAD,earthquake,>=1,ncei-deaths,NCEI/WDS id 10145; Mw 5.1; death bracket >= 1
ncei-10148,2015-08-07T01:25:02Z,minute,-2.141,28.897,point,RWANDA:  BUKAVU,earthquake,>=1,ncei-deaths,NCEI/WDS id 10148; Mw 5.8; death bracket >= 1
ncei-10149,2015-07-27T21:41:21Z,minute,-2.629,138.528,point,INDONESIA:  PAPUA,earthquake,>=1,ncei-deaths,NCEI/WDS id 10149; Mw 7; death bracket >= 1
ncei-10151,2015-06-04T23:15:43Z,minute,5.987,116.541,point,MALAYSIA:  SABAH:  LAHAD;DATU;KANAK,earthquake,>=10,ncei-deaths,NCEI/WDS id 10151; Mw 6; death bracket >= 10
ncei-10152,2015-07-03T01:07:47Z,minute,37.459,78.154,point,CHINA:  S. XINJIANG:  HOTAN,earthquake,>=1,ncei-deaths,NCEI/WDS id 10152; Mw 6.4; death bracket >= 1
ncei-10156,2015-09-16T22:54:32Z,minute,-31.573,-71.674,point,CHILE:  CENTRAL,earthquake,>=1,ncei-deaths,NCEI/WDS id 10156; Mw 8.3; death bracket >= 1
ncei-10159,2015-10-26T09:09:42Z,minute,36.524,70.368,point,AFGHANISTAN: HINDU KUSH,earthquake,>=100,ncei-deaths,NCEI/WDS id 10159; Mw 7.5; death bracket >= 100
ncei-10160,2015-10-17T11:33:09Z,minute,-25.467,-64.484,point,ARGENTINA:  GALPON,earthquake,>=1,ncei-deaths,NCEI/WDS id 10160; Mw 5.8; death bracket >= 1
ncei-10161,2015-11-07T06:58:30Z,minute,8.467,-71.396,point,VENEZUELA:  MERIDA,earthquake,>=1,ncei-deaths,NCEI/WDS id 10161; Mw 5.3; death bracket >= 1
ncei-10164,2015-11-17T07:10:07Z,minute,38.67,20.6,point,GREECE:  LEFKADA; KEFALONIA; ITHACA,earthquake,>=1,ncei-deaths,NCEI/WDS id 10164; Mw 6.5; death bracket >= 1
ncei-10168,2015-12-07T07:50:06Z,minute,38.211,72.78,point,TAJIKISTAN,earthquake,>=1,ncei-deaths,NCEI/WDS id 10168; Mw 7.2; death bracket >= 1
ncei-10169,2015-12-25T19:14:47Z,minute,36.494,71.126,point,AFGHANISTAN; PAKISTAN,earthquake,>=1,ncei-deaths,NCEI/WDS id 10169; Mw 6.3; death bracket >= 1
ncei-10170,2016-01-03T23:05:22Z,minute,24.804,93.651,point,INDIA:  IMPAHL,earthquake,>=10,ncei-deaths,NCEI/WDS id 10170; Mw 6.7; death bracket >= 10
ncei-10171,2016-01-16T23:22:29Z,minute,-3.873,127.229,point,INDONESIA: MALUKU:  BURU; AMBALAU ISLAND,earthquake,>=1,ncei-deaths,NCEI/WDS id 10171; Mw 5.6; death bracket >= 1
ncei-10173,2016-01-25T04:22:02Z,minute,35.649,-3.682,point,MOROCCO:  MELILLA,earthquake,>=1,ncei-deaths,NCEI/WDS id 10173; Mw 6.3; death bracket >= 1
ncei-10174,2016-02-05T19:57:27Z,minute,22.938,120.601,point,TAIWAN:  TAINAN,earthquake,>=100,ncei-deaths,NCEI/WDS id 10174; Mw 6.4; death bracket >= 100
ncei-10176,2016-04-16T23:58:37Z,minute,0.382,-79.922,point,ECUADOR:  NEAR WEST COAST: MANABI; ESMERALDAS,earthquake,>=100,ncei-deaths,NCEI/WDS id 10176; Mw 7.8; death bracket >= 100
ncei-10177,2016-04-15T16:25:06Z,minute,32.791,130.754,point,JAPAN:  KUMAMOTO; OITA,earthquake,>=100,ncei-deaths,NCEI/WDS id 10177; Mw 7; death bracket >= 100
ncei-10181,2016-05-18T16:46:43Z,minute,0.495,-79.616,point,ECUADOR:  MANABI PROVINCE,earthquake,>=1,ncei-deaths,NCEI/WDS id 10181; Mw 6.9; death bracket >= 1
ncei-10186,2016-04-10T10:28:58Z,minute,36.473,71.131,point,AFGHANISTAN:  KHYBER PAKHTUNKHWA,earthquake,>=1,ncei-deaths,NCEI/WDS id 10186; Mw 6.6; death bracket >= 1
ncei-10191,2016-08-15T02:59:00Z,minute,-15.654,-72.009,point,PERU:  AREQUIPA,earthquake,>=1,ncei-deaths,NCEI/WDS id 10191; Mw 5.5; death bracket >= 1
ncei-10193,2014-10-14T03:51:34Z,minute,12.526,-88.123,point,EL SALVADOR:  GULF OF FONSECA,earthquake,>=1,ncei-deaths,NCEI/WDS id 10193; Mw 7.3; death bracket >= 1
ncei-10194,2016-08-24T01:36:32Z,minute,42.723,13.188,point,ITALY:  ACCUMOLI; ARQUATA; AMATRICE,earthquake,>=100,ncei-deaths,NCEI/WDS id 10194; Mw 6.2; death bracket >= 100
ncei-10195,2016-08-24T10:34:54Z,minute,20.923,94.569,point,MYANMAR (BURMA): CHAUK,earthquake,>=1,ncei-deaths,NCEI/WDS id 10195; Mw 6.8; death bracket >= 1
ncei-10197,2016-09-10T12:27:33Z,minute,-1.036,31.618,point,TANZANIA:  LAKE VICTORIA;  UGANDA: RAKAI,earthquake,>=10,ncei-deaths,NCEI/WDS id 10197; Mw 5.9; death bracket >= 10
ncei-10199,2016-09-12T11:32:55Z,minute,35.781,129.216,point,SOUTH KOREA:  GYEONGJU,earthquake,>=1,ncei-deaths,NCEI/WDS id 10199; Mw 5.4; death bracket >= 1
ncei-10201,2016-10-26T19:18:08Z,minute,42.956,13.067,point,ITALY:  VISSO; USSITA,earthquake,>=1,ncei-deaths,NCEI/WDS id 10201; Mw 6.1; death bracket >= 1
ncei-10202,2016-10-30T06:40:18Z,minute,42.862,13.096,point,ITALY: NORCIA,earthquake,>=1,ncei-deaths,NCEI/WDS id 10202; Mw 6.6; death bracket >= 1
ncei-10206,2016-11-13T11:02:56Z,minute,-42.737,173.054,point,NEW ZEALAND:  AMBERLEY,earthquake,>=1,ncei-deaths,NCEI/WDS id 10206; Mw 7.8; death bracket >= 1
ncei-10215,2016-12-06T22:03:33Z,minute,5.283,96.168,point,INDONESIA:  SUMATRA:  ACEH:  PIDIE JAYA,earthquake,>=100,ncei-deaths,NCEI/WDS id 10215; Mw 6.5; death bracket >= 100
ncei-10218,2016-12-08T17:38:46Z,minute,-10.681,161.327,point,SOLOMON ISLANDS,earthquake,>=1,ncei-deaths,NCEI/WDS id 10218; Mw 7.8; death bracket >= 1
ncei-10221,2016-12-19T07:11:39Z,minute,0.875,-79.708,point,ECUADOR:  ESMERALDAS,earthquake,>=1,ncei-deaths,NCEI/WDS id 10221; Mw 5.4; death bracket >= 1
ncei-10226,2017-01-03T09:09:02Z,minute,24.015,92.018,point,INDIA:  AMBASA;  BANGLADESH,earthquake,>=1,ncei-deaths,NCEI/WDS id 10226; Mw 5.7; death bracket >= 1
ncei-10227,2017-01-06T02:33:29Z,minute,28.2,53.107,point,IRAN:  KHONJ,earthquake,>=1,ncei-deaths,NCEI/WDS id 10227; Mw 5; death bracket >= 1
ncei-10228,2016-09-23T16:11:56Z,minute,-2.65,29.06,point,RWANDA:  RISUZI; CONGO:  UKAVU,earthquake,>=1,ncei-deaths,NCEI/WDS id 10228; Mw 4.8; death bracket >= 1
ncei-10229,2016-10-01T08:04:34Z,minute,34.905,73.682,point,PAKISTAN:  MANSEHRA; NARAN,earthquake,>=1,ncei-deaths,NCEI/WDS id 10229; Mw 5.4; death bracket >= 1
ncei-10230,2016-11-27T23:35:21Z,minute,27.802,86.532,point,NEPAL:   MOUNT AMA DABLAM; CHARIKHARKA,earthquake,>=1,ncei-deaths,NCEI/WDS id 10230; Mw 5.4; death bracket >= 1
ncei-10231,2016-11-29T20:09:39Z,minute,51.613,16.157,point,POLAND:  RUDNA,earthquake,>=1,ncei-deaths,NCEI/WDS id 10231; Mw 4.2; death bracket >= 1
ncei-10232,2016-12-01T22:40:26Z,minute,-15.312,-70.827,point,PERU:  PUNO; LAMPA,earthquake,>=1,ncei-deaths,NCEI/WDS id 10232; Mw 6.2; death bracket >= 1
ncei-10234,2017-01-18T10:14:11Z,minute,42.601,13.227,point,ITALY:  FARINDOLA,earthquake,>=10,ncei-deaths,NCEI/WDS id 10234; Mw 5.7; death bracket >= 10
ncei-10235,2017-01-22T04:30:23Z,minute,-6.246,155.172,point,PAPUA NEW GUINEA:  BOUGAINVILLE ISLAND,earthquake,>=1,ncei-deaths,NCEI/WDS id 10235; Mw 7.9; death bracket >= 1
ncei-10238,2017-02-10T14:03:43Z,minute,9.907,125.452,point,PHILIPPINES: SURIGAO DEL NORTE,earthquake,>=1,ncei-deaths,NCEI/WDS id 10238; Mw 6.5; death bracket >= 1
ncei-10239,2017-03-13T14:19:06Z,minute,17.399,96,point,MYANMAR (BURMA):  THARRAWADDY,earthquake,>=1,ncei-deaths,NCEI/WDS id 10239; Mw 5.1; death bracket >= 1
ncei-10240,2017-04-05T06:09:12Z,minute,35.776,60.436,point,IRAN:  SEFID SANG,earthquake,>=1,ncei-deaths,NCEI/WDS id 10240; Mw 6.1; death bracket >= 1
ncei-10241,2017-04-10T23:53:58Z,minute,13.766,-89.155,point,EL SALVADOR: SAN SALVADOR;SOYAPANGO,earthquake,>=1,ncei-deaths,NCEI/WDS id 10241; Mw 4.8; death bracket >= 1
ncei-10248,2017-05-10T21:58:21Z,minute,37.643,75.31,point,CHINA: XINJIANG: QUZGUN; TAXKORGAN TAJIK,earthquake,>=1,ncei-deaths,NCEI/WDS id 10248; Mw 5.4; death bracket >= 1
ncei-10249,2017-05-13T18:00:59Z,minute,37.769,57.206,point,IRAN: KHORASAN,earthquake,>=1,ncei-deaths,NCEI/WDS id 10249; Mw 5.6; death bracket >= 1
ncei-10252,2017-06-12T12:28:39Z,minute,38.93,26.365,point,GREECE: LESBOS,earthquake,>=1,ncei-deaths,NCEI/WDS id 10252; Mw 6.3; death bracket >= 1
ncei-10253,2017-06-14T07:29:04Z,minute,14.909,-92.009,point,GUATEMALA: QUETZALTENANGO; SUCHITEPEQUEZ; MEXICO,earthquake,>=1,ncei-deaths,NCEI/WDS id 10253; Mw 6.9; death bracket >= 1
ncei-10254,2017-01-11T22:06:58Z,minute,-20.16,46.647,point,MADAGASCAR: ANTSIRABE,earthquake,>=1,ncei-deaths,NCEI/WDS id 10254; Mw 5.5; death bracket >= 1
ncei-10255,2017-05-25T09:55:35Z,minute,-3.043,32.888,point,TANZANIA: MWANZA,earthquake,>=1,ncei-deaths,NCEI/WDS id 10255; Mw 4.4; death bracket >= 1
ncei-10258,2017-07-06T08:03:57Z,minute,11.127,124.629,point,PHILIPPINES: LEYTE,earthquake,>=1,ncei-deaths,NCEI/WDS id 10258; Mw 6.5; death bracket >= 1
ncei-10260,2017-07-20T22:31:11Z,minute,36.929,27.414,point,TURKEY: BODRUM; DATCA; GREECE: KOS,earthquake,>=1,ncei-deaths,NCEI/WDS id 10260; Mw 6.6; death bracket >= 1
ncei-10261,2017-08-08T13:19:49Z,minute,33.193,103.855,point,CHINA:  SICHUAN PROVINCE:  ABA,earthquake,>=10,ncei-deaths,NCEI/WDS id 10261; Mw 6.5; death bracket >= 10
ncei-10263,2017-08-21T18:57:51Z,minute,40.783,13.939,point,ITALY:  ISCHIA ISLAND,earthquake,>=1,ncei-deaths,NCEI/WDS id 10263; Mw 4.2; death bracket >= 1
ncei-10264,2017-08-22T22:26:14Z,minute,10.954,124.707,point,PHILIPPINES: LEYTE: ORMOC,earthquake,>=1,ncei-deaths,NCEI/WDS id 10264; Mw 5; death bracket >= 1
ncei-10266,2017-09-08T04:49:19Z,minute,15.022,-93.899,point,MEXICO: OAXACA; CHIAPAS; TABASCO; GUATEMALA,earthquake,>=10,ncei-deaths,NCEI/WDS id 10266; Mw 8.2; death bracket >= 10
ncei-10267,2017-09-19T18:14:38Z,minute,18.55,-98.489,point,MEXICO: MEXICO CITY; MORELOS; PUEBLA,earthquake,>=100,ncei-deaths,NCEI/WDS id 10267; Mw 7.1; death bracket >= 100
ncei-10268,2017-09-23T12:53:01Z,minute,16.626,-95.078,point,MEXICO:  OAXACA,earthquake,>=1,ncei-deaths,NCEI/WDS id 10268; Mw 6.1; death bracket >= 1
ncei-10274,1870-10-20T16:30:00Z,minute,47.4,-70.5,region,CANADA:  QUEBEC: QUEBEC CITY; CHARLEVOIX,earthquake,>=1,ncei-deaths,NCEI/WDS id 10274; Mw n/a; death bracket >= 1
ncei-10275,2017-11-12T18:18:17Z,minute,34.911,45.959,point,IRAN: KERMANSHAH; IRAQ: KURDISTAN,earthquake,>=100,ncei-deaths,NCEI/WDS id 10275; Mw 7.3; death bracket >= 100
ncei-10276,2017-11-13T02:28:23Z,minute,9.515,-84.487,point,COSTA RICA: JACO,earthquake,>=1,ncei-deaths,NCEI/WDS id 10276; Mw 6.5; death bracket >= 1
ncei-10280,1976-07-11T16:54:31Z,minute,7.4,-78.1,point,PANAMA: DARIEN,earthquake,>=1,ncei-deaths,NCEI/WDS id 10280; Mw 6.7; death bracket >= 1
ncei-10282,2017-11-18T16:07:00Z,minute,2.465,128.148,point,INDONESIA: NORTH MALUKU: MOROTAI,earthquake,>=1,ncei-deaths,NCEI/WDS id 10282; Mw 5.8; death bracket >= 1
ncei-10283,2017-08-11T21:45:09Z,minute,-16.299,-73.474,point,PERU: AREQUIPA,earthquake,>=1,ncei-deaths,NCEI/WDS id 10283; Mw 5.6; death bracket >= 1
ncei-10284,2017-07-18T02:05:19Z,minute,-16.416,-73.636,point,PERU:  AREQUIPA,earthquake,>=1,ncei-deaths,NCEI/WDS id 10284; Mw 6.4; death bracket >= 1
ncei-10287,2017-12-15T16:47:58Z,minute,-7.492,108.174,point,INDONESIA:  JAVA,earthquake,>=1,ncei-deaths,NCEI/WDS id 10287; Mw 6.5; death bracket >= 1
ncei-10288,2017-12-20T19:57:38Z,minute,35.649,50.962,point,IRAN:  ALBORZ,earthquake,>=1,ncei-deaths,NCEI/WDS id 10288; Mw 4.9; death bracket >= 1
ncei-10289,2017-12-26T21:24:32Z,minute,35.716,51.256,point,IRAN: ALBORZ; TEHRAN,earthquake,>=1,ncei-deaths,NCEI/WDS id 10289; Mw 4; death bracket >= 1
ncei-10298,2018-01-14T09:18:45Z,minute,-15.768,-74.709,point,PERU: YAUCA,earthquake,>=1,ncei-deaths,NCEI/WDS id 10298; Mw 7.1; death bracket >= 1
ncei-10299,2018-01-23T06:34:55Z,minute,-7.092,105.963,point,INDONESIA:  JAVA:  BANTEN,earthquake,>=1,ncei-deaths,NCEI/WDS id 10299; Mw 5.9; death bracket >= 1
ncei-10301,2018-01-31T07:07:00Z,minute,36.526,70.851,point,AFGHANISTAN; PAKISTAN:  BALUCHISTAN,earthquake,>=1,ncei-deaths,NCEI/WDS id 10301; Mw 6.2; death bracket >= 1
ncei-10302,2018-02-06T15:50:43Z,minute,24.134,121.659,point,TAIWAN:  HUALIEN,earthquake,>=10,ncei-deaths,NCEI/WDS id 10302; Mw 6.4; death bracket >= 10
ncei-10303,2018-02-16T23:39:39Z,minute,16.386,-97.979,point,MEXICO:  OAXACA,earthquake,>=10,ncei-deaths,NCEI/WDS id 10303; Mw 7.2; death bracket >= 10
ncei-10304,2018-01-31T23:13:21Z,minute,-1.744,-77.672,point,ECUADOR:  PASTAZA,earthquake,>=1,ncei-deaths,NCEI/WDS id 10304; Mw 5.2; death bracket >= 1
ncei-10307,2018-02-25T17:44:44Z,minute,-6.07,142.754,point,PAPUA NEW GUINEA: S HIGHLANDS; HELA;  INDONESIA,earthquake,>=100,ncei-deaths,NCEI/WDS id 10307; Mw 7.5; death bracket >= 100
ncei-10310,2014-04-11T07:07:23Z,minute,-6.586,155.049,point,PAPUA NEW GUINEA:  BOUGAINVILLE ISLAND,earthquake,>=1,ncei-deaths,NCEI/WDS id 10310; Mw 7.1; death bracket >= 1
ncei-10311,2018-03-06T14:13:07Z,minute,-6.304,142.612,point,PAPUA NEW GUINEA:  S HIGHLANDS; HELA,earthquake,>=10,ncei-deaths,NCEI/WDS id 10311; Mw 6.7; death bracket >= 10
ncei-10312,2018-03-04T19:56:17Z,minute,-6.331,142.599,point,PAPUA NEW GUINEA:  S HIGHLANDS,earthquake,>=10,ncei-deaths,NCEI/WDS id 10312; Mw 6; death bracket >= 10
ncei-10313,2018-02-28T02:45:45Z,minute,-6.17,142.468,point,PAPUA NEW GUINEA:  S HIGHLANDS,earthquake,>=1,ncei-deaths,NCEI/WDS id 10313; Mw 6.1; death bracket >= 1
ncei-10316,2017-03-05T00:08:18Z,minute,9.831,125.496,point,PHILIPPINES: SURIGAO DEL NORTE,earthquake,>=1,ncei-deaths,NCEI/WDS id 10316; Mw 5.7; death bracket >= 1
ncei-10317,2017-06-21T04:40:00Z,minute,27.64,85.17,point,NEPAL:  DHADING,earthquake,>=1,ncei-deaths,NCEI/WDS id 10317; Mw 3.2; death bracket >= 1
ncei-10318,2017-08-02T07:15:13Z,minute,-33.212,-70.626,point,CHILE:  SANTIAGO,earthquake,>=1,ncei-deaths,NCEI/WDS id 10318; Mw 5.4; death bracket >= 1
ncei-10319,2017-10-31T11:50:48Z,minute,-3.745,127.752,point,INDONESIA:  MALUKU:  AMBON,earthquake,>=1,ncei-deaths,NCEI/WDS id 10319; Mw 6.1; death bracket >= 1
ncei-10325,2018-04-07T05:48:40Z,minute,-5.838,142.531,point,PAPUA NEW GUINEA:  HELA,earthquake,>=1,ncei-deaths,NCEI/WDS id 10325; Mw 6.3; death bracket >= 1
ncei-10327,2018-04-18T06:28:34Z,minute,-7.248,109.654,point,INDONESIA:  JAVA:  BANJARNEGARA,earthquake,>=1,ncei-deaths,NCEI/WDS id 10327; Mw 4.5; death bracket >= 1
ncei-10330,2018-05-03T11:17:00Z,minute,-26.4,27.5,point,SOUTH AFRICA:  WEST RAND,earthquake,>=1,ncei-deaths,NCEI/WDS id 10330; Mw 2.1; death bracket >= 1
ncei-10331,2018-05-05T08:58:05Z,minute,50.124,18.683,point,POLAND:  SILESIAN:  JASTRZEBIE-ZDROJ,earthquake,>=1,ncei-deaths,NCEI/WDS id 10331; Mw 4.1; death bracket >= 1
ncei-10338,2015-07-03T06:43:21Z,minute,10.169,125.891,point,PHILIPPINES:  MINDANAO,earthquake,>=1,ncei-deaths,NCEI/WDS id 10338; Mw 6.1; death bracket >= 1
ncei-10340,2018-06-12T09:35:25Z,minute,1.067,-77.272,point,COLOMBIA:  PASTO,earthquake,>=1,ncei-deaths,NCEI/WDS id 10340; Mw 4.9; death bracket >= 1
ncei-10342,2018-06-17T22:58:34Z,minute,34.825,135.639,point,JAPAN:  OSAKA,earthquake,>=1,ncei-deaths,NCEI/WDS id 10342; Mw 5.5; death bracket >= 1
ncei-10345,2015-11-22T20:38:31Z,minute,8.522,-71.387,point,VENEZUELA:  MERIDA,earthquake,>=1,ncei-deaths,NCEI/WDS id 10345; Mw 5.1; death bracket >= 1
ncei-10346,2018-06-05T18:40:30Z,minute,41.526,46.786,point,AZERBAIJAN: SHAKI-ZAQATALA,earthquake,>=1,ncei-deaths,NCEI/WDS id 10346; Mw 5.3; death bracket >= 1
ncei-10348,2018-07-21T07:58:16Z,minute,-0.969,100.769,point,INDONESIA: SUMATRA: SOLOK,earthquake,>=1,ncei-deaths,NCEI/WDS id 10348; Mw 5.2; death bracket >= 1
ncei-10349,2018-07-28T22:47:38Z,minute,-8.24,116.508,point,INDONESIA:  LOMBOK ISLAND,earthquake,>=10,ncei-deaths,NCEI/WDS id 10349; Mw 6.4; death bracket >= 10
ncei-10350,2015-12-17T19:49:53Z,minute,15.802,-93.633,point,MEXICO:  COCOTITLAN,earthquake,>=1,ncei-deaths,NCEI/WDS id 10350; Mw 6.6; death bracket >= 1
ncei-10351,2018-08-05T11:46:38Z,minute,-8.258,116.438,point,INDONESIA:  LOMBOK ISLAND,earthquake,>=100,ncei-deaths,NCEI/WDS id 10351; Mw 6.9; death bracket >= 100
ncei-10352,2018-08-09T05:25:32Z,minute,-8.307,116.23,point,INDONESIA:  LOMBOK ISLAND,earthquake,>=1,ncei-deaths,NCEI/WDS id 10352; Mw 5.9; death bracket >= 1
ncei-10354,2018-08-19T04:10:22Z,minute,-8.337,116.599,point,INDONESIA:  LOMBOK ISLAND,earthquake,>=1,ncei-deaths,NCEI/WDS id 10354; Mw 6.3; death bracket >= 1
ncei-10355,2018-08-19T14:56:27Z,minute,-8.319,116.627,point,INDONESIA:  LOMBOK ISLAND,earthquake,>=10,ncei-deaths,NCEI/WDS id 10355; Mw 6.9; death bracket >= 10
ncei-10357,2018-08-21T21:31:47Z,minute,10.773,-62.902,point,VENEZUELA:  SUCRE; TRINIDAD,earthquake,>=1,ncei-deaths,NCEI/WDS id 10357; Mw 7.3; death bracket >= 1
ncei-10358,2018-08-25T22:13:25Z,minute,34.611,46.242,point,IRAN:  KERMANSHAH,earthquake,>=1,ncei-deaths,NCEI/WDS id 10358; Mw 6; death bracket >= 1
ncei-10360,2018-09-05T18:07:59Z,minute,42.686,141.929,point,JAPAN:  HOKKAIDO,earthquake,>=10,ncei-deaths,NCEI/WDS id 10360; Mw 6.6; death bracket >= 10
ncei-10362,2018-09-07T06:23:38Z,minute,28.326,59.32,point,IRAN:  KERMAN,earthquake,>=1,ncei-deaths,NCEI/WDS id 10362; Mw 5.6; death bracket >= 1
ncei-10363,2016-04-13T13:55:17Z,minute,23.094,94.865,point,INDIA: ASSAM; BANGLADESH,earthquake,>=1,ncei-deaths,NCEI/WDS id 10363; Mw 6.9; death bracket >= 1
ncei-10365,2016-06-01T22:56:00Z,minute,-2.097,100.665,point,INDONESIA:  SUMATRA:  PESISIR SELATAN,earthquake,>=1,ncei-deaths,NCEI/WDS id 10365; Mw 6.6; death bracket >= 1
ncei-10367,2018-09-12T04:50:46Z,minute,26.371,90.161,point,INDIA:  WEST BENGAL,earthquake,>=1,ncei-deaths,NCEI/WDS id 10367; Mw 5.3; death bracket >= 1
ncei-10369,2018-09-28T10:02:45Z,minute,-0.256,119.846,point,INDONESIA:  SULAWESI,earthquake,>=1000,ncei-deaths,NCEI/WDS id 10369; Mw 7.5; death bracket >= 1000
ncei-10370,2018-10-07T00:11:51Z,minute,20.034,-73.013,point,HAITI: PORT-DEX-PAIX,earthquake,>=10,ncei-deaths,NCEI/WDS id 10370; Mw 5.9; death bracket >= 10
ncei-10371,2018-10-10T18:44:55Z,minute,-7.453,114.455,point,INDONESIA:  MADURA ISLAND; JAVA,earthquake,>=1,ncei-deaths,NCEI/WDS id 10371; Mw 6; death bracket >= 1
ncei-10373,2016-09-28T16:48:55Z,minute,12.442,-86.515,point,NICARAGUA:  LEON,earthquake,>=1,ncei-deaths,NCEI/WDS id 10373; Mw 5.5; death bracket >= 1
ncei-10374,2018-11-14T23:01:21Z,minute,-2.907,119.392,point,INDONESIA:  SULAWESI:  MAMASA,earthquake,>=1,ncei-deaths,NCEI/WDS id 10374; Mw 5.5; death bracket >= 1
ncei-10375,2018-11-25T16:37:32Z,minute,34.361,45.744,point,IRAN: KERMANSHAH; IRAQ: KURDISTAN,earthquake,>=1,ncei-deaths,NCEI/WDS id 10375; Mw 6.3; death bracket >= 1
ncei-10380,2016-12-08T05:15:04Z,minute,43.823,86.345,point,CHINA:  N. XINJIANG:  URUMQI,earthquake,>=1,ncei-deaths,NCEI/WDS id 10380; Mw 6; death bracket >= 1
ncei-10386,2016-11-25T14:24:30Z,minute,39.273,73.978,point,CHINA:  XINJIANG PROVINCE:  KASHGAR,earthquake,>=1,ncei-deaths,NCEI/WDS id 10386; Mw 6.6; death bracket >= 1
ncei-10387,2019-01-12T08:59:04Z,minute,51.547,16.111,point,POLAND:  RUDNA,earthquake,>=1,ncei-deaths,NCEI/WDS id 10387; Mw 3.7; death bracket >= 1
ncei-10388,2019-01-20T01:32:48Z,minute,-30.04,-71.382,point,CHILE:  COQUIMBO; LA SERENA,earthquake,>=1,ncei-deaths,NCEI/WDS id 10388; Mw 6.7; death bracket >= 1
ncei-10390,2019-01-22T22:35:08Z,minute,50.11,18.456,point,POLAND:  RYDULTOWY,earthquake,>=1,ncei-deaths,NCEI/WDS id 10390; Mw 3.9; death bracket >= 1
ncei-10391,2019-02-01T10:23:54Z,minute,19.9,72.8,point,INDIA:  MAHARASHTRA:  PALGHAR,earthquake,>=1,ncei-deaths,NCEI/WDS id 10391; Mw 3.6; death bracket >= 1
ncei-10393,2019-02-22T10:18:17Z,minute,-2.186,-77.051,point,ECUADOR: AZUAY; MANABI; MORONA SANT.; PERU,earthquake,>=1,ncei-deaths,NCEI/WDS id 10393; Mw 7.5; death bracket >= 1
ncei-10395,2019-02-25T05:16:25Z,minute,29.47,104.609,point,CHINA:  SICHUAN PROVINCE: RONGXIAN,earthquake,>=1,ncei-deaths,NCEI/WDS id 10395; Mw 4.9; death bracket >= 1
ncei-10396,2019-03-01T08:50:42Z,minute,-14.713,-70.155,point,PERU:  AREQUIPA,earthquake,>=1,ncei-deaths,NCEI/WDS id 10396; Mw 7; death bracket >= 1
ncei-10399,2019-03-17T07:07:25Z,minute,-8.418,116.521,point,INDONESIA:  LOMBOK ISLAND,earthquake,>=1,ncei-deaths,NCEI/WDS id 10399; Mw 5.6; death bracket >= 1
ncei-10400,2019-03-21T09:15:40Z,minute,-7.914,32.109,point,TANZANIA:  SONGWE; MBEYA,earthquake,>=1,ncei-deaths,NCEI/WDS id 10400; Mw 5.5; death bracket >= 1
ncei-10402,2019-04-12T11:40:49Z,minute,-1.852,122.553,point,INDONESIA:  SULAWESI ISLAND: LUWUK,earthquake,>=1,ncei-deaths,NCEI/WDS id 10402; Mw 6.8; death bracket >= 1
ncei-10406,2019-04-22T09:11:11Z,minute,14.924,120.497,point,PHILIPPINES:  PAMPANGA PROVINCE,earthquake,>=10,ncei-deaths,NCEI/WDS id 10406; Mw 6.1; death bracket >= 10
ncei-10407,2019-04-18T05:01:06Z,minute,23.989,121.693,point,TAIWAN:  HUALIEN,earthquake,>=1,ncei-deaths,NCEI/WDS id 10407; Mw 6.1; death bracket >= 1
ncei-10412,2019-05-26T07:41:14Z,minute,-5.796,-75.298,point,PERU:  LA LIBERTAD; CAJAMARCA; ECUADOR,earthquake,>=1,ncei-deaths,NCEI/WDS id 10412; Mw 8; death bracket >= 1
ncei-10417,2019-06-17T14:55:45Z,minute,28.405,104.957,point,CHINA:  SICHUAN:  YIBIN,earthquake,>=10,ncei-deaths,NCEI/WDS id 10417; Mw 5.8; death bracket >= 10
ncei-10421,2019-07-01T12:12:06Z,minute,50.287,18.997,point,POLAND:  KATOWICE,earthquake,>=1,ncei-deaths,NCEI/WDS id 10421; Mw 3.1; death bracket >= 1
ncei-10422,2019-07-04T17:33:49Z,minute,35.705,-117.506,point,CALIFORNIA:  RIDGECREST;  NEVADA,earthquake,>=1,ncei-deaths,NCEI/WDS id 10422; Mw 6.4; death bracket >= 1
ncei-10424,2019-07-08T07:00:31Z,minute,31.775,49.542,point,IRAN:  MASJED-E SOLEYMAN,earthquake,>=1,ncei-deaths,NCEI/WDS id 10424; Mw 5.7; death bracket >= 1
ncei-10426,2019-07-14T09:10:50Z,minute,-0.529,128.093,point,INDONESIA:  MOLUCCA ISLANDS:  N,earthquake,>=1,ncei-deaths,NCEI/WDS id 10426; Mw 7.3; death bracket >= 1
ncei-10428,2019-07-26T23:37:58Z,minute,20.807,121.986,point,PHILIPPINES:  BATANES:  ITBAYAT,earthquake,>=1,ncei-deaths,NCEI/WDS id 10428; Mw 6; death bracket >= 1
ncei-10429,2019-07-09T12:37:01Z,minute,6.802,125.169,point,PHILIPPINES:  MINDANAO:  MAKILALA; TULUNAN,earthquake,>=1,ncei-deaths,NCEI/WDS id 10429; Mw 5.6; death bracket >= 1
ncei-10430,2019-07-24T19:33:15Z,minute,20,72.9,point,INDIA:  MAHARASHTRA:  PALGHAR,earthquake,>=1,ncei-deaths,NCEI/WDS id 10430; Mw 3.8; death bracket >= 1
ncei-10431,2019-08-02T12:03:27Z,minute,-7.282,104.791,point,INDONESIA:  JAVA:  BANTEN,earthquake,>=1,ncei-deaths,NCEI/WDS id 10431; Mw 6.9; death bracket >= 1
ncei-10432,2019-08-07T21:28:02Z,minute,24.475,121.947,point,TAIWAN:  TAIPEI,earthquake,>=1,ncei-deaths,NCEI/WDS id 10432; Mw 5.9; death bracket >= 1
ncei-10439,2019-09-07T22:42:14Z,minute,29.573,105.064,point,CHINA:  SICHUAN PROVINCE: NEIJIANG,earthquake,>=1,ncei-deaths,NCEI/WDS id 10439; Mw 5.1; death bracket >= 1
ncei-10445,2017-08-13T16:51:24Z,minute,-10.721,-74.566,point,PERU:  JUNIN,earthquake,>=1,ncei-deaths,NCEI/WDS id 10445; Mw 5.8; death bracket >= 1
ncei-10447,2019-09-24T11:01:55Z,minute,33.106,73.766,point,PAKISTAN:  MIRPUR DISTRICT,earthquake,>=10,ncei-deaths,NCEI/WDS id 10447; Mw 5.6; death bracket >= 10
ncei-10448,2019-09-25T23:46:44Z,minute,-3.45,128.347,point,INDONESIA:  MALUKU:  AMBON,earthquake,>=10,ncei-deaths,NCEI/WDS id 10448; Mw 6.5; death bracket >= 10
ncei-10449,2019-09-26T10:59:26Z,minute,40.89,28.173,point,TURKEY:  ISTANBUL,earthquake,>=1,ncei-deaths,NCEI/WDS id 10449; Mw 5.7; death bracket >= 1
ncei-10450,2019-09-26T16:36:18Z,minute,-40.815,-72.002,point,CHILE:  SOUTH CENTRAL,earthquake,>=1,ncei-deaths,NCEI/WDS id 10450; Mw 6.1; death bracket >= 1
ncei-10451,2019-09-29T15:57:53Z,minute,-35.473,-73.162,point,CHILE:  CONCEPCION,earthquake,>=1,ncei-deaths,NCEI/WDS id 10451; Mw 6.8; death bracket >= 1
ncei-10452,2019-10-10T04:39:48Z,minute,-3.65,128.216,point,INDONESIA:  PASSO,earthquake,>=1,ncei-deaths,NCEI/WDS id 10452; Mw 5; death bracket >= 1
ncei-10453,2019-10-16T11:37:06Z,minute,6.712,125.005,point,PHILIPPINES:  MINDANAO:  COTABATO; DAVAO,earthquake,>=1,ncei-deaths,NCEI/WDS id 10453; Mw 6.4; death bracket >= 1
ncei-10454,2019-10-29T01:04:44Z,minute,6.802,125.04,point,PHILIPPINES:  MINDANAO:  COTABATO; DAVAO,earthquake,>=10,ncei-deaths,NCEI/WDS id 10454; Mw 6.6; death bracket >= 10
ncei-10455,2019-10-31T01:11:19Z,minute,6.91,125.156,point,PHILIPPINES:  COTABATO; SULTAN KUDARAT,earthquake,>=1,ncei-deaths,NCEI/WDS id 10455; Mw 6.5; death bracket >= 1
ncei-10456,2019-11-07T22:47:05Z,minute,37.808,47.558,point,IRAN: MIYANEH,earthquake,>=1,ncei-deaths,NCEI/WDS id 10456; Mw n/a; death bracket >= 1
ncei-10457,2019-11-14T16:17:40Z,minute,1.6,126.416,point,INDONESIA:  MOLUCCA ISLANDS:  N,earthquake,>=1,ncei-deaths,NCEI/WDS id 10457; Mw 7.1; death bracket >= 1
ncei-10458,2019-11-12T10:10:44Z,minute,-3.61,128.299,point,INDONESIA:  MALUKU:  AMBON,earthquake,>=1,ncei-deaths,NCEI/WDS id 10458; Mw 5; death bracket >= 1
ncei-10460,2019-11-25T01:18:21Z,minute,22.96,106.711,point,CHINA:  GUANGXI PROVINCE,earthquake,>=1,ncei-deaths,NCEI/WDS id 10460; Mw 5; death bracket >= 1
ncei-10461,2019-11-26T02:54:12Z,minute,41.521,19.559,point,ALBANIA:  DURRES; THUMANE; TIRANA,earthquake,>=10,ncei-deaths,NCEI/WDS id 10461; Mw 6.4; death bracket >= 10
ncei-10462,2019-12-15T06:11:52Z,minute,6.708,125.188,point,PHILIPPINES:  MINDANAO:  DAVAO,earthquake,>=10,ncei-deaths,NCEI/WDS id 10462; Mw 6.8; death bracket >= 10
ncei-10464,1885-07-14T00:00:00Z,day,24.8,89.5,region,BANGLADESH:,earthquake,>=10,ncei-deaths,NCEI/WDS id 10464; Mw 6.9; death bracket >= 10
ncei-10465,1923-09-09T22:03:46Z,minute,24.969,90.752,point,BANGLADESH:  MYMENSINGH,earthquake,>=10,ncei-deaths,NCEI/WDS id 10465; Mw 6.9; death bracket >= 10
ncei-10467,2020-01-07T08:24:27Z,minute,17.958,-66.811,point,PUERTO RICO:  PONCE;SAN JUAN,earthquake,>=1,ncei-deaths,NCEI/WDS id 10467; Mw 6.4; death bracket >= 1
ncei-10472,1934-03-12T15:05:40Z,minute,41.7,-112.8,point,UTAH,earthquake,>=1,ncei-deaths,NCEI/WDS id 10472; Mw 6.6; death bracket >= 1
ncei-10474,2020-01-19T13:27:56Z,minute,39.835,77.108,point,CHINA:  XINJIANG PROVINCE,earthquake,>=1,ncei-deaths,NCEI/WDS id 10474; Mw 6; death bracket >= 1
ncei-10475,2020-01-24T17:55:14Z,minute,38.431,39.061,point,TURKEY:  ELAZIG AND MALATYA PROVINCES,earthquake,>=10,ncei-deaths,NCEI/WDS id 10475; Mw 6.7; death bracket >= 10
ncei-10478,2019-05-30T09:03:32Z,minute,13.199,-89.306,point,EL SALVADOR:  SAN SALVADOR,earthquake,>=1,ncei-deaths,NCEI/WDS id 10478; Mw 6.6; death bracket >= 1
ncei-10479,2019-01-26T12:33:23Z,minute,3.035,-75.738,point,COLOMBIA:  CAUCA; HUILA,earthquake,>=1,ncei-deaths,NCEI/WDS id 10479; Mw 5.6; death bracket >= 1
ncei-10480,2020-02-23T16:00:31Z,minute,38.482,44.367,point,TURKEY: VAN;  IRAN,earthquake,>=10,ncei-deaths,NCEI/WDS id 10480; Mw 6; death bracket >= 10
ncei-10486,2020-03-22T05:24:03Z,minute,45.907,15.97,point,BALKANS NW:  CROATIA:  ZAGREB,earthquake,>=1,ncei-deaths,NCEI/WDS id 10486; Mw 5.3; death bracket >= 1
ncei-10491,2020-05-07T20:18:22Z,minute,35.742,52.051,point,IRAN:  TEHRAN; DAMAVAND,earthquake,>=1,ncei-deaths,NCEI/WDS id 10491; Mw 4.6; death bracket >= 1
ncei-10494,2020-05-18T13:48:03Z,minute,27.266,103.288,point,CHINA:   YUNNAN PROVINCE:  QIAOJIA,earthquake,>=1,ncei-deaths,NCEI/WDS id 10494; Mw 5.1; death bracket >= 1
ncei-10500,1806-06-11T00:00:00Z,day,28.5,92,region,CHINA:  TIBET (XIZANG PROVINCE):  SHANNAN (LHOKA),earthquake,>=100,ncei-deaths,NCEI/WDS id 10500; Mw 7.7; death bracket >= 100
ncei-10503,2020-06-07T05:27:22Z,minute,-9.547,-78.676,point,PERU:  COAST:  CHIMBOTE,earthquake,>=1,ncei-deaths,NCEI/WDS id 10503; Mw 4.5; death bracket >= 1
ncei-10504,2020-06-14T14:24:29Z,minute,39.423,40.707,point,TURKEY:  BINGOL,earthquake,>=1,ncei-deaths,NCEI/WDS id 10504; Mw 5.9; death bracket >= 1
ncei-10506,2020-06-23T15:29:04Z,minute,15.886,-96.008,point,MEXICO: OAXACA,earthquake,>=10,ncei-deaths,NCEI/WDS id 10506; Mw 7.4; death bracket >= 10
ncei-10510,2020-07-17T02:50:22Z,minute,-7.836,147.77,point,PAPUA NEW GUINEA:  MOROBE; ORO,earthquake,>=1,ncei-deaths,NCEI/WDS id 10510; Mw 7; death bracket >= 1
ncei-10515,2020-08-18T00:03:48Z,minute,12.026,124.127,point,PHILIPPINES:  MASBATE,earthquake,>=1,ncei-deaths,NCEI/WDS id 10515; Mw 6.6; death bracket >= 1
ncei-10521,2020-10-30T11:51:27Z,minute,37.897,26.784,point,GREECE:  SAMOS; TURKEY:  IZMIR,earthquake,>=100,ncei-deaths,NCEI/WDS id 10521; Mw 7; death bracket >= 100
ncei-10523,2020-12-29T11:19:54Z,minute,45.424,16.257,point,BALKANS NW:  CROATIA:  PETRINJA,earthquake,>=1,ncei-deaths,NCEI/WDS id 10523; Mw 6.4; death bracket >= 1
ncei-10524,2021-01-14T18:28:18Z,minute,-2.976,118.901,point,INDONESIA:  SULAWESI:  MAMUJU; MAJENE,earthquake,>=100,ncei-deaths,NCEI/WDS id 10524; Mw 6.2; death bracket >= 100
ncei-10528,2021-02-12T17:01:34Z,minute,38.132,73.569,point,PAKISTAN: HARIPUR; TAJIKISTAN,earthquake,>=1,ncei-deaths,NCEI/WDS id 10528; Mw 5.9; death bracket >= 1
ncei-10529,2021-02-13T14:07:50Z,minute,37.745,141.749,point,JAPAN:  OFF FUKUSHIMA,earthquake,>=1,ncei-deaths,NCEI/WDS id 10529; Mw 7.1; death bracket >= 1
ncei-10531,2021-03-01T22:57:40Z,minute,6.239,-76.098,point,COLOMBIA: MEDELLIN; BETULIA,earthquake,>=1,ncei-deaths,NCEI/WDS id 10531; Mw 5.1; death bracket >= 1
ncei-10538,2021-03-23T21:14:18Z,minute,41.812,81.155,point,CHINA: XINGJIANG: AKSU,earthquake,>=1,ncei-deaths,NCEI/WDS id 10538; Mw 5.4; death bracket >= 1
ncei-10539,2021-04-10T07:00:17Z,minute,-8.562,112.519,point,INDONESIA: JAVA: LUMAJANG; MALANG,earthquake,>=10,ncei-deaths,NCEI/WDS id 10539; Mw 6; death bracket >= 10
ncei-10542,2021-04-28T02:21:26Z,minute,26.782,92.436,point,INDIA:  ASSAM,earthquake,>=1,ncei-deaths,NCEI/WDS id 10542; Mw 6; death bracket >= 1
ncei-10544,2021-05-21T13:48:37Z,minute,25.761,100.011,point,CHINA: YUNNAN PROVINCE: YANGBI; YONGPING,earthquake,>=1,ncei-deaths,NCEI/WDS id 10544; Mw 6.1; death bracket >= 1
ncei-10548,1755-12-21T00:00:00Z,day,37,-10,region,PORTUGAL:  LISBON,earthquake,>=100,ncei-deaths,NCEI/WDS id 10548; Mw n/a; death bracket >= 100
ncei-10550,2021-06-10T08:54:17Z,minute,-3.086,28.259,point,CONGO: SOUTH KIVU,earthquake,>=1,ncei-deaths,NCEI/WDS id 10550; Mw 5; death bracket >= 1
ncei-10552,1978-11-04T15:22:19Z,minute,37.684,48.996,point,IRAN:  RASHT; SIAHBIL,earthquake,>=10,ncei-deaths,NCEI/WDS id 10552; Mw 6.3; death bracket >= 10
ncei-10553,2021-06-23T02:54:18Z,minute,-12.687,-76.721,point,PERU: CANETE: MALA,earthquake,>=1,ncei-deaths,NCEI/WDS id 10553; Mw 5.8; death bracket >= 1
ncei-10557,2021-07-10T02:14:43Z,minute,38.959,70.572,point,TAJIKISTAN: RASHT; TOJIKOBOD,earthquake,>=1,ncei-deaths,NCEI/WDS id 10557; Mw 5.8; death bracket >= 1
ncei-10561,2021-08-11T17:46:14Z,minute,6.455,126.742,point,PHILIPPINES:  MINDANAO,earthquake,>=1,ncei-deaths,NCEI/WDS id 10561; Mw 7.1; death bracket >= 1
ncei-10563,2021-08-14T12:29:08Z,minute,18.408,-73.475,point,HAITI,earthquake,>=1000,ncei-deaths,NCEI/WDS id 10563; Mw 7.2; death bracket >= 1000
ncei-10565,1994-09-16T06:20:18Z,minute,22.528,118.711,point,TAIWAN REGION,earthquake,>=1,ncei-deaths,NCEI/WDS id 10565; Mw 6.7; death bracket >= 1
ncei-10567,2021-08-26T02:14:22Z,minute,-0.854,121.523,point,INDONESIA: CENTRAL SULAWESI: TOJO UNA-UNA,earthquake,>=1,ncei-deaths,NCEI/WDS id 10567; Mw 5.5; death bracket >= 1
ncei-10572,2021-09-08T01:47:47Z,minute,16.982,-99.773,point,MEXICO:  GUERRERO,earthquake,>=1,ncei-deaths,NCEI/WDS id 10572; Mw 7; death bracket >= 1
ncei-10574,1981-07-23T00:05:30Z,minute,37.141,45.23,point,IRAN:  URUMIYEH,earthquake,>=10,ncei-deaths,NCEI/WDS id 10574; Mw 5.8; death bracket >= 10
ncei-10575,2021-09-15T20:33:32Z,minute,29.182,105.391,point,CHINA: SICHUAN PROVINCE: LUXIAN (LU),earthquake,>=1,ncei-deaths,NCEI/WDS id 10575; Mw 5.4; death bracket >= 1
ncei-10577,2021-09-27T06:17:22Z,minute,35.252,25.26,point,GREECE:  CRETE,earthquake,>=1,ncei-deaths,NCEI/WDS id 10577; Mw 6; death bracket >= 1
ncei-10582,2021-10-06T22:01:08Z,minute,30.22,68.014,point,PAKISTAN: BALOCHISTAN PROVINCE,earthquake,>=10,ncei-deaths,NCEI/WDS id 10582; Mw 5.9; death bracket >= 10
ncei-10584,2018-09-28T06:59:59Z,minute,-0.401,119.771,point,INDONESIA:  SULAWESI,earthquake,>=1,ncei-deaths,NCEI/WDS id 10584; Mw 6.1; death bracket >= 1
ncei-10585,2021-10-15T20:18:21Z,minute,-8.356,115.458,point,INDONESIA:  BALI: KARANGASEM; BANGLI,earthquake,>=1,ncei-deaths,NCEI/WDS id 10585; Mw 5.1; death bracket >= 1
ncei-10589,2021-11-14T12:08:38Z,minute,27.736,56.077,point,IRAN:  HORMOZGAN PROVINCE,earthquake,>=1,ncei-deaths,NCEI/WDS id 10589; Mw 6.3; death bracket >= 1
ncei-10594,2021-05-21T18:04:13Z,minute,34.598,98.251,point,CHINA: QINGHAI PROVINCE,earthquake,>=10,ncei-deaths,NCEI/WDS id 10594; Mw 7.3; death bracket >= 10
ncei-10595,2021-02-17T18:35:35Z,minute,30.839,51.365,point,IRAN: ESFAHAN; KOHGILUYEH; BOYER-AHMAD,earthquake,>=1,ncei-deaths,NCEI/WDS id 10595; Mw 5.4; death bracket >= 1
ncei-10599,2022-01-17T11:40:06Z,minute,34.929,63.621,point,AFGHANISTAN: BADGHIS: QADIS,earthquake,>=10,ncei-deaths,NCEI/WDS id 10599; Mw 5.3; death bracket >= 10
ncei-10600,2022-01-24T13:16:23Z,minute,18.458,-73.339,point,HAITI: NIPPES,earthquake,>=1,ncei-deaths,NCEI/WDS id 10600; Mw 5.3; death bracket >= 1
ncei-10602,2022-02-16T07:12:22Z,minute,14.148,-91.398,point,GUATEMALA: BAJA VERAPAZ; GUATEMALA; QUEZALTENANGO,earthquake,>=1,ncei-deaths,NCEI/WDS id 10602; Mw 6.2; death bracket >= 1
ncei-10603,2022-02-25T01:39:26Z,minute,0.219,100.101,point,INDONESIA: W SUMATRA: PASAMAN; WEST PASAMAN,earthquake,>=10,ncei-deaths,NCEI/WDS id 10603; Mw 6.1; death bracket >= 10
ncei-10605,2022-03-16T14:36:31Z,minute,37.713,141.579,point,JAPAN:  OFF FUKUSHIMA,earthquake,>=1,ncei-deaths,NCEI/WDS id 10605; Mw 7.3; death bracket >= 1
ncei-10609,2022-03-27T04:28:12Z,minute,0.904,-79.611,point,ECUADOR:  ESMERALDAS,earthquake,>=1,ncei-deaths,NCEI/WDS id 10609; Mw 5.8; death bracket >= 1
ncei-10610,2016-05-17T17:05:17Z,minute,26.085,99.575,point,CHINA: YUNNAN PROVINCE: SHIMEN,earthquake,>=1,ncei-deaths,NCEI/WDS id 10610; Mw 4.8; death bracket >= 1
ncei-10611,2022-04-22T21:07:48Z,minute,43.074,18.18,point,BALKANS NW: BOSNIA-HERZEGOVINA: MOSTAR; STOLAC,earthquake,>=1,ncei-deaths,NCEI/WDS id 10611; Mw 5.7; death bracket >= 1
ncei-10612,2022-04-23T01:39:41Z,minute,50.04,18.59,point,POLAND:  SILESIAN:  JASTRZEBIE-ZDROJ,earthquake,>=10,ncei-deaths,NCEI/WDS id 10612; Mw 2.8; death bracket >= 10
ncei-10617,2022-05-12T21:55:48Z,minute,-12.378,-76.87,point,PERU: LIMA; CALLAO; CHILCA,earthquake,>=1,ncei-deaths,NCEI/WDS id 10617; Mw 5.4; death bracket >= 1
ncei-10620,1916-08-16T07:06:22Z,minute,44.035,13.009,point,ITALY:  RIMINI,earthquake,>=1,ncei-deaths,NCEI/WDS id 10620; Mw 6; death bracket >= 1
ncei-10627,2022-06-01T09:00:08Z,minute,30.395,102.958,point,CHINA: SICHUAN PROVINCE,earthquake,>=1,ncei-deaths,NCEI/WDS id 10627; Mw 5.8; death bracket >= 1
ncei-10633,2022-06-21T20:54:34Z,minute,33.092,69.514,point,AFGHANISTAN: PAKTIKA PROVINCE; PAKISTAN,earthquake,>=1000,ncei-deaths,NCEI/WDS id 10633; Mw 6; death bracket >= 1000
ncei-10635,2022-07-01T21:32:08Z,minute,26.906,55.239,point,IRAN:  HORMOZGAN PROVINCE,earthquake,>=1,ncei-deaths,NCEI/WDS id 10635; Mw 6; death bracket >= 1
ncei-10636,2022-07-05T08:47:25Z,minute,53.807,88.093,point,RUSSIA:  KEMEROVO,earthquake,>=1,ncei-deaths,NCEI/WDS id 10636; Mw 4.3; death bracket >= 1
ncei-10638,2022-07-14T22:30:11Z,minute,-2.037,-79.79,point,ECUADOR: GUAYAS,earthquake,>=1,ncei-deaths,NCEI/WDS id 10638; Mw 5.7; death bracket >= 1
ncei-10640,2022-07-27T00:43:26Z,minute,17.521,120.818,point,PHILIPPINES: LUZON: ABRA,earthquake,>=10,ncei-deaths,NCEI/WDS id 10640; Mw 7; death bracket >= 10
ncei-10641,2022-09-04T21:57:35Z,minute,34.664,70.712,point,AFGHANISTAN: KUNAR; LAGHMAN; NANGARHAR,earthquake,>=1,ncei-deaths,NCEI/WDS id 10641; Mw 5.1; death bracket >= 1
ncei-10642,2022-09-05T04:52:19Z,minute,29.726,102.279,point,CHINA:  SICHUAN PROVINCE,earthquake,>=100,ncei-deaths,NCEI/WDS id 10642; Mw 6.6; death bracket >= 100
ncei-10643,2022-09-10T23:47:00Z,minute,-6.294,146.504,point,PAPUA NEW GUINEA: MOROBE; EASTERN HIGHLANDS,earthquake,>=10,ncei-deaths,NCEI/WDS id 10643; Mw 7.6; death bracket >= 10
ncei-10645,2022-09-19T18:05:08Z,minute,18.455,-102.956,point,MEXICO:  MICHOACAN; COLIMA; JALISCO,earthquake,>=1,ncei-deaths,NCEI/WDS id 10645; Mw 7.6; death bracket >= 1
ncei-10646,2022-09-18T06:44:13Z,minute,23.138,121.344,point,TAIWAN:  HUALIEN,earthquake,>=1,ncei-deaths,NCEI/WDS id 10646; Mw 6.9; death bracket >= 1
ncei-10647,2022-09-22T06:16:09Z,minute,18.263,-102.955,point,MEXICO: MEXICO CITY; MICHOACAN,earthquake,>=1,ncei-deaths,NCEI/WDS id 10647; Mw 6.8; death bracket >= 1
ncei-10648,2022-09-30T19:28:40Z,minute,2.128,98.9,point,INDONESIA:  SUMATRA,earthquake,>=1,ncei-deaths,NCEI/WDS id 10648; Mw 5.9; death bracket >= 1
ncei-10650,2022-10-05T08:26:19Z,minute,-4.855,-80.6,point,PERU:  PIURA,earthquake,>=1,ncei-deaths,NCEI/WDS id 10650; Mw 5.8; death bracket >= 1
ncei-10652,2022-11-08T20:27:22Z,minute,29.292,81.159,point,NEPAL:  SUDURPASHCHIM PROVINCE,earthquake,>=1,ncei-deaths,NCEI/WDS id 10652; Mw 5.7; death bracket >= 1
ncei-10654,2022-11-21T06:21:07Z,minute,-6.836,106.997,point,INDONESIA: W JAVA: CIANJUR,earthquake,>=100,ncei-deaths,NCEI/WDS id 10654; Mw 5.6; death bracket >= 100
ncei-10657,2022-12-20T10:34:24Z,minute,40.525,-124.423,point,CALIFORNIA:  HUMBOLDT COUNTY,earthquake,>=1,ncei-deaths,NCEI/WDS id 10657; Mw 6.4; death bracket >= 1
ncei-10658,2023-01-09T17:47:35Z,minute,-7.049,130.038,point,INDONESIA:  BANDA SEA,earthquake,>=1,ncei-deaths,NCEI/WDS id 10658; Mw 7.6; death bracket >= 1
ncei-10659,2023-01-24T08:58:32Z,minute,29.597,81.652,point,INDIA: UTTAR PRADESH; NEPAL: SUDURPASHCHIM PROVINCE,earthquake,>=1,ncei-deaths,NCEI/WDS id 10659; Mw 5.6; death bracket >= 1
ncei-10661,2023-01-28T18:14:45Z,minute,38.424,44.909,point,IRAN:  KHVOY (KHOY),earthquake,>=1,ncei-deaths,NCEI/WDS id 10661; Mw 5.9; death bracket >= 1
ncei-10662,2023-02-06T01:17:35Z,minute,37.166,37.042,point,TURKEY: KAHRAMANMARAS; SYRIA,earthquake,>=10000,ncei-deaths,NCEI/WDS id 10662; Mw 7.8; death bracket >= 10000
ncei-10664,2023-02-09T06:28:00Z,minute,-2.635,140.557,point,INDONESIA: NEW GUINEA: IRIAN JAYA: JAYAPURA,earthquake,>=1,ncei-deaths,NCEI/WDS id 10664; Mw 5.1; death bracket >= 1
ncei-10665,2023-02-20T17:04:29Z,minute,36.109,36.017,point,TURKEY; SYRIA,earthquake,>=1,ncei-deaths,NCEI/WDS id 10665; Mw 6.3; death bracket >= 1
ncei-10667,2023-02-27T09:04:51Z,minute,38.229,38.283,point,TURKEY: MALATYA;  SYRIA: NW,earthquake,>=1,ncei-deaths,NCEI/WDS id 10667; Mw 5.2; death bracket >= 1
ncei-10669,1922-01-27T06:50:40Z,minute,-22.17,-47.04,point,BRAZIL: SAO PAULO,earthquake,>=1,ncei-deaths,NCEI/WDS id 10669; Mw 5.1; death bracket >= 1
ncei-10673,2023-03-18T17:12:52Z,minute,-2.837,-79.844,point,ECUADOR: AZUAY; EL ORO; GUAYAS;  PERU: TUMBES,earthquake,>=10,ncei-deaths,NCEI/WDS id 10673; Mw 6.8; death bracket >= 10
ncei-10674,2023-03-21T16:47:23Z,minute,36.523,70.979,point,AFGHANISTAN: LAGHMAN;  PAKISTAN,earthquake,>=10,ncei-deaths,NCEI/WDS id 10674; Mw 6.5; death bracket >= 10
ncei-10675,2023-04-02T18:04:11Z,minute,-4.326,143.159,point,PAPUA NEW GUINEA: EAST SEPIK,earthquake,>=1,ncei-deaths,NCEI/WDS id 10675; Mw 7; death bracket >= 1
ncei-10679,1932-06-06T08:44:26Z,minute,40.729,-124.287,point,CALIFORNIA: EUREKA,earthquake,>=1,ncei-deaths,NCEI/WDS id 10679; Mw 6.5; death bracket >= 1
ncei-10680,1954-12-21T19:56:29Z,minute,40.846,-123.893,point,CALIFORNIA:  HUMBOLDT COUNTY,earthquake,>=1,ncei-deaths,NCEI/WDS id 10680; Mw 6.6; death bracket >= 1
ncei-10688,1719-03-06T00:00:00Z,day,37.13,-8.5,region,PORTUGAL: ALGARVE; SPAIN,earthquake,>=1,ncei-deaths,NCEI/WDS id 10688; Mw n/a; death bracket >= 1
ncei-10689,1806-10-27T12:30:00Z,minute,37.23,-3.73,region,SPAIN:  GRANADA,earthquake,>=10,ncei-deaths,NCEI/WDS id 10689; Mw 5.3; death bracket >= 10
ncei-10690,1807-06-06T00:00:00Z,day,38.7,-9.2,region,PORTUGAL:  LISBON,earthquake,>=10,ncei-deaths,NCEI/WDS id 10690; Mw n/a; death bracket >= 10
ncei-10691,1817-03-18T10:45:00Z,minute,42.3,-2.25,region,SPAIN: LA RIOJA,earthquake,>=1,ncei-deaths,NCEI/WDS id 10691; Mw 5.7; death bracket >= 1
ncei-10692,2023-05-05T05:42:04Z,minute,37.54,137.305,point,JAPAN: HONSHU: ISHIKAWA; TOYAMA,earthquake,>=1,ncei-deaths,NCEI/WDS id 10692; Mw 6.2; death bracket >= 1
ncei-10696,2023-06-06T09:11:23Z,minute,18.702,-74.235,point,HAITI,earthquake,>=1,ncei-deaths,NCEI/WDS id 10696; Mw 4.9; death bracket >= 1
ncei-10697,2023-06-07T09:53:50Z,minute,16.873,95.553,point,MYANMAR (BURMA): MAUBIN; AYEYARWADY,earthquake,>=1,ncei-deaths,NCEI/WDS id 10697; Mw 4.8; death bracket >= 1
ncei-10700,2023-06-30T12:57:42Z,minute,-8.674,110.041,point,INDONESIA: JAVA: YOGYAKARTA,earthquake,>=1,ncei-deaths,NCEI/WDS id 10700; Mw 5.8; death bracket >= 1
ncei-10704,2023-08-17T17:04:49Z,minute,4.418,-73.511,point,COLOMBIA: BOGOTA; BOYACA; CUNDINAMARCA; META;,earthquake,>=1,ncei-deaths,NCEI/WDS id 10704; Mw 6.3; death bracket >= 1
ncei-10705,2023-09-08T22:11:01Z,minute,31.073,-8.407,point,MOROCCO: MARRAKECH; SAFI,earthquake,>=1000,ncei-deaths,NCEI/WDS id 10705; Mw 6.8; death bracket >= 1000
ncei-10706,2023-10-03T09:21:04Z,minute,29.499,81.253,point,NEPAL:  DIPAYAL,earthquake,>=1,ncei-deaths,NCEI/WDS id 10706; Mw 5.7; death bracket >= 1
ncei-10708,2023-10-07T06:41:03Z,minute,34.61,61.924,point,AFGHANISTAN: HERAT,earthquake,>=1000,ncei-deaths,NCEI/WDS id 10708; Mw 6.3; death bracket >= 1000
ncei-10710,2023-10-11T00:41:56Z,minute,34.557,62.045,point,AFGHANISTAN: HERAT,earthquake,>=1,ncei-deaths,NCEI/WDS id 10710; Mw 6.3; death bracket >= 1
ncei-10712,2023-10-15T03:36:00Z,minute,34.609,62.112,point,AFGHANISTAN: HERAT,earthquake,>=1,ncei-deaths,NCEI/WDS id 10712; Mw 6.3; death bracket >= 1
ncei-10716,2023-11-03T18:02:54Z,minute,28.848,82.187,point,NEPAL:  JAJARKOT; RUKUM WEST,earthquake,>=100,ncei-deaths,NCEI/WDS id 10716; Mw 5.7; death bracket >= 100
ncei-10719,2023-11-17T08:14:13Z,minute,5.587,125.051,point,PHILIPPINES:  MINDANAO:  DAVAO,earthquake,>=10,ncei-deaths,NCEI/WDS id 10719; Mw 6.7; death bracket >= 10
ncei-10721,2023-12-02T14:37:03Z,minute,8.527,126.449,point,PHILIPPINES:  MINDANAO:  E,earthquake,>=1,ncei-deaths,NCEI/WDS id 10721; Mw 7.6; death bracket >= 1
ncei-10724,1940-12-24T13:43:45Z,minute,43.908,-71.283,point,NEW HAMPSHIRE; MAINE,earthquake,>=1,ncei-deaths,NCEI/WDS id 10724; Mw 5.6; death bracket >= 1
ncei-10726,2023-12-18T15:59:30Z,minute,35.743,102.827,point,CHINA:  GANSU PROVINCE: JISHISHAN,earthquake,>=100,ncei-deaths,NCEI/WDS id 10726; Mw 5.9; death bracket >= 100
ncei-10727,2024-01-01T07:10:09Z,minute,37.487,137.271,point,JAPAN: HONSHU: ISHIKAWA,earthquake,>=100,ncei-deaths,NCEI/WDS id 10727; Mw 7.5; death bracket >= 100
ncei-10728,2024-01-22T18:09:04Z,minute,41.269,78.649,point,CHINA: XINJIANG PROVINCE;  KAZAKHSTAN,earthquake,>=1,ncei-deaths,NCEI/WDS id 10728; Mw 7; death bracket >= 1
ncei-10736,2024-03-23T20:22:04Z,minute,-4.139,143.159,point,PAPUA NEW GUINEA: EAST SEPIK,earthquake,>=1,ncei-deaths,NCEI/WDS id 10736; Mw 6.9; death bracket >= 1
ncei-10737,2024-04-02T23:58:12Z,minute,23.836,121.598,point,TAIWAN:  HUA-LIEN,earthquake,>=10,ncei-deaths,NCEI/WDS id 10737; Mw 7.4; death bracket >= 10
ncei-10740,2024-06-18T09:54:49Z,minute,35.261,58.458,point,IRAN: KASHMAR,earthquake,>=1,ncei-deaths,NCEI/WDS id 10740; Mw 4.9; death bracket >= 1
ncei-10742,2024-07-19T01:50:47Z,minute,-23.047,-67.782,point,CHILE:  NORTHERN,earthquake,>=1,ncei-deaths,NCEI/WDS id 10742; Mw 7.4; death bracket >= 1
ncei-10755,1754-09-02T21:45:00Z,minute,40.8,29.2,region,TURKEY:  IZMIT,earthquake,>=1000,ncei-deaths,NCEI/WDS id 10755; Mw 6.8; death bracket >= 1000
ncei-10757,2024-09-18T02:41:06Z,minute,-7.242,107.566,point,INDONESIA: JAVA: BANDUNG,earthquake,>=1,ncei-deaths,NCEI/WDS id 10757; Mw 5; death bracket >= 1
ncei-10763,2024-12-17T01:47:26Z,minute,-17.686,168.034,point,VANUATU ISLANDS:  EFATE; PORT VILA,earthquake,>=10,ncei-deaths,NCEI/WDS id 10763; Mw 7.3; death bracket >= 10
ncei-10765,2025-01-07T01:05:16Z,minute,28.639,87.361,point,CHINA:  TIBET (XIZANG PROVINCE),earthquake,>=100,ncei-deaths,NCEI/WDS id 10765; Mw 7.1; death bracket >= 100
ncei-10792,1729-07-08T00:00:00Z,day,37.851,20.808,region,GREECE:  ZAKYNTHOS,earthquake,>=1,ncei-deaths,NCEI/WDS id 10792; Mw 6.3; death bracket >= 1
ncei-10798,2025-03-17T22:23:37Z,minute,1.898,99.135,point,INDONESIA: N SUMATERA: TAPANULI,earthquake,>=1,ncei-deaths,NCEI/WDS id 10798; Mw 5.4; death bracket >= 1
ncei-10799,2025-01-04T00:52:21Z,minute,9.459,40.122,point,ETHIOPIA: AFAR; OROMIA; AMAHARA,earthquake,>=1,ncei-deaths,NCEI/WDS id 10799; Mw 5.7; death bracket >= 1
ncei-10801,2024-01-19T11:26:03Z,minute,4.743,-75.848,point,COLOMBIA: VALLE DEL CAUCA,earthquake,>=1,ncei-deaths,NCEI/WDS id 10801; Mw 5.6; death bracket >= 1
ncei-10802,2024-01-13T23:17:52Z,minute,40.983,19.769,point,ALBANIA: LUSHNJE,earthquake,>=1,ncei-deaths,NCEI/WDS id 10802; Mw 4.5; death bracket >= 1
ncei-10804,2024-03-04T18:38:56Z,minute,39.97,27.446,point,TURKEY:  BURSA,earthquake,>=1,ncei-deaths,NCEI/WDS id 10804; Mw 4.3; death bracket >= 1
ncei-10808,2024-04-27T16:29:50Z,minute,-8.005,107.28,point,INDONESIA: JAVA: BANDUNG,earthquake,>=1,ncei-deaths,NCEI/WDS id 10808; Mw 6.1; death bracket >= 1
ncei-10812,2024-07-11T06:16:08Z,minute,50.148,18.471,point,POLAND: RYBNIK,earthquake,>=1,ncei-deaths,NCEI/WDS id 10812; Mw 2.9; death bracket >= 1
ncei-10815,2025-03-28T06:20:52Z,minute,22.011,95.936,point,MYANMAR (BURMA); THAILAND,earthquake,>=1000,ncei-deaths,NCEI/WDS id 10815; Mw 7.7; death bracket >= 1000
ncei-10817,2024-08-12T20:55:59Z,minute,35.121,37.015,point,SYRIA; LEBANON,earthquake,>=1,ncei-deaths,NCEI/WDS id 10817; Mw 5.2; death bracket >= 1
ncei-10819,2024-09-07T01:51:40Z,minute,-8.437,115.337,point,INDONESIA:  BALI,earthquake,>=1,ncei-deaths,NCEI/WDS id 10819; Mw 4.9; death bracket >= 1
ncei-10828,2025-04-13T04:24:01Z,minute,39.014,70.663,point,TAJIKISTAN:  RASHT,earthquake,>=1,ncei-deaths,NCEI/WDS id 10828; Mw 5.8; death bracket >= 1
ncei-10852,1935-04-27T19:04:14Z,minute,37.175,-25.812,point,AZORES:  SAO MIGUEL ISLAND,earthquake,>=1,ncei-deaths,NCEI/WDS id 10852; Mw 5.4; death bracket >= 1
ncei-10858,1866-05-12T00:00:00Z,day,40.38,30.8,region,TURKEY:  GOYNUK,earthquake,>=100,ncei-deaths,NCEI/WDS id 10858; Mw 7.2; death bracket >= 100
ncei-10861,1921-04-12T09:36:04Z,minute,36.826,100.953,point,CHINA: NINGXIA,earthquake,>=10000,ncei-deaths,NCEI/WDS id 10861; Mw 6.2; death bracket >= 10000
ncei-10862,2002-04-01T06:14:15Z,minute,-6.191,147.421,point,PAPUA NEW GUINEA: MOROBE,earthquake,>=10,ncei-deaths,NCEI/WDS id 10862; Mw 5.3; death bracket >= 10
ncei-10863,1952-10-28T04:29:59Z,minute,18.504,-73.797,point,HAITI: ANSE-A-VEAU,earthquake,>=1,ncei-deaths,NCEI/WDS id 10863; Mw 6.2; death bracket >= 1
ncei-10865,1997-05-21T23:50:43Z,minute,42.881,-7.193,point,SPAIN: GALICIA; PORTUGAL,earthquake,>=1,ncei-deaths,NCEI/WDS id 10865; Mw 5.4; death bracket >= 1
ncei-10874,1899-04-12T00:00:00Z,day,-28.65,-68.4,region,ARGENTINA: LA RIOJA,earthquake,>=10,ncei-deaths,NCEI/WDS id 10874; Mw n/a; death bracket >= 10
ncei-10875,1903-08-12T00:00:00Z,day,-32.1,-69.1,point,ARGENTINA:  MENDOZA,earthquake,>=1,ncei-deaths,NCEI/WDS id 10875; Mw 6; death bracket >= 1
ncei-10878,1929-05-30T09:43:26Z,minute,-34.858,-67.692,point,ARGENTINA:  MENDOZA,earthquake,>=10,ncei-deaths,NCEI/WDS id 10878; Mw 6.7; death bracket >= 10
ncei-10882,1952-06-11T00:31:43Z,minute,-31.672,-68.483,point,ARGENTINA:  SAN JUAN,earthquake,>=1,ncei-deaths,NCEI/WDS id 10882; Mw 6.8; death bracket >= 1
ncei-10888,2025-06-02T23:17:28Z,minute,36.747,28.232,point,TURKEY: FETHIYE,earthquake,>=1,ncei-deaths,NCEI/WDS id 10888; Mw 5.8; death bracket >= 1
ncei-10902,1909-07-23T00:00:00Z,day,-17.5,-66.5,point,BOLIVIA: COCHABAMBA,earthquake,>=10,ncei-deaths,NCEI/WDS id 10902; Mw n/a; death bracket >= 10
ncei-10907,1948-03-28T01:32:05Z,minute,-19,-65,point,BOLIVIA: SUCRE,earthquake,>=1,ncei-deaths,NCEI/WDS id 10907; Mw n/a; death bracket >= 1
ncei-10908,1970-03-06T20:06:52Z,minute,-19.2,-66.1,point,BOLIVIA: POTOSI,earthquake,>=1,ncei-deaths,NCEI/WDS id 10908; Mw 4.6; death bracket >= 1
ncei-10911,2025-06-15T16:35:30Z,minute,-12.147,-77.315,point,PERU:  LIMA; CALLAO,earthquake,>=1,ncei-deaths,NCEI/WDS id 10911; Mw 5.6; death bracket >= 1
ncei-10915,2025-07-08T21:41:30Z,minute,14.437,-90.661,point,GUATEMALA: GUATEMALA CITY; ESCUINTLA; SACATEPEQUEZ,earthquake,>=1,ncei-deaths,NCEI/WDS id 10915; Mw 5.7; death bracket >= 1
ncei-10917,1968-02-23T13:23:00Z,minute,-6.09,-38.44,point,BRAZIL: PEREIRO,earthquake,>=1,ncei-deaths,NCEI/WDS id 10917; Mw 4.6; death bracket >= 1
ncei-10924,2025-08-10T16:53:47Z,minute,39.312,28.069,point,TURKEY: BALIKESIR,earthquake,>=1,ncei-deaths,NCEI/WDS id 10924; Mw 6.1; death bracket >= 1
ncei-10925,2025-07-29T21:25:23Z,minute,14.055,-89.883,point,EL SALVADOR-GUATEMALA,earthquake,>=1,ncei-deaths,NCEI/WDS id 10925; Mw 5.7; death bracket >= 1
ncei-10926,2025-08-16T22:38:52Z,minute,-1.282,120.727,point,INDONESIA:  SULAWESI:  POSO,earthquake,>=1,ncei-deaths,NCEI/WDS id 10926; Mw 5.8; death bracket >= 1
ncei-10930,2025-08-31T19:17:34Z,minute,34.706,70.793,point,AFGHANISTAN: KUNAR; NANGARHAR,earthquake,>=1000,ncei-deaths,NCEI/WDS id 10930; Mw 6; death bracket >= 1000
ncei-10937,2025-09-30T13:59:43Z,minute,11.151,124.138,point,PHILIPPINES: CEBU; CENTRAL VISAYAS,earthquake,>=10,ncei-deaths,NCEI/WDS id 10937; Mw 6.9; death bracket >= 10
ncei-10938,2025-10-10T01:43:59Z,minute,7.287,126.69,point,PHILIPPINES:  MINDANAO,earthquake,>=10,ncei-deaths,NCEI/WDS id 10938; Mw 7.4; death bracket >= 10
ncei-10941,2025-11-02T20:29:02Z,minute,36.589,67.484,point,AFGHANISTAN:  NORTHERN,earthquake,>=10,ncei-deaths,NCEI/WDS id 10941; Mw 6.3; death bracket >= 10
ncei-10943,2025-11-21T04:38:28Z,minute,23.808,90.649,point,BANGLADESH: DHAKA; NARSINGDI,earthquake,>=10,ncei-deaths,NCEI/WDS id 10943; Mw 5.4; death bracket >= 10
ncei-10953,2025-10-11T16:18:25Z,minute,13.806,39.882,point,ETHIOPIA:  BERAHILE,earthquake,>=1,ncei-deaths,NCEI/WDS id 10953; Mw 5.6; death bracket >= 1
ncei-10969,2022-01-11T01:07:48Z,minute,35.227,31.944,point,CYPRUS: PAPHOS;  EGYPT: DAMIETTA,earthquake,>=1,ncei-deaths,NCEI/WDS id 10969; Mw 6.6; death bracket >= 1
ncei-10972,2025-12-27T15:05:55Z,minute,24.684,122.035,point,TAIWAN: WUGU,earthquake,>=1,ncei-deaths,NCEI/WDS id 10972; Mw 6.6; death bracket >= 1
ncei-10974,2022-05-24T07:11:22Z,minute,36.13,70.288,point,AFGHANISTAN: TAKHAR,earthquake,>=1,ncei-deaths,NCEI/WDS id 10974; Mw 4.9; death bracket >= 1
ncei-10978,2012-03-18T02:56:13Z,minute,23.662,90.259,point,BANGLADESH:  DHAKA,earthquake,>=10,ncei-deaths,NCEI/WDS id 10978; Mw 4.5; death bracket >= 10
ncei-10984,1980-02-20T02:34:02Z,minute,39.303,16.209,point,ITALY:  CALABRIA;COSENZA,earthquake,>=1,ncei-deaths,NCEI/WDS id 10984; Mw 4.6; death bracket >= 1
ncei-10986,2022-11-04T00:29:21Z,minute,38.339,27.207,point,TURKEY:  IZMIR,earthquake,>=1,ncei-deaths,NCEI/WDS id 10986; Mw 4.8; death bracket >= 1
ncei-10987,2022-11-23T01:08:15Z,minute,40.836,30.983,point,TURKEY:  DUZCE,earthquake,>=1,ncei-deaths,NCEI/WDS id 10987; Mw 6.1; death bracket >= 1
ncei-10999,1828-10-09T02:20:00Z,minute,44.821,9.047,region,ITALY:  PAVIA,earthquake,>=10,ncei-deaths,NCEI/WDS id 10999; Mw 5.7; death bracket >= 10
ncei-11007,1735-04-10T00:00:00Z,day,35.2,33.4,region,CYPRUS: NICOSIA,earthquake,>=100,ncei-deaths,NCEI/WDS id 11007; Mw n/a; death bracket >= 100
